date,standard_index_loglogistic
1981-01-30,1.1526
1981-01-31,1.1813
1981-02-01,1.2097
1981-02-02,1.2178
1981-02-03,1.2283
1981-02-04,1.2314
1981-02-05,1.2474
1981-02-06,1.2358
1981-02-07,1.217
1981-02-08,1.211
1981-02-09,1.2382
1981-02-10,1.2356
1981-02-11,1.2532
1981-02-12,1.221
1981-02-13,1.2194
1981-02-14,1.247
1981-02-15,1.236
1981-02-16,1.2017
1981-02-17,1.204
1981-02-18,1.2025
1981-02-19,1.1969
1981-02-20,1.1655
1981-02-21,0.968
1981-02-22,0.6975
1981-02-23,0.6509
1981-02-24,0.7153
1981-02-25,0.6188
1981-02-26,0.1805
1981-02-27,-0.3502
1981-02-28,-0.8091
1981-03-01,-0.9201
1981-03-02,-0.9153
1981-03-03,-0.9374
1981-03-04,-0.7137
1981-03-05,-0.4582
1981-03-06,-0.4799
1981-03-07,-0.4836
1981-03-08,-0.4665
1981-03-09,-0.4153
1981-03-10,-0.4307
1981-03-11,-0.4806
1981-03-12,-0.4217
1981-03-13,-0.4272
1981-03-14,-0.4243
1981-03-15,-0.2761
1981-03-16,-0.126
1981-03-17,-0.087
1981-03-18,0.1969
1981-03-19,0.6296
1981-03-20,0.9157
1981-03-21,1.0014
1981-03-22,1.0036
1981-03-23,0.9685
1981-03-24,0.9231
1981-03-25,1.004
1981-03-26,1.0383
1981-03-27,0.9734
1981-03-28,0.96
1981-03-29,0.9795
1981-03-30,0.9889
1981-03-31,0.9669
1981-04-01,0.9595
1981-04-02,0.9829
1981-04-03,0.8115
1981-04-04,0.6394
1981-04-05,0.6526
1981-04-06,0.6335
1981-04-07,0.6191
1981-04-08,0.6046
1981-04-09,0.618
1981-04-10,0.6608
1981-04-11,0.6406
1981-04-12,0.6399
1981-04-13,0.6517
1981-04-14,0.5354
1981-04-15,0.374
1981-04-16,0.3717
1981-04-17,0.188
1981-04-18,0.1109
1981-04-19,0.2982
1981-04-20,0.2464
1981-04-21,0.27
1981-04-22,0.3139
1981-04-23,0.3512
1981-04-24,0.0657
1981-04-25,-0.1844
1981-04-26,-0.1314
1981-04-27,-0.1611
1981-04-28,-0.2061
1981-04-29,-0.2517
1981-04-30,-0.3048
1981-05-01,-0.3601
1981-05-02,-0.3617
1981-05-03,-0.4076
1981-05-04,-0.3828
1981-05-05,-0.2586
1981-05-06,-0.1777
1981-05-07,-0.1086
1981-05-08,-0.0714
1981-05-09,-0.0306
1981-05-10,-0.0308
1981-05-11,0.0068
1981-05-12,0.0326
1981-05-13,0.056
1981-05-14,0.0928
1981-05-15,0.0692
1981-05-16,0.1371
1981-05-17,0.211
1981-05-18,-0.1035
1981-05-19,-0.5502
1981-05-20,-0.6027
1981-05-21,-0.5739
1981-05-22,-0.5297
1981-05-23,-0.4778
1981-05-24,-0.4841
1981-05-25,-0.4593
1981-05-26,-0.4681
1981-05-27,-0.5051
1981-05-28,-0.4831
1981-05-29,-0.4104
1981-05-30,-0.3134
1981-05-31,-0.2759
1981-06-01,-0.2871
1981-06-02,-0.2623
1981-06-03,-0.3003
1981-06-04,-0.3949
1981-06-05,-0.4678
1981-06-06,-0.4821
1981-06-07,-0.467
1981-06-08,-0.4307
1981-06-09,-0.3807
1981-06-10,-0.375
1981-06-11,-0.346
1981-06-12,-0.262
1981-06-13,-0.2274
1981-06-14,-0.2218
1981-06-15,-0.2489
1981-06-16,-0.3445
1981-06-17,-0.5266
1981-06-18,-1.3297
1981-06-19,-1.5375
1981-06-20,-1.7117
1981-06-21,-1.923
1981-06-22,-2.1244
1981-06-23,-2.3991
1981-06-24,-2.8723
1981-06-25,-3.3116
1981-06-26,-3.3114
1981-06-27,-3.1818
1981-06-28,-3.7128
1981-06-29,-3.7797
1981-06-30,-3.3372
1981-07-01,-2.9082
1981-07-02,-2.4358
1981-07-03,-2.3655
1981-07-04,-2.1593
1981-07-05,-2.0044
1981-07-06,-1.985
1981-07-07,-1.9514
1981-07-08,-1.9716
1981-07-09,-1.9829
1981-07-10,-1.9412
1981-07-11,-1.9317
1981-07-12,-1.9725
1981-07-13,-2.0384
1981-07-14,-2.0783
1981-07-15,-2.0347
1981-07-16,-1.9655
1981-07-17,-1.8884
1981-07-18,-1.85
1981-07-19,-1.8114
1981-07-20,-1.8081
1981-07-21,-1.7782
1981-07-22,-1.7478
1981-07-23,-1.7405
1981-07-24,-1.706
1981-07-25,-1.7175
1981-07-26,-1.6844
1981-07-27,-1.5907
1981-07-28,-1.5579
1981-07-29,-1.5659
1981-07-30,-1.5695
1981-07-31,-1.6259
1981-08-01,-1.6219
1981-08-02,-1.5723
1981-08-03,-1.4986
1981-08-04,-1.4961
1981-08-05,-1.5798
1981-08-06,-1.8151
1981-08-07,-1.8724
1981-08-08,-1.9081
1981-08-09,-1.9386
1981-08-10,-1.9438
1981-08-11,-1.9203
1981-08-12,-1.8323
1981-08-13,-1.6883
1981-08-14,-1.5665
1981-08-15,-1.5927
1981-08-16,-1.6713
1981-08-17,-1.6034
1981-08-18,-1.4324
1981-08-19,-1.2013
1981-08-20,-1.0236
1981-08-21,-0.9346
1981-08-22,-0.9053
1981-08-23,-0.7155
1981-08-24,-0.5847
1981-08-25,-0.57
1981-08-26,-0.6811
1981-08-27,-0.8087
1981-08-28,-0.9241
1981-08-29,-1.0299
1981-08-30,-1.0826
1981-08-31,-1.2349
1981-09-01,-1.398
1981-09-02,-1.5018
1981-09-03,-1.5456
1981-09-04,-1.4796
1981-09-05,-1.3167
1981-09-06,-1.1225
1981-09-07,-0.9149
1981-09-08,-0.8599
1981-09-09,-1.0652
1981-09-10,-1.3184
1981-09-11,-1.5588
1981-09-12,-1.7298
1981-09-13,-1.6616
1981-09-14,-1.6322
1981-09-15,-1.6821
1981-09-16,-1.5756
1981-09-17,-1.7045
1981-09-18,-1.9511
1981-09-19,-2.004
1981-09-20,-1.9683
1981-09-21,-1.8123
1981-09-22,-1.8319
1981-09-23,-1.8408
1981-09-24,-1.7711
1981-09-25,-1.5425
1981-09-26,-1.2511
1981-09-27,-0.9241
1981-09-28,-0.6812
1981-09-29,-0.5614
1981-09-30,-0.4701
1981-10-01,-0.3638
1981-10-02,-0.0989
1981-10-03,0.1556
1981-10-04,0.1057
1981-10-05,0.1304
1981-10-06,0.2097
1981-10-07,0.4242
1981-10-08,0.506
1981-10-09,0.519
1981-10-10,0.6152
1981-10-11,0.8519
1981-10-12,0.9427
1981-10-13,0.8848
1981-10-14,0.9045
1981-10-15,0.9166
1981-10-16,0.8867
1981-10-17,0.8905
1981-10-18,0.9072
1981-10-19,0.8614
1981-10-20,0.8495
1981-10-21,0.8379
1981-10-22,0.8237
1981-10-23,0.7035
1981-10-24,0.6298
1981-10-25,0.5667
1981-10-26,0.4814
1981-10-27,0.7822
1981-10-28,1.1133
1981-10-29,1.174
1981-10-30,1.1318
1981-10-31,1.109
1981-11-01,1.0481
1981-11-02,0.9752
1981-11-03,0.9855
1981-11-04,0.9899
1981-11-05,0.9919
1981-11-06,0.947
1981-11-07,0.8923
1981-11-08,0.7986
1981-11-09,0.6725
1981-11-10,0.3826
1981-11-11,0.2999
1981-11-12,0.5769
1981-11-13,1.0794
1981-11-14,1.3654
1981-11-15,1.4293
1981-11-16,1.4484
1981-11-17,1.5766
1981-11-18,1.5846
1981-11-19,1.5036
1981-11-20,1.4717
1981-11-21,1.4862
1981-11-22,1.6341
1981-11-23,1.6606
1981-11-24,1.7331
1981-11-25,1.7725
1981-11-26,1.678
1981-11-27,1.6031
1981-11-28,1.6437
1981-11-29,1.6289
1981-11-30,1.5535
1981-12-01,1.5089
1981-12-02,1.4361
1981-12-03,1.4074
1981-12-04,1.3832
1981-12-05,1.3336
1981-12-06,1.318
1981-12-07,1.3155
1981-12-08,1.3218
1981-12-09,1.3599
1981-12-10,1.4548
1981-12-11,1.3963
1981-12-12,1.264
1981-12-13,0.9345
1981-12-14,0.5982
1981-12-15,0.5128
1981-12-16,0.4294
1981-12-17,0.1107
1981-12-18,0.115
1981-12-19,0.3435
1981-12-20,0.4735
1981-12-21,0.3968
1981-12-22,0.035
1981-12-23,0.0391
1981-12-24,-0.0935
1981-12-25,-0.1408
1981-12-26,-0.1981
1981-12-27,-0.361
1981-12-28,-0.6004
1981-12-29,-0.4566
1981-12-30,-0.0357
1981-12-31,0.1348
1982-01-01,0.3923
1982-01-02,0.3718
1982-01-03,0.644
1982-01-04,0.9881
1982-01-05,1.0412
1982-01-06,1.0372
1982-01-07,1.0002
1982-01-08,0.9436
1982-01-09,0.9107
1982-01-10,0.9138
1982-01-11,0.9188
1982-01-12,0.8556
1982-01-13,0.8586
1982-01-14,0.9181
1982-01-15,0.9764
1982-01-16,0.976
1982-01-17,0.9361
1982-01-18,0.807
1982-01-19,0.8198
1982-01-20,0.9545
1982-01-21,1.0414
1982-01-22,0.9954
1982-01-23,0.9674
1982-01-24,0.9288
1982-01-25,0.9042
1982-01-26,0.8736
1982-01-27,0.9098
1982-01-28,0.8702
1982-01-29,0.6562
1982-01-30,0.5216
1982-01-31,0.3758
1982-02-01,0.4238
1982-02-02,0.1358
1982-02-03,-0.3498
1982-02-04,-0.418
1982-02-05,-0.3989
1982-02-06,-0.392
1982-02-07,-0.384
1982-02-08,-0.4413
1982-02-09,-0.4586
1982-02-10,-0.4998
1982-02-11,-0.5274
1982-02-12,-0.5946
1982-02-13,-0.6166
1982-02-14,-0.4229
1982-02-15,0.0836
1982-02-16,0.2911
1982-02-17,0.481
1982-02-18,0.335
1982-02-19,0.2256
1982-02-20,0.1166
1982-02-21,0.1515
1982-02-22,0.2014
1982-02-23,0.2269
1982-02-24,0.2148
1982-02-25,0.1868
1982-02-26,0.1628
1982-02-27,0.1396
1982-02-28,0.1808
1982-03-01,0.255
1982-03-02,0.2837
1982-03-03,0.3291
1982-03-04,0.364
1982-03-05,0.3107
1982-03-06,0.2991
1982-03-07,0.3073
1982-03-08,0.344
1982-03-09,0.4573
1982-03-10,0.6395
1982-03-11,0.9122
1982-03-12,0.9187
1982-03-13,0.9546
1982-03-14,1.1275
1982-03-15,1.273
1982-03-16,1.2713
1982-03-17,1.1083
1982-03-18,1.0313
1982-03-19,0.8381
1982-03-20,0.8418
1982-03-21,0.8437
1982-03-22,0.8221
1982-03-23,0.7934
1982-03-24,0.7401
1982-03-25,0.7744
1982-03-26,0.8234
1982-03-27,0.8618
1982-03-28,0.9827
1982-03-29,1.1807
1982-03-30,1.3424
1982-03-31,1.5607
1982-04-01,1.7622
1982-04-02,1.7931
1982-04-03,1.7841
1982-04-04,1.7868
1982-04-05,1.7836
1982-04-06,1.7792
1982-04-07,1.7846
1982-04-08,1.789
1982-04-09,1.8041
1982-04-10,1.7949
1982-04-11,1.9052
1982-04-12,1.9256
1982-04-13,1.915
1982-04-14,1.8828
1982-04-15,1.8655
1982-04-16,1.7702
1982-04-17,1.7433
1982-04-18,1.7352
1982-04-19,1.7986
1982-04-20,1.8315
1982-04-21,1.8543
1982-04-22,1.8841
1982-04-23,1.938
1982-04-24,1.9618
1982-04-25,1.878
1982-04-26,1.869
1982-04-27,1.7951
1982-04-28,1.6366
1982-04-29,1.4761
1982-04-30,1.1421
1982-05-01,0.6483
1982-05-02,0.4861
1982-05-03,0.328
1982-05-04,0.1942
1982-05-05,0.1885
1982-05-06,0.2032
1982-05-07,0.2326
1982-05-08,0.3078
1982-05-09,0.2392
1982-05-10,-0.1133
1982-05-11,-0.7801
1982-05-12,-0.9344
1982-05-13,-0.9297
1982-05-14,-0.9867
1982-05-15,-1.0743
1982-05-16,-1.0564
1982-05-17,-1.0248
1982-05-18,-0.9831
1982-05-19,-0.992
1982-05-20,-0.9644
1982-05-21,-0.9378
1982-05-22,-0.9247
1982-05-23,-0.9525
1982-05-24,-1.0687
1982-05-25,-1.1243
1982-05-26,-1.1279
1982-05-27,-1.0823
1982-05-28,-1.0875
1982-05-29,-1.0117
1982-05-30,-0.9447
1982-05-31,-0.8558
1982-06-01,-0.7603
1982-06-02,-0.6666
1982-06-03,-0.5849
1982-06-04,-0.5083
1982-06-05,-0.3998
1982-06-06,-0.3155
1982-06-07,-0.3157
1982-06-08,-0.3613
1982-06-09,-0.4672
1982-06-10,-0.493
1982-06-11,-0.4455
1982-06-12,-0.4216
1982-06-13,-0.4057
1982-06-14,-0.3886
1982-06-15,-0.3409
1982-06-16,-0.4024
1982-06-17,-0.3482
1982-06-18,-0.1925
1982-06-19,-0.0667
1982-06-20,0.043
1982-06-21,0.1116
1982-06-22,0.2243
1982-06-23,0.3981
1982-06-24,0.5227
1982-06-25,0.5701
1982-06-26,0.6015
1982-06-27,0.7191
1982-06-28,0.8505
1982-06-29,0.9562
1982-06-30,1.1359
1982-07-01,1.1723
1982-07-02,1.1731
1982-07-03,1.2283
1982-07-04,1.3362
1982-07-05,1.4647
1982-07-06,1.5288
1982-07-07,1.574
1982-07-08,1.622
1982-07-09,1.6316
1982-07-10,1.6118
1982-07-11,1.5167
1982-07-12,1.4649
1982-07-13,1.4171
1982-07-14,1.445
1982-07-15,1.5843
1982-07-16,1.7716
1982-07-17,1.7974
1982-07-18,1.7542
1982-07-19,1.6993
1982-07-20,1.6648
1982-07-21,1.6446
1982-07-22,1.6069
1982-07-23,1.5665
1982-07-24,1.5116
1982-07-25,1.4833
1982-07-26,1.4347
1982-07-27,1.3757
1982-07-28,1.2254
1982-07-29,0.9639
1982-07-30,0.3156
1982-07-31,-0.0328
1982-08-01,-0.2277
1982-08-02,-0.5023
1982-08-03,-0.5939
1982-08-04,-0.6205
1982-08-05,-0.6553
1982-08-06,-0.805
1982-08-07,-0.743
1982-08-08,-0.82
1982-08-09,-0.7634
1982-08-10,-0.6468
1982-08-11,-0.4836
1982-08-12,-0.406
1982-08-13,-0.2843
1982-08-14,-0.1195
1982-08-15,-0.142
1982-08-16,-0.2097
1982-08-17,-0.2838
1982-08-18,-0.3069
1982-08-19,-0.3167
1982-08-20,-0.365
1982-08-21,-0.4859
1982-08-22,-0.5997
1982-08-23,-0.6883
1982-08-24,-0.7741
1982-08-25,-0.7627
1982-08-26,-0.7364
1982-08-27,-0.6262
1982-08-28,-0.3701
1982-08-29,-0.1163
1982-08-30,0.0385
1982-08-31,-0.0118
1982-09-01,-0.027
1982-09-02,-0.1913
1982-09-03,-0.2063
1982-09-04,-0.2212
1982-09-05,-0.2535
1982-09-06,-0.4511
1982-09-07,-0.4628
1982-09-08,-0.7285
1982-09-09,-0.9196
1982-09-10,-1.142
1982-09-11,-1.1322
1982-09-12,-1.3471
1982-09-13,-1.6109
1982-09-14,-1.6089
1982-09-15,0.102
1982-09-16,0.9035
1982-09-17,1.2389
1982-09-18,1.5668
1982-09-19,1.6317
1982-09-20,1.6722
1982-09-21,1.6658
1982-09-22,1.6405
1982-09-23,1.8951
1982-09-24,2.0929
1982-09-25,2.223
1982-09-26,2.2563
1982-09-27,2.2434
1982-09-28,2.219
1982-09-29,2.1856
1982-09-30,2.1673
1982-10-01,2.1591
1982-10-02,2.1602
1982-10-03,2.1677
1982-10-04,2.1751
1982-10-05,2.1482
1982-10-06,2.1507
1982-10-07,2.2035
1982-10-08,2.2281
1982-10-09,2.2466
1982-10-10,2.1887
1982-10-11,2.1419
1982-10-12,2.1059
1982-10-13,2.0315
1982-10-14,2.0305
1982-10-15,1.9184
1982-10-16,1.7875
1982-10-17,1.7209
1982-10-18,1.6012
1982-10-19,1.5438
1982-10-20,1.5273
1982-10-21,1.5449
1982-10-22,1.6097
1982-10-23,1.3933
1982-10-24,1.168
1982-10-25,1.6134
1982-10-26,1.6308
1982-10-27,1.5794
1982-10-28,1.4798
1982-10-29,1.5428
1982-10-30,1.6562
1982-10-31,1.643
1982-11-01,1.6423
1982-11-02,1.6464
1982-11-03,1.6394
1982-11-04,1.6344
1982-11-05,1.6148
1982-11-06,1.579
1982-11-07,1.5504
1982-11-08,1.5552
1982-11-09,1.6695
1982-11-10,1.7854
1982-11-11,1.7833
1982-11-12,1.7573
1982-11-13,1.7281
1982-11-14,1.7247
1982-11-15,1.7885
1982-11-16,1.7902
1982-11-17,1.747
1982-11-18,1.9628
1982-11-19,2.0577
1982-11-20,1.9979
1982-11-21,1.9584
1982-11-22,1.943
1982-11-23,1.9041
1982-11-24,1.5457
1982-11-25,1.3928
1982-11-26,1.348
1982-11-27,1.3604
1982-11-28,1.285
1982-11-29,1.3979
1982-11-30,1.6813
1982-12-01,1.6655
1982-12-02,1.6025
1982-12-03,1.5686
1982-12-04,1.5407
1982-12-05,1.4999
1982-12-06,1.5043
1982-12-07,1.487
1982-12-08,1.4634
1982-12-09,1.3489
1982-12-10,1.263
1982-12-11,1.1936
1982-12-12,1.2152
1982-12-13,1.2627
1982-12-14,1.2536
1982-12-15,1.1979
1982-12-16,1.1822
1982-12-17,1.1464
1982-12-18,0.7918
1982-12-19,0.3613
1982-12-20,0.4536
1982-12-21,0.8244
1982-12-22,1.3672
1982-12-23,1.4425
1982-12-24,1.4359
1982-12-25,1.3433
1982-12-26,1.3581
1982-12-27,1.3725
1982-12-28,1.2757
1982-12-29,0.9005
1982-12-30,0.293
1982-12-31,0.2793
1983-01-01,0.2778
1983-01-02,0.2638
1983-01-03,0.2161
1983-01-04,0.1093
1983-01-05,0.0607
1983-01-06,0.087
1983-01-07,0.0778
1983-01-08,0.0744
1983-01-09,0.059
1983-01-10,0.145
1983-01-11,0.1535
1983-01-12,0.1265
1983-01-13,0.1525
1983-01-14,0.1543
1983-01-15,0.2081
1983-01-16,0.1637
1983-01-17,0.1615
1983-01-18,0.3909
1983-01-19,0.4654
1983-01-20,0.1314
1983-01-21,-0.4979
1983-01-22,-0.1398
1983-01-23,0.4722
1983-01-24,0.6495
1983-01-25,0.6176
1983-01-26,0.7928
1983-01-27,1.0473
1983-01-28,1.2214
1983-01-29,1.3426
1983-01-30,1.3319
1983-01-31,1.3475
1983-02-01,1.3684
1983-02-02,1.3713
1983-02-03,1.3761
1983-02-04,1.3733
1983-02-05,1.4263
1983-02-06,1.516
1983-02-07,1.6782
1983-02-08,1.7542
1983-02-09,1.7776
1983-02-10,1.7846
1983-02-11,1.8258
1983-02-12,1.8447
1983-02-13,1.8523
1983-02-14,1.8398
1983-02-15,1.8632
1983-02-16,1.8398
1983-02-17,1.8146
1983-02-18,1.7934
1983-02-19,1.7557
1983-02-20,1.6809
1983-02-21,1.5242
1983-02-22,1.3144
1983-02-23,1.2229
1983-02-24,1.2363
1983-02-25,1.1587
1983-02-26,1.1251
1983-02-27,1.0998
1983-02-28,1.1259
1983-03-01,1.3127
1983-03-02,1.4188
1983-03-03,1.451
1983-03-04,1.5216
1983-03-05,1.5863
1983-03-06,1.67
1983-03-07,1.6734
1983-03-08,1.5816
1983-03-09,1.2431
1983-03-10,1.1469
1983-03-11,1.1938
1983-03-12,1.42
1983-03-13,1.6764
1983-03-14,1.7438
1983-03-15,1.7249
1983-03-16,1.8576
1983-03-17,2.0404
1983-03-18,2.133
1983-03-19,2.2385
1983-03-20,2.2352
1983-03-21,2.2387
1983-03-22,2.1548
1983-03-23,2.144
1983-03-24,2.1015
1983-03-25,2.0731
1983-03-26,2.0679
1983-03-27,2.0382
1983-03-28,1.943
1983-03-29,1.8945
1983-03-30,1.8567
1983-03-31,1.7197
1983-04-01,1.6217
1983-04-02,1.6152
1983-04-03,1.577
1983-04-04,1.5347
1983-04-05,1.4718
1983-04-06,1.3905
1983-04-07,1.3716
1983-04-08,1.3814
1983-04-09,1.3519
1983-04-10,1.3255
1983-04-11,1.1347
1983-04-12,0.9025
1983-04-13,0.8476
1983-04-14,0.8993
1983-04-15,0.8757
1983-04-16,0.7028
1983-04-17,0.6625
1983-04-18,0.6864
1983-04-19,0.6393
1983-04-20,0.4265
1983-04-21,0.3916
1983-04-22,0.2295
1983-04-23,0.1969
1983-04-24,0.2242
1983-04-25,0.1973
1983-04-26,0.1934
1983-04-27,0.4778
1983-04-28,0.7968
1983-04-29,0.9784
1983-04-30,1.2187
1983-05-01,1.2659
1983-05-02,1.299
1983-05-03,1.3805
1983-05-04,1.5292
1983-05-05,1.5891
1983-05-06,1.6707
1983-05-07,1.6981
1983-05-08,1.7263
1983-05-09,1.7192
1983-05-10,1.7114
1983-05-11,1.7346
1983-05-12,1.7819
1983-05-13,1.8047
1983-05-14,1.8475
1983-05-15,1.8083
1983-05-16,1.7602
1983-05-17,1.7555
1983-05-18,1.6978
1983-05-19,1.6514
1983-05-20,1.6478
1983-05-21,1.6072
1983-05-22,1.575
1983-05-23,1.4912
1983-05-24,1.3684
1983-05-25,1.3002
1983-05-26,1.2229
1983-05-27,0.8831
1983-05-28,0.4144
1983-05-29,0.0984
1983-05-30,-0.2995
1983-05-31,-0.2894
1983-06-01,-0.2302
1983-06-02,-0.1824
1983-06-03,-0.2363
1983-06-04,-0.4653
1983-06-05,-0.7357
1983-06-06,-0.8392
1983-06-07,-0.957
1983-06-08,-1.0014
1983-06-09,-1.0761
1983-06-10,-1.109
1983-06-11,-1.13
1983-06-12,-1.2014
1983-06-13,-1.2637
1983-06-14,-1.3646
1983-06-15,-1.4442
1983-06-16,-1.4722
1983-06-17,-1.3907
1983-06-18,-1.1942
1983-06-19,-1.0175
1983-06-20,-0.8269
1983-06-21,-0.7256
1983-06-22,-0.636
1983-06-23,-0.5116
1983-06-24,-0.4161
1983-06-25,-0.3324
1983-06-26,-0.2428
1983-06-27,-0.0764
1983-06-28,-0.0343
1983-06-29,0.0196
1983-06-30,0.0321
1983-07-01,0.0581
1983-07-02,0.0367
1983-07-03,-0.0022
1983-07-04,-0.0213
1983-07-05,0.0004
1983-07-06,0.194
1983-07-07,0.4673
1983-07-08,0.5806
1983-07-09,0.6754
1983-07-10,0.6427
1983-07-11,0.4799
1983-07-12,0.3634
1983-07-13,0.3068
1983-07-14,0.3054
1983-07-15,0.3219
1983-07-16,0.4602
1983-07-17,0.5518
1983-07-18,0.6049
1983-07-19,0.6997
1983-07-20,0.695
1983-07-21,0.6668
1983-07-22,0.6717
1983-07-23,0.6144
1983-07-24,0.7021
1983-07-25,0.8805
1983-07-26,0.9779
1983-07-27,0.9545
1983-07-28,1.0158
1983-07-29,1.005
1983-07-30,0.9078
1983-07-31,0.6408
1983-08-01,0.4377
1983-08-02,0.4215
1983-08-03,0.4492
1983-08-04,0.5448
1983-08-05,0.3986
1983-08-06,0.0173
1983-08-07,-0.3134
1983-08-08,-0.5153
1983-08-09,-0.4897
1983-08-10,-0.2705
1983-08-11,-0.0931
1983-08-12,0.0043
1983-08-13,-0.0042
1983-08-14,0.0643
1983-08-15,-0.0465
1983-08-16,-0.2801
1983-08-17,-0.5469
1983-08-18,-0.6445
1983-08-19,-0.2594
1983-08-20,-0.0932
1983-08-21,0.0477
1983-08-22,0.1863
1983-08-23,0.185
1983-08-24,0.0755
1983-08-25,0.092
1983-08-26,0.0569
1983-08-27,0.0761
1983-08-28,0.2067
1983-08-29,0.3461
1983-08-30,0.4312
1983-08-31,1.0508
1983-09-01,1.6464
1983-09-02,1.6702
1983-09-03,1.6433
1983-09-04,1.5982
1983-09-05,1.766
1983-09-06,1.7803
1983-09-07,1.8883
1983-09-08,1.845
1983-09-09,1.7911
1983-09-10,1.749
1983-09-11,1.7341
1983-09-12,1.6859
1983-09-13,1.5754
1983-09-14,1.5163
1983-09-15,1.439
1983-09-16,1.2218
1983-09-17,0.9941
1983-09-18,0.5298
1983-09-19,0.3811
1983-09-20,0.2091
1983-09-21,0.2957
1983-09-22,0.8933
1983-09-23,0.8876
1983-09-24,0.7834
1983-09-25,0.7615
1983-09-26,0.8034
1983-09-27,0.8513
1983-09-28,0.8291
1983-09-29,1.1191
1983-09-30,1.2889
1983-10-01,1.345
1983-10-02,1.3382
1983-10-03,1.3178
1983-10-04,1.247
1983-10-05,1.2329
1983-10-06,1.2154
1983-10-07,1.1553
1983-10-08,1.14
1983-10-09,1.1011
1983-10-10,1.0436
1983-10-11,1.013
1983-10-12,1.0296
1983-10-13,1.0052
1983-10-14,1.0484
1983-10-15,1.1022
1983-10-16,1.0884
1983-10-17,1.1148
1983-10-18,1.1449
1983-10-19,1.1115
1983-10-20,1.1017
1983-10-21,1.0274
1983-10-22,0.7358
1983-10-23,0.6094
1983-10-24,0.6176
1983-10-25,0.5708
1983-10-26,0.4037
1983-10-27,0.3005
1983-10-28,0.2509
1983-10-29,0.1086
1983-10-30,-0.0169
1983-10-31,-0.2642
1983-11-01,-0.3014
1983-11-02,-0.3211
1983-11-03,-0.2635
1983-11-04,-0.2234
1983-11-05,-0.2144
1983-11-06,-0.232
1983-11-07,-0.2823
1983-11-08,-0.3705
1983-11-09,-0.3795
1983-11-10,0.9289
1983-11-11,1.1083
1983-11-12,1.1925
1983-11-13,1.3769
1983-11-14,1.362
1983-11-15,1.4081
1983-11-16,1.6858
1983-11-17,1.8851
1983-11-18,1.8885
1983-11-19,1.941
1983-11-20,1.9681
1983-11-21,1.9469
1983-11-22,1.9189
1983-11-23,2.0149
1983-11-24,2.193
1983-11-25,2.2199
1983-11-26,2.2116
1983-11-27,2.2172
1983-11-28,2.2019
1983-11-29,2.1345
1983-11-30,2.0424
1983-12-01,2.0263
1983-12-02,1.9636
1983-12-03,1.9768
1983-12-04,1.949
1983-12-05,1.9074
1983-12-06,1.9146
1983-12-07,1.9063
1983-12-08,1.9153
1983-12-09,1.9722
1983-12-10,1.6895
1983-12-11,1.608
1983-12-12,1.5471
1983-12-13,1.4209
1983-12-14,1.4054
1983-12-15,1.3561
1983-12-16,1.0873
1983-12-17,0.7061
1983-12-18,0.6515
1983-12-19,0.3461
1983-12-20,0.0757
1983-12-21,-0.0127
1983-12-22,0.1781
1983-12-23,0.1867
1983-12-24,0.5628
1983-12-25,0.7841
1983-12-26,0.9219
1983-12-27,0.9782
1983-12-28,0.9961
1983-12-29,1.0152
1983-12-30,1.0499
1983-12-31,1.0529
1984-01-01,0.9701
1984-01-02,0.8155
1984-01-03,0.7715
1984-01-04,0.6944
1984-01-05,0.6657
1984-01-06,0.6577
1984-01-07,0.6061
1984-01-08,0.4166
1984-01-09,0.3411
1984-01-10,0.3255
1984-01-11,0.3538
1984-01-12,0.3294
1984-01-13,0.3589
1984-01-14,0.3465
1984-01-15,0.4144
1984-01-16,0.4098
1984-01-17,0.4268
1984-01-18,0.4093
1984-01-19,0.4224
1984-01-20,0.4495
1984-01-21,0.3197
1984-01-22,0.1171
1984-01-23,-0.7265
1984-01-24,-1.0601
1984-01-25,-1.1817
1984-01-26,-1.193
1984-01-27,-1.2228
1984-01-28,-1.2345
1984-01-29,-1.291
1984-01-30,-1.3151
1984-01-31,-1.2614
1984-02-01,-1.2042
1984-02-02,-1.2195
1984-02-03,-1.2169
1984-02-04,-1.2057
1984-02-05,-1.2178
1984-02-06,-1.2659
1984-02-07,-1.3564
1984-02-08,-1.3735
1984-02-09,-1.3061
1984-02-10,-1.2765
1984-02-11,-1.2593
1984-02-12,-1.2039
1984-02-13,-1.035
1984-02-14,-1.0487
1984-02-15,-0.8616
1984-02-16,-0.8498
1984-02-17,-0.894
1984-02-18,-0.9062
1984-02-19,-0.8886
1984-02-20,-0.6381
1984-02-21,-0.3418
1984-02-22,-0.3006
1984-02-23,-0.2634
1984-02-24,-0.2364
1984-02-25,-0.211
1984-02-26,-0.1959
1984-02-27,-0.1946
1984-02-28,-0.204
1984-03-01,-0.2604
1984-03-02,-0.3276
1984-03-03,-0.4111
1984-03-04,-0.4768
1984-03-05,-0.5487
1984-03-06,-0.5818
1984-03-07,-0.5819
1984-03-08,-0.5628
1984-03-09,-0.5254
1984-03-10,-0.5054
1984-03-11,-0.5698
1984-03-12,-0.6175
1984-03-13,-0.3501
1984-03-14,-0.4107
1984-03-15,-0.5298
1984-03-16,-0.441
1984-03-17,-0.709
1984-03-18,-0.6575
1984-03-19,-0.6477
1984-03-20,-0.6556
1984-03-21,-0.5834
1984-03-22,-0.8155
1984-03-23,-1.0434
1984-03-24,-1.0149
1984-03-25,-0.9962
1984-03-26,-0.9944
1984-03-27,-0.9769
1984-03-28,-0.9365
1984-03-29,-0.9082
1984-03-30,-0.9149
1984-03-31,-0.7787
1984-04-01,-0.7025
1984-04-02,-0.6559
1984-04-03,-0.6074
1984-04-04,-0.4953
1984-04-05,-0.4325
1984-04-06,-0.4405
1984-04-07,-0.4529
1984-04-08,-0.4526
1984-04-09,-0.4125
1984-04-10,-0.2904
1984-04-11,-0.2455
1984-04-12,-0.5716
1984-04-13,-0.5971
1984-04-14,-0.6553
1984-04-15,-0.8863
1984-04-16,-0.9178
1984-04-17,-1.0088
1984-04-18,-0.7969
1984-04-19,-0.763
1984-04-20,-0.7637
1984-04-21,-0.6486
1984-04-22,-0.6756
1984-04-23,-0.6987
1984-04-24,-0.6791
1984-04-25,-0.5698
1984-04-26,-0.4972
1984-04-27,-0.4728
1984-04-28,-0.3843
1984-04-29,-0.3619
1984-04-30,-0.5069
1984-05-01,-0.4872
1984-05-02,-0.4775
1984-05-03,-0.4993
1984-05-04,-0.4888
1984-05-05,-0.4067
1984-05-06,-0.3389
1984-05-07,-0.3149
1984-05-08,-0.3383
1984-05-09,-0.3625
1984-05-10,-0.4931
1984-05-11,-0.5162
1984-05-12,-0.5029
1984-05-13,-0.4788
1984-05-14,-0.3794
1984-05-15,-0.3695
1984-05-16,-0.3288
1984-05-17,-0.319
1984-05-18,-0.6358
1984-05-19,-0.7209
1984-05-20,-0.7164
1984-05-21,-0.7916
1984-05-22,-0.7887
1984-05-23,-0.7823
1984-05-24,-0.8074
1984-05-25,-0.9039
1984-05-26,-0.9987
1984-05-27,-1.1495
1984-05-28,-1.4715
1984-05-29,-1.6346
1984-05-30,-1.7632
1984-05-31,-1.8751
1984-06-01,-1.9107
1984-06-02,-1.8203
1984-06-03,-1.8433
1984-06-04,-1.67
1984-06-05,-1.6365
1984-06-06,-1.4791
1984-06-07,-1.3003
1984-06-08,-1.2335
1984-06-09,-1.1949
1984-06-10,-1.1551
1984-06-11,-1.1438
1984-06-12,-1.0855
1984-06-13,-1.1574
1984-06-14,-1.2591
1984-06-15,-1.3339
1984-06-16,-1.3773
1984-06-17,-1.4206
1984-06-18,-1.3496
1984-06-19,-1.1665
1984-06-20,-0.9818
1984-06-21,-0.8486
1984-06-22,-0.7827
1984-06-23,-0.8613
1984-06-24,-0.7861
1984-06-25,-0.8165
1984-06-26,-0.7626
1984-06-27,-0.6533
1984-06-28,-0.6119
1984-06-29,-0.4582
1984-06-30,-0.4372
1984-07-01,-0.4405
1984-07-02,-0.5547
1984-07-03,-0.6598
1984-07-04,-1.1124
1984-07-05,-1.271
1984-07-06,-1.5124
1984-07-07,-1.695
1984-07-08,-1.7964
1984-07-09,-1.8568
1984-07-10,-1.9412
1984-07-11,-2.0506
1984-07-12,-2.1602
1984-07-13,-2.2251
1984-07-14,-2.1699
1984-07-15,-2.0347
1984-07-16,-2.0161
1984-07-17,-1.9696
1984-07-18,-1.9444
1984-07-19,-2.015
1984-07-20,-2.0651
1984-07-21,-2.0428
1984-07-22,-1.9463
1984-07-23,-1.8597
1984-07-24,-1.8002
1984-07-25,-1.7327
1984-07-26,-1.7017
1984-07-27,-1.6736
1984-07-28,-1.5856
1984-07-29,-1.6189
1984-07-30,-1.6685
1984-07-31,-1.6836
1984-08-01,-1.5794
1984-08-02,-1.4666
1984-08-03,-1.3888
1984-08-04,-1.345
1984-08-05,-1.1753
1984-08-06,-1.0368
1984-08-07,-1.0751
1984-08-08,-1.1442
1984-08-09,-1.2285
1984-08-10,-1.0186
1984-08-11,-0.8374
1984-08-12,-0.6221
1984-08-13,-0.531
1984-08-14,-0.6409
1984-08-15,-0.4654
1984-08-16,-0.2942
1984-08-17,-0.3251
1984-08-18,-0.4049
1984-08-19,-0.5326
1984-08-20,-0.6679
1984-08-21,-0.9346
1984-08-22,-1.1077
1984-08-23,-1.2607
1984-08-24,-1.3155
1984-08-25,-1.2007
1984-08-26,-1.1447
1984-08-27,-1.2261
1984-08-28,-1.2818
1984-08-29,-1.2824
1984-08-30,-1.112
1984-08-31,-1.0635
1984-09-01,-1.1531
1984-09-02,-1.2442
1984-09-03,-1.2851
1984-09-04,-1.426
1984-09-05,-1.4962
1984-09-06,-1.3224
1984-09-07,-1.1894
1984-09-08,-1.0617
1984-09-09,-1.5006
1984-09-10,-1.6626
1984-09-11,-1.6641
1984-09-12,-1.7828
1984-09-13,-1.8682
1984-09-14,-2.111
1984-09-15,-2.4469
1984-09-16,-2.2142
1984-09-17,-2.2011
1984-09-18,-2.2388
1984-09-19,-2.1533
1984-09-20,-1.9683
1984-09-21,-1.8554
1984-09-22,-1.6819
1984-09-23,-1.5754
1984-09-24,-1.817
1984-09-25,-2.1875
1984-09-26,-2.3989
1984-09-27,-2.6503
1984-09-28,-2.8247
1984-09-29,-3.5644
1984-09-30,-2.453
1984-10-01,-2.0803
1984-10-02,-1.8286
1984-10-03,-1.5246
1984-10-04,-1.274
1984-10-05,-1.1193
1984-10-06,-1.0624
1984-10-07,-1.051
1984-10-08,-0.9241
1984-10-09,-0.8237
1984-10-10,-0.1199
1984-10-11,0.3633
1984-10-12,0.3763
1984-10-13,0.37
1984-10-14,0.4199
1984-10-15,0.4695
1984-10-16,1.435
1984-10-17,1.5362
1984-10-18,1.6392
1984-10-19,1.6329
1984-10-20,1.6229
1984-10-21,1.6492
1984-10-22,1.6686
1984-10-23,1.5867
1984-10-24,1.5217
1984-10-25,1.4622
1984-10-26,1.3802
1984-10-27,1.3619
1984-10-28,1.3075
1984-10-29,1.2685
1984-10-30,1.1975
1984-10-31,1.1737
1984-11-01,1.1815
1984-11-02,1.2288
1984-11-03,1.2581
1984-11-04,1.2587
1984-11-05,1.2685
1984-11-06,1.2999
1984-11-07,1.4436
1984-11-08,1.6094
1984-11-09,1.5274
1984-11-10,1.4647
1984-11-11,1.4637
1984-11-12,1.5809
1984-11-13,1.6971
1984-11-14,1.6764
1984-11-15,1.3831
1984-11-16,1.3837
1984-11-17,1.285
1984-11-18,1.324
1984-11-19,1.2411
1984-11-20,1.2629
1984-11-21,1.2843
1984-11-22,1.2843
1984-11-23,1.3687
1984-11-24,1.5406
1984-11-25,1.559
1984-11-26,1.5187
1984-11-27,1.7266
1984-11-28,1.7406
1984-11-29,1.714
1984-11-30,1.6324
1984-12-01,1.5786
1984-12-02,1.5547
1984-12-03,1.5516
1984-12-04,1.5248
1984-12-05,1.4862
1984-12-06,1.4685
1984-12-07,1.313
1984-12-08,1.1243
1984-12-09,1.2558
1984-12-10,1.207
1984-12-11,1.2807
1984-12-12,1.1352
1984-12-13,0.953
1984-12-14,0.9704
1984-12-15,1.0522
1984-12-16,0.9672
1984-12-17,0.9447
1984-12-18,0.8569
1984-12-19,0.873
1984-12-20,0.7388
1984-12-21,0.5845
1984-12-22,0.5121
1984-12-23,0.3827
1984-12-24,0.0946
1984-12-25,0.0718
1984-12-26,0.1442
1984-12-27,-0.141
1984-12-28,-0.0919
1984-12-29,-0.0837
1984-12-30,-0.0835
1984-12-31,-0.0517
1985-01-01,-0.1944
1985-01-02,0.093
1985-01-03,0.0306
1985-01-04,-0.0629
1985-01-05,-0.108
1985-01-06,-0.0524
1985-01-07,0.1751
1985-01-08,-0.0924
1985-01-09,-0.1129
1985-01-10,-0.2463
1985-01-11,-0.2039
1985-01-12,-0.1975
1985-01-13,-0.2245
1985-01-14,-0.4698
1985-01-15,-0.4489
1985-01-16,-0.524
1985-01-17,-0.5219
1985-01-18,-0.5113
1985-01-19,-0.485
1985-01-20,-0.4464
1985-01-21,-0.3561
1985-01-22,-0.3841
1985-01-23,-0.4566
1985-01-24,-0.4665
1985-01-25,-0.4935
1985-01-26,-0.5607
1985-01-27,-0.6043
1985-01-28,-0.5242
1985-01-29,-0.5157
1985-01-30,-0.4941
1985-01-31,-0.4583
1985-02-01,-0.6585
1985-02-02,-0.6501
1985-02-03,-0.6616
1985-02-04,-0.5463
1985-02-05,-0.5579
1985-02-06,-0.8585
1985-02-07,-0.5753
1985-02-08,-0.1119
1985-02-09,-0.1266
1985-02-10,-0.1675
1985-02-11,-0.1701
1985-02-12,-0.2145
1985-02-13,-0.2291
1985-02-14,-0.2698
1985-02-15,-0.3208
1985-02-16,-0.3608
1985-02-17,-0.4315
1985-02-18,-0.4716
1985-02-19,-0.455
1985-02-20,-0.4576
1985-02-21,-0.4311
1985-02-22,-0.4267
1985-02-23,-0.4223
1985-02-24,-0.4294
1985-02-25,-0.4248
1985-02-26,-0.4432
1985-02-27,-0.5097
1985-02-28,-0.5407
1985-03-01,-0.6369
1985-03-02,-0.6901
1985-03-03,-0.7913
1985-03-04,-0.7874
1985-03-05,-0.7057
1985-03-06,-0.5859
1985-03-07,-0.4959
1985-03-08,-0.454
1985-03-09,-0.5815
1985-03-10,-0.8017
1985-03-11,-0.7139
1985-03-12,-0.6809
1985-03-13,-0.7614
1985-03-14,-0.8136
1985-03-15,-0.844
1985-03-16,-0.8917
1985-03-17,-0.7508
1985-03-18,-0.5697
1985-03-19,-0.5188
1985-03-20,-0.4866
1985-03-21,-0.4152
1985-03-22,-0.3731
1985-03-23,-0.3411
1985-03-24,-0.3016
1985-03-25,-0.2706
1985-03-26,0.1858
1985-03-27,0.3383
1985-03-28,0.4077
1985-03-29,0.4348
1985-03-30,0.4827
1985-03-31,0.4466
1985-04-01,0.4918
1985-04-02,0.4847
1985-04-03,0.4536
1985-04-04,0.4012
1985-04-05,0.2194
1985-04-06,0.1156
1985-04-07,0.0626
1985-04-08,-0.0484
1985-04-09,-0.2959
1985-04-10,-0.3154
1985-04-11,-0.3177
1985-04-12,-0.3021
1985-04-13,-0.3076
1985-04-14,-0.3219
1985-04-15,-0.2811
1985-04-16,-0.3582
1985-04-17,-0.4715
1985-04-18,-0.4604
1985-04-19,-0.4463
1985-04-20,-0.4082
1985-04-21,-0.3001
1985-04-22,-0.244
1985-04-23,-0.2361
1985-04-24,-0.239
1985-04-25,-1.0449
1985-04-26,-1.3837
1985-04-27,-1.4597
1985-04-28,-1.4817
1985-04-29,-1.5382
1985-04-30,-1.5595
1985-05-01,-1.6019
1985-05-02,-1.5343
1985-05-03,-1.4652
1985-05-04,-1.4177
1985-05-05,-1.3608
1985-05-06,-1.3296
1985-05-07,-1.2622
1985-05-08,-1.2001
1985-05-09,-1.1164
1985-05-10,-1.0425
1985-05-11,-0.9606
1985-05-12,-0.8894
1985-05-13,-0.8337
1985-05-14,-0.7844
1985-05-15,-0.8658
1985-05-16,-0.8346
1985-05-17,-0.8212
1985-05-18,-0.8027
1985-05-19,-0.8316
1985-05-20,-0.9003
1985-05-21,-0.9726
1985-05-22,-1.0048
1985-05-23,-0.9992
1985-05-24,-1.0436
1985-05-25,-1.0569
1985-05-26,-0.9987
1985-05-27,-0.9132
1985-05-28,-0.7967
1985-05-29,-0.7076
1985-05-30,-0.6233
1985-05-31,-0.4428
1985-06-01,-0.2695
1985-06-02,0.1108
1985-06-03,0.1401
1985-06-04,0.1722
1985-06-05,0.1788
1985-06-06,0.1469
1985-06-07,0.1076
1985-06-08,0.0636
1985-06-09,-0.0386
1985-06-10,-0.1372
1985-06-11,-0.2214
1985-06-12,-0.262
1985-06-13,-0.3229
1985-06-14,-0.3531
1985-06-15,-0.4302
1985-06-16,-0.5572
1985-06-17,-0.599
1985-06-18,-0.6122
1985-06-19,-0.5109
1985-06-20,-0.3714
1985-06-21,-0.284
1985-06-22,-0.1979
1985-06-23,-0.1812
1985-06-24,-0.1701
1985-06-25,-0.2463
1985-06-26,-0.4166
1985-06-27,-0.7015
1985-06-28,-0.8931
1985-06-29,-0.9483
1985-06-30,-1.1359
1985-07-01,-1.557
1985-07-02,-2.3847
1985-07-03,-2.4698
1985-07-04,-2.4458
1985-07-05,-2.429
1985-07-06,-2.4316
1985-07-07,-2.4804
1985-07-08,-2.4495
1985-07-09,-2.3786
1985-07-10,-2.211
1985-07-11,-2.0049
1985-07-12,-1.8474
1985-07-13,-1.7397
1985-07-14,-1.657
1985-07-15,-1.5957
1985-07-16,-1.5351
1985-07-17,-1.4811
1985-07-18,-1.4238
1985-07-19,-1.4426
1985-07-20,-1.2865
1985-07-21,-1.2886
1985-07-22,-1.36
1985-07-23,-1.4166
1985-07-24,-1.5165
1985-07-25,-1.5147
1985-07-26,-1.4817
1985-07-27,-1.3934
1985-07-28,-1.3596
1985-07-29,-1.2293
1985-07-30,-1.0886
1985-07-31,-0.8499
1985-08-01,-0.6586
1985-08-02,-0.5166
1985-08-03,-0.4335
1985-08-04,-0.3733
1985-08-05,-0.3338
1985-08-06,-0.3011
1985-08-07,-0.2997
1985-08-08,-0.2367
1985-08-09,-0.2534
1985-08-10,-0.3375
1985-08-11,-0.2667
1985-08-12,-0.0476
1985-08-13,0.1756
1985-08-14,0.3522
1985-08-15,0.5104
1985-08-16,0.6146
1985-08-17,1.0134
1985-08-18,1.0696
1985-08-19,0.9128
1985-08-20,0.9214
1985-08-21,0.9176
1985-08-22,0.9779
1985-08-23,1.0124
1985-08-24,0.8616
1985-08-25,0.8252
1985-08-26,0.7326
1985-08-27,0.709
1985-08-28,0.5269
1985-08-29,0.3774
1985-08-30,0.1212
1985-08-31,-0.1118
1985-09-01,-0.027
1985-09-02,0.2569
1985-09-03,0.5085
1985-09-04,0.7005
1985-09-05,1.0091
1985-09-06,1.2622
1985-09-07,1.4363
1985-09-08,1.9417
1985-09-09,2.1484
1985-09-10,2.1974
1985-09-11,2.2326
1985-09-12,2.2732
1985-09-13,2.3261
1985-09-14,2.3841
1985-09-15,2.3973
1985-09-16,2.0802
1985-09-17,2.0082
1985-09-18,1.9035
1985-09-19,1.8493
1985-09-20,1.8081
1985-09-21,1.7633
1985-09-22,1.7303
1985-09-23,1.6757
1985-09-24,1.5135
1985-09-25,1.4691
1985-09-26,1.4611
1985-09-27,1.4767
1985-09-28,1.4673
1985-09-29,1.4643
1985-09-30,1.4686
1985-10-01,1.4431
1985-10-02,1.3872
1985-10-03,1.2862
1985-10-04,1.1052
1985-10-05,0.9803
1985-10-06,0.8909
1985-10-07,0.8208
1985-10-08,0.4388
1985-10-09,0.0931
1985-10-10,-0.0769
1985-10-11,-0.1904
1985-10-12,-0.22
1985-10-13,-0.2791
1985-10-14,-0.3462
1985-10-15,-0.4044
1985-10-16,-0.5
1985-10-17,-0.5598
1985-10-18,-0.5867
1985-10-19,-0.6041
1985-10-20,-0.1726
1985-10-21,0.4417
1985-10-22,0.6302
1985-10-23,0.5874
1985-10-24,0.5806
1985-10-25,0.5868
1985-10-26,0.4661
1985-10-27,0.3948
1985-10-28,0.3456
1985-10-29,0.2816
1985-10-30,0.2225
1985-10-31,0.2098
1985-11-01,0.1792
1985-11-02,0.1912
1985-11-03,0.2617
1985-11-04,0.3106
1985-11-05,0.2906
1985-11-06,0.2453
1985-11-07,0.159
1985-11-08,0.0541
1985-11-09,0.1763
1985-11-10,0.6115
1985-11-11,0.5965
1985-11-12,0.5824
1985-11-13,0.5156
1985-11-14,0.5171
1985-11-15,0.5595
1985-11-16,0.5089
1985-11-17,0.4229
1985-11-18,0.415
1985-11-19,0.1757
1985-11-20,-0.1857
1985-11-21,-0.3109
1985-11-22,-0.2518
1985-11-23,-0.0581
1985-11-24,0.6471
1985-11-25,0.7666
1985-11-26,0.716
1985-11-27,0.8316
1985-11-28,1.0603
1985-11-29,1.2601
1985-11-30,1.1976
1985-12-01,1.2261
1985-12-02,1.2715
1985-12-03,1.2402
1985-12-04,1.254
1985-12-05,1.2635
1985-12-06,1.2877
1985-12-07,1.3271
1985-12-08,1.3218
1985-12-09,1.2346
1985-12-10,1.0044
1985-12-11,0.9305
1985-12-12,0.9237
1985-12-13,0.9345
1985-12-14,0.9029
1985-12-15,0.8461
1985-12-16,0.8257
1985-12-17,0.8661
1985-12-18,0.8486
1985-12-19,0.8709
1985-12-20,0.8268
1985-12-21,0.7292
1985-12-22,0.646
1985-12-23,0.513
1985-12-24,-0.1373
1985-12-25,-0.1983
1985-12-26,-0.1427
1985-12-27,-0.2195
1985-12-28,-0.5093
1985-12-29,-0.523
1985-12-30,-0.4286
1985-12-31,-0.521
1986-01-01,-0.6576
1986-01-02,-0.6072
1986-01-03,-0.5167
1986-01-04,-0.5956
1986-01-05,-0.6597
1986-01-06,-0.7125
1986-01-07,-0.7227
1986-01-08,-0.7663
1986-01-09,-0.8101
1986-01-10,-0.7197
1986-01-11,-0.6849
1986-01-12,-0.6752
1986-01-13,-0.6441
1986-01-14,-0.3674
1986-01-15,-0.2987
1986-01-16,0.0241
1986-01-17,0.0346
1986-01-18,0.0204
1986-01-19,0.0502
1986-01-20,0.0946
1986-01-21,0.155
1986-01-22,0.1347
1986-01-23,0.1353
1986-01-24,0.0725
1986-01-25,0.0268
1986-01-26,-0.0054
1986-01-27,-0.0005
1986-01-28,-0.1936
1986-01-29,-0.082
1986-01-30,0.0718
1986-01-31,0.3645
1986-02-01,0.4333
1986-02-02,0.3738
1986-02-03,0.3893
1986-02-04,0.4053
1986-02-05,0.4538
1986-02-06,0.4874
1986-02-07,0.5054
1986-02-08,0.4568
1986-02-09,0.4516
1986-02-10,0.4297
1986-02-11,0.4417
1986-02-12,0.6944
1986-02-13,0.5668
1986-02-14,0.6696
1986-02-15,0.6581
1986-02-16,1.0767
1986-02-17,1.4748
1986-02-18,1.6951
1986-02-19,1.766
1986-02-20,1.7318
1986-02-21,1.7308
1986-02-22,1.789
1986-02-23,1.8314
1986-02-24,1.8489
1986-02-25,1.8468
1986-02-26,1.8416
1986-02-27,1.823
1986-02-28,1.7758
1986-03-01,1.6918
1986-03-02,1.5457
1986-03-03,1.5172
1986-03-04,1.5205
1986-03-05,1.4835
1986-03-06,1.496
1986-03-07,1.6798
1986-03-08,1.8687
1986-03-09,2.0749
1986-03-10,2.1847
1986-03-11,2.2447
1986-03-12,2.268
1986-03-13,2.3603
1986-03-14,2.3412
1986-03-15,2.4681
1986-03-16,2.477
1986-03-17,2.3987
1986-03-18,2.1027
1986-03-19,1.7026
1986-03-20,1.2333
1986-03-21,0.9348
1986-03-22,0.862
1986-03-23,0.8246
1986-03-24,0.779
1986-03-25,0.7436
1986-03-26,0.685
1986-03-27,0.6638
1986-03-28,0.6747
1986-03-29,0.6912
1986-03-30,0.7081
1986-03-31,0.7192
1986-04-01,0.7601
1986-04-02,0.8091
1986-04-03,0.8347
1986-04-04,0.904
1986-04-05,0.973
1986-04-06,0.8838
1986-04-07,0.7729
1986-04-08,0.6077
1986-04-09,0.422
1986-04-10,0.2204
1986-04-11,0.0671
1986-04-12,-0.026
1986-04-13,-0.1566
1986-04-14,-0.4375
1986-04-15,-0.4881
1986-04-16,-0.4862
1986-04-17,-0.4637
1986-04-18,-0.4494
1986-04-19,-0.458
1986-04-20,-0.4926
1986-04-21,-0.4524
1986-04-22,-0.414
1986-04-23,-0.3664
1986-04-24,-0.3283
1986-04-25,-0.2172
1986-04-26,-0.1569
1986-04-27,-0.1642
1986-04-28,-0.1621
1986-04-29,-0.1227
1986-04-30,-0.1138
1986-05-01,-0.0788
1986-05-02,-0.0775
1986-05-03,0.1424
1986-05-04,0.2438
1986-05-05,0.2206
1986-05-06,-0.0917
1986-05-07,-0.2001
1986-05-08,-0.1842
1986-05-09,-0.1263
1986-05-10,-0.0531
1986-05-11,0.0478
1986-05-12,0.0553
1986-05-13,0.0329
1986-05-14,0.0072
1986-05-15,-0.1731
1986-05-16,-0.3449
1986-05-17,-0.4605
1986-05-18,-0.5108
1986-05-19,-0.5012
1986-05-20,-0.3746
1986-05-21,-0.2821
1986-05-22,-0.229
1986-05-23,-0.1963
1986-05-24,-0.225
1986-05-25,-0.2833
1986-05-26,-0.3257
1986-05-27,-0.3442
1986-05-28,-0.3583
1986-05-29,-0.4645
1986-05-30,-0.4864
1986-05-31,-0.4958
1986-06-01,-0.5078
1986-06-02,-0.8288
1986-06-03,-0.9456
1986-06-04,-1.0222
1986-06-05,-1.0648
1986-06-06,-1.0481
1986-06-07,-1.0177
1986-06-08,-1.0326
1986-06-09,-1.1415
1986-06-10,-1.3328
1986-06-11,-1.3504
1986-06-12,-1.3928
1986-06-13,-1.4228
1986-06-14,-1.3895
1986-06-15,-1.3249
1986-06-16,-1.136
1986-06-17,-0.8948
1986-06-18,-0.7123
1986-06-19,-0.7108
1986-06-20,-0.7317
1986-06-21,-0.8128
1986-06-22,-0.9773
1986-06-23,-1.0731
1986-06-24,-1.0564
1986-06-25,-1.0271
1986-06-26,-0.9415
1986-06-27,-0.8902
1986-06-28,-0.7298
1986-06-29,-0.6174
1986-06-30,-0.6212
1986-07-01,-0.6887
1986-07-02,-0.7745
1986-07-03,-0.8136
1986-07-04,-0.8357
1986-07-05,-0.8947
1986-07-06,-0.853
1986-07-07,-0.8443
1986-07-08,-0.7679
1986-07-09,-0.6265
1986-07-10,-0.4449
1986-07-11,-0.5125
1986-07-12,-0.4981
1986-07-13,-0.5036
1986-07-14,-0.6256
1986-07-15,-0.6954
1986-07-16,-0.6487
1986-07-17,-0.6589
1986-07-18,-0.6728
1986-07-19,-0.6995
1986-07-20,-0.7503
1986-07-21,-0.7921
1986-07-22,-0.6644
1986-07-23,-0.4939
1986-07-24,-0.3112
1986-07-25,-0.1119
1986-07-26,0.0122
1986-07-27,0.1048
1986-07-28,0.1524
1986-07-29,0.1186
1986-07-30,0.1214
1986-07-31,0.1481
1986-08-01,0.1689
1986-08-02,0.1072
1986-08-03,-0.0779
1986-08-04,-0.3147
1986-08-05,-0.6118
1986-08-06,-0.6455
1986-08-07,-0.7291
1986-08-08,-0.8069
1986-08-09,-0.8021
1986-08-10,-0.754
1986-08-11,-0.7288
1986-08-12,-0.7708
1986-08-13,-0.7942
1986-08-14,-0.8226
1986-08-15,-0.958
1986-08-16,-0.9583
1986-08-17,-0.9764
1986-08-18,-1.037
1986-08-19,-1.0476
1986-08-20,-0.9814
1986-08-21,-1.0984
1986-08-22,-1.2524
1986-08-23,-1.3706
1986-08-24,-1.5224
1986-08-25,-1.6793
1986-08-26,-1.7852
1986-08-27,-1.8679
1986-08-28,-1.8881
1986-08-29,-1.8502
1986-08-30,-1.796
1986-08-31,-1.7416
1986-09-01,-1.7192
1986-09-02,-1.6594
1986-09-03,-1.5629
1986-09-04,-1.5153
1986-09-05,-1.5674
1986-09-06,-1.6222
1986-09-07,-1.553
1986-09-08,-1.3864
1986-09-09,-1.2657
1986-09-10,-1.1173
1986-09-11,-1.0601
1986-09-12,-0.7556
1986-09-13,-0.5081
1986-09-14,-0.3564
1986-09-15,-0.4062
1986-09-16,-0.2951
1986-09-17,0.1143
1986-09-18,0.2992
1986-09-19,0.5024
1986-09-20,0.657
1986-09-21,0.7365
1986-09-22,0.7542
1986-09-23,1.022
1986-09-24,1.7503
1986-09-25,1.8141
1986-09-26,1.8459
1986-09-27,1.8555
1986-09-28,1.8439
1986-09-29,1.815
1986-09-30,1.7971
1986-10-01,1.7957
1986-10-02,1.7994
1986-10-03,1.7959
1986-10-04,1.7578
1986-10-05,1.7433
1986-10-06,1.7099
1986-10-07,1.6865
1986-10-08,1.6653
1986-10-09,1.6207
1986-10-10,1.543
1986-10-11,1.5052
1986-10-12,1.458
1986-10-13,1.3466
1986-10-14,1.3086
1986-10-15,1.2837
1986-10-16,1.2111
1986-10-17,1.16
1986-10-18,1.1518
1986-10-19,1.0873
1986-10-20,1.0569
1986-10-21,1.031
1986-10-22,1.003
1986-10-23,0.7975
1986-10-24,-0.0835
1986-10-25,-0.3728
1986-10-26,-0.5911
1986-10-27,-0.6759
1986-10-28,-0.7011
1986-10-29,-0.7609
1986-10-30,-0.7994
1986-10-31,-0.8671
1986-11-01,-0.939
1986-11-02,-0.9757
1986-11-03,-0.9577
1986-11-04,-1.0035
1986-11-05,-0.9924
1986-11-06,-0.9777
1986-11-07,-0.9918
1986-11-08,-1.0029
1986-11-09,-1.0156
1986-11-10,-1.1291
1986-11-11,-1.2012
1986-11-12,-1.2121
1986-11-13,-1.2717
1986-11-14,-1.2633
1986-11-15,-1.3031
1986-11-16,-1.3663
1986-11-17,-1.4141
1986-11-18,-1.4478
1986-11-19,-1.5157
1986-11-20,-1.5686
1986-11-21,-1.5992
1986-11-22,-1.6678
1986-11-23,-1.6563
1986-11-24,-1.6447
1986-11-25,-1.7328
1986-11-26,-1.7698
1986-11-27,-1.8135
1986-11-28,-1.7513
1986-11-29,-1.6409
1986-11-30,-1.5945
1986-12-01,-1.5746
1986-12-02,-1.5486
1986-12-03,-1.5035
1986-12-04,-1.3801
1986-12-05,-1.243
1986-12-06,-1.262
1986-12-07,-1.3378
1986-12-08,-1.2991
1986-12-09,-1.3032
1986-12-10,-1.3422
1986-12-11,-1.3891
1986-12-12,-1.4113
1986-12-13,-1.4379
1986-12-14,-1.4895
1986-12-15,-1.443
1986-12-16,-1.4078
1986-12-17,-1.4084
1986-12-18,-1.397
1986-12-19,-1.0929
1986-12-20,-1.0619
1986-12-21,-1.1294
1986-12-22,-0.9503
1986-12-23,-0.9286
1986-12-24,-0.9274
1986-12-25,-0.861
1986-12-26,-0.8002
1986-12-27,-0.7896
1986-12-28,-0.8291
1986-12-29,-0.8797
1986-12-30,-0.8773
1986-12-31,-0.8121
1987-01-01,-0.7432
1987-01-02,-0.6662
1987-01-03,-0.298
1987-01-04,-0.4451
1987-01-05,-0.5112
1987-01-06,-0.4321
1987-01-07,-0.4419
1987-01-08,-0.4688
1987-01-09,-0.5106
1987-01-10,-0.4112
1987-01-11,-0.375
1987-01-12,-0.3678
1987-01-13,-0.3409
1987-01-14,-0.3631
1987-01-15,-0.345
1987-01-16,-0.4176
1987-01-17,-0.4535
1987-01-18,-0.6621
1987-01-19,-0.6813
1987-01-20,-0.6902
1987-01-21,-0.7995
1987-01-22,-0.7665
1987-01-23,-0.758
1987-01-24,-0.7107
1987-01-25,-0.6951
1987-01-26,-0.7007
1987-01-27,-0.5421
1987-01-28,-0.3954
1987-01-29,-0.3753
1987-01-30,-0.4611
1987-01-31,-0.4421
1987-02-01,-0.4048
1987-02-02,-0.4791
1987-02-03,-0.4649
1987-02-04,-0.4675
1987-02-05,-0.5109
1987-02-06,-0.4955
1987-02-07,-0.514
1987-02-08,-0.5861
1987-02-09,-0.5991
1987-02-10,-0.5575
1987-02-11,-0.4446
1987-02-12,0.0977
1987-02-13,0.3001
1987-02-14,0.3509
1987-02-15,0.4203
1987-02-16,0.3855
1987-02-17,0.3416
1987-02-18,0.3317
1987-02-19,0.3589
1987-02-20,0.3474
1987-02-21,0.4019
1987-02-22,0.4109
1987-02-23,0.4142
1987-02-24,0.4245
1987-02-25,0.4355
1987-02-26,0.3578
1987-02-27,0.2931
1987-02-28,0.2753
1987-03-01,0.2181
1987-03-02,0.1537
1987-03-03,0.2348
1987-03-04,0.2202
1987-03-05,0.7022
1987-03-06,0.7114
1987-03-07,0.7092
1987-03-08,0.7673
1987-03-09,0.8544
1987-03-10,0.9319
1987-03-11,0.9295
1987-03-12,0.9746
1987-03-13,0.8656
1987-03-14,0.6052
1987-03-15,0.4202
1987-03-16,0.3467
1987-03-17,0.228
1987-03-18,0.3139
1987-03-19,0.378
1987-03-20,0.4991
1987-03-21,0.6658
1987-03-22,0.7922
1987-03-23,0.8132
1987-03-24,0.7651
1987-03-25,0.7214
1987-03-26,0.6537
1987-03-27,0.631
1987-03-28,0.644
1987-03-29,0.6351
1987-03-30,0.6366
1987-03-31,0.6389
1987-04-01,0.6652
1987-04-02,0.5577
1987-04-03,0.3266
1987-04-04,-0.1574
1987-04-05,-0.1208
1987-04-06,-0.1223
1987-04-07,-0.159
1987-04-08,-0.1916
1987-04-09,-0.2692
1987-04-10,-0.2428
1987-04-11,-0.372
1987-04-12,-0.351
1987-04-13,-0.5834
1987-04-14,-0.6139
1987-04-15,-0.6229
1987-04-16,-0.6755
1987-04-17,-0.741
1987-04-18,-0.7441
1987-04-19,-0.9551
1987-04-20,-1.1857
1987-04-21,-1.4267
1987-04-22,-1.7435
1987-04-23,-1.9008
1987-04-24,-1.9327
1987-04-25,-1.8936
1987-04-26,-1.8578
1987-04-27,-1.8354
1987-04-28,-1.8079
1987-04-29,-1.7006
1987-04-30,-1.5102
1987-05-01,-1.417
1987-05-02,-1.351
1987-05-03,-1.3437
1987-05-04,-1.3267
1987-05-05,-1.3112
1987-05-06,-1.3979
1987-05-07,-1.4713
1987-05-08,-1.5178
1987-05-09,-1.5262
1987-05-10,-1.5817
1987-05-11,-1.6833
1987-05-12,-1.7513
1987-05-13,-1.8013
1987-05-14,-1.8195
1987-05-15,-1.7659
1987-05-16,-1.614
1987-05-17,-1.5775
1987-05-18,-1.5133
1987-05-19,-1.4361
1987-05-20,-1.2313
1987-05-21,-1.0954
1987-05-22,-1.0138
1987-05-23,-0.9992
1987-05-24,-0.9392
1987-05-25,-0.7744
1987-05-26,-0.6261
1987-05-27,-0.5051
1987-05-28,-0.4782
1987-05-29,-0.4595
1987-05-30,-0.6546
1987-05-31,-0.5947
1987-06-01,-0.5704
1987-06-02,-0.6907
1987-06-03,-0.739
1987-06-04,-0.7223
1987-06-05,-0.5577
1987-06-06,-0.4072
1987-06-07,-0.3731
1987-06-08,-0.3515
1987-06-09,-0.2685
1987-06-10,-0.2435
1987-06-11,-0.2214
1987-06-12,-0.2466
1987-06-13,-0.1812
1987-06-14,-0.0053
1987-06-15,0.1775
1987-06-16,0.2383
1987-06-17,0.3079
1987-06-18,0.3689
1987-06-19,0.2383
1987-06-20,0.25
1987-06-21,0.3373
1987-06-22,0.3913
1987-06-23,0.3262
1987-06-24,0.1851
1987-06-25,0.0267
1987-06-26,-0.0734
1987-06-27,-0.0528
1987-06-28,-0.0739
1987-06-29,-0.0659
1987-06-30,-0.0599
1987-07-01,-0.0605
1987-07-02,0.0505
1987-07-03,0.2086
1987-07-04,0.3181
1987-07-05,0.3813
1987-07-06,0.398
1987-07-07,0.4597
1987-07-08,0.5512
1987-07-09,0.5538
1987-07-10,0.6636
1987-07-11,0.7794
1987-07-12,0.9132
1987-07-13,0.9306
1987-07-14,0.786
1987-07-15,0.5941
1987-07-16,0.5681
1987-07-17,0.65
1987-07-18,0.6869
1987-07-19,0.7078
1987-07-20,0.7692
1987-07-21,0.8253
1987-07-22,0.8412
1987-07-23,0.9745
1987-07-24,1.1714
1987-07-25,1.3314
1987-07-26,1.4411
1987-07-27,1.4798
1987-07-28,1.6466
1987-07-29,1.8146
1987-07-30,1.8244
1987-07-31,1.7511
1987-08-01,1.7041
1987-08-02,1.563
1987-08-03,1.3405
1987-08-04,1.1366
1987-08-05,0.9994
1987-08-06,0.882
1987-08-07,0.8218
1987-08-08,0.7972
1987-08-09,0.7573
1987-08-10,0.7029
1987-08-11,0.7148
1987-08-12,0.7863
1987-08-13,0.9432
1987-08-14,1.1407
1987-08-15,1.1755
1987-08-16,1.0292
1987-08-17,0.8262
1987-08-18,0.8199
1987-08-19,0.8233
1987-08-20,0.7245
1987-08-21,0.6483
1987-08-22,0.6575
1987-08-23,0.636
1987-08-24,0.5741
1987-08-25,0.4665
1987-08-26,0.4078
1987-08-27,0.3204
1987-08-28,0.1291
1987-08-29,-0.1003
1987-08-30,-0.2601
1987-08-31,-0.1784
1987-09-01,-0.0107
1987-09-02,0.1163
1987-09-03,0.1507
1987-09-04,0.3961
1987-09-05,0.6829
1987-09-06,0.8674
1987-09-07,0.9655
1987-09-08,0.9077
1987-09-09,0.8941
1987-09-10,0.8902
1987-09-11,0.8847
1987-09-12,0.882
1987-09-13,0.8595
1987-09-14,0.844
1987-09-15,0.9353
1987-09-16,0.7596
1987-09-17,0.5499
1987-09-18,0.3126
1987-09-19,0.09
1987-09-20,-0.0395
1987-09-21,-0.3038
1987-09-22,-0.5269
1987-09-23,-0.5212
1987-09-24,-0.4501
1987-09-25,-0.4087
1987-09-26,-0.3866
1987-09-27,-0.3478
1987-09-28,-0.3108
1987-09-29,-0.2489
1987-09-30,-0.3207
1987-10-01,-0.3899
1987-10-02,-0.4492
1987-10-03,-0.5652
1987-10-04,-0.8426
1987-10-05,-1.0664
1987-10-06,-1.2783
1987-10-07,-1.3301
1987-10-08,-1.328
1987-10-09,-1.2486
1987-10-10,-1.2411
1987-10-11,-1.2682
1987-10-12,-1.2871
1987-10-13,-1.3374
1987-10-14,-1.3982
1987-10-15,-1.4697
1987-10-16,-1.4383
1987-10-17,-1.4375
1987-10-18,-1.4427
1987-10-19,-1.4386
1987-10-20,-1.4079
1987-10-21,-1.3606
1987-10-22,-1.2722
1987-10-23,-1.1085
1987-10-24,-1.0745
1987-10-25,-1.1898
1987-10-26,-1.1571
1987-10-27,-1.049
1987-10-28,-0.8101
1987-10-29,-0.5692
1987-10-30,-0.5495
1987-10-31,-0.5082
1987-11-01,-0.4697
1987-11-02,-0.4045
1987-11-03,-0.293
1987-11-04,-0.2043
1987-11-05,-0.126
1987-11-06,-0.0528
1987-11-07,-0.0485
1987-11-08,-0.1304
1987-11-09,-0.1927
1987-11-10,-0.336
1987-11-11,-0.4036
1987-11-12,-0.3955
1987-11-13,-0.1362
1987-11-14,-0.1028
1987-11-15,-0.1093
1987-11-16,-0.0742
1987-11-17,0.2975
1987-11-18,0.3273
1987-11-19,0.2731
1987-11-20,0.3562
1987-11-21,0.3617
1987-11-22,0.3238
1987-11-23,0.2832
1987-11-24,0.2629
1987-11-25,0.2988
1987-11-26,0.2022
1987-11-27,0.1073
1987-11-28,-0.0317
1987-11-29,-0.0731
1987-11-30,0.0249
1987-12-01,-0.0382
1987-12-02,-0.0679
1987-12-03,-0.0976
1987-12-04,-0.0425
1987-12-05,-0.0619
1987-12-06,-0.0781
1987-12-07,-0.0695
1987-12-08,0.1148
1987-12-09,0.0968
1987-12-10,0.0713
1987-12-11,-0.0042
1987-12-12,-0.0429
1987-12-13,-0.32
1987-12-14,-0.4071
1987-12-15,-0.4122
1987-12-16,-0.4122
1987-12-17,-0.812
1987-12-18,-0.8928
1987-12-19,-0.8801
1987-12-20,-1.0229
1987-12-21,-1.0663
1987-12-22,-1.012
1987-12-23,-0.9679
1987-12-24,-0.9718
1987-12-25,-0.9163
1987-12-26,-0.8739
1987-12-27,-0.7719
1987-12-28,-0.4038
1987-12-29,-0.2905
1987-12-30,-0.3894
1987-12-31,-0.3715
1988-01-01,-0.3347
1988-01-02,-0.2451
1988-01-03,-0.2372
1988-01-04,-0.3019
1988-01-05,-0.3834
1988-01-06,-0.4004
1988-01-07,-0.5558
1988-01-08,-0.5605
1988-01-09,-0.5864
1988-01-10,-0.468
1988-01-11,-0.3816
1988-01-12,-0.3786
1988-01-13,-0.3496
1988-01-14,-0.2827
1988-01-15,-0.236
1988-01-16,0.0097
1988-01-17,0.328
1988-01-18,0.3317
1988-01-19,0.3438
1988-01-20,0.3824
1988-01-21,0.3828
1988-01-22,0.3162
1988-01-23,0.2783
1988-01-24,0.2358
1988-01-25,0.1947
1988-01-26,0.1058
1988-01-27,-0.1568
1988-01-28,-0.2033
1988-01-29,-0.1618
1988-01-30,-0.2029
1988-01-31,-0.178
1988-02-01,-0.1546
1988-02-02,-0.2471
1988-02-03,-0.2833
1988-02-04,-0.2815
1988-02-05,-0.2674
1988-02-06,-0.2664
1988-02-07,-0.2935
1988-02-08,-0.3671
1988-02-09,-0.424
1988-02-10,-0.5358
1988-02-11,-0.5781
1988-02-12,-0.6443
1988-02-13,-0.7293
1988-02-14,-0.8692
1988-02-15,-1.2865
1988-02-16,-1.6792
1988-02-17,-1.6999
1988-02-18,-1.7056
1988-02-19,-1.7718
1988-02-20,-1.7729
1988-02-21,-1.7648
1988-02-22,-1.7837
1988-02-23,-1.7596
1988-02-24,-1.6957
1988-02-25,-1.6333
1988-02-26,-1.6363
1988-02-27,-1.6032
1988-02-28,-1.5127
1988-03-01,-1.3323
1988-03-02,-1.3373
1988-03-03,-1.3623
1988-03-04,-1.4021
1988-03-05,-1.4406
1988-03-06,-1.5022
1988-03-07,-1.5191
1988-03-08,-1.5237
1988-03-09,-1.5007
1988-03-10,-1.4325
1988-03-11,-1.4199
1988-03-12,-1.3926
1988-03-13,-1.4207
1988-03-14,-1.4759
1988-03-15,-1.5481
1988-03-16,-1.6735
1988-03-17,-1.6431
1988-03-18,-1.6179
1988-03-19,-1.603
1988-03-20,-1.5772
1988-03-21,-1.4894
1988-03-22,-1.4338
1988-03-23,-1.3699
1988-03-24,-1.3264
1988-03-25,-1.3163
1988-03-26,-1.3235
1988-03-27,-1.2667
1988-03-28,-1.2184
1988-03-29,-1.2571
1988-03-30,-1.3877
1988-03-31,-1.5502
1988-04-01,-1.5796
1988-04-02,-1.5573
1988-04-03,-1.5293
1988-04-04,-1.5173
1988-04-05,-1.5391
1988-04-06,-1.5569
1988-04-07,-1.5916
1988-04-08,-1.6209
1988-04-09,-1.6492
1988-04-10,-1.6755
1988-04-11,-1.7014
1988-04-12,-1.7072
1988-04-13,-1.5834
1988-04-14,-1.3918
1988-04-15,-1.3358
1988-04-16,-1.326
1988-04-17,-1.3284
1988-04-18,-1.2981
1988-04-19,-0.5715
1988-04-20,-0.2497
1988-04-21,-0.1428
1988-04-22,0.2345
1988-04-23,0.6166
1988-04-24,0.7052
1988-04-25,0.7635
1988-04-26,0.7684
1988-04-27,0.7519
1988-04-28,0.7927
1988-04-29,0.823
1988-04-30,0.9313
1988-05-01,1.001
1988-05-02,1.0457
1988-05-03,1.098
1988-05-04,1.2129
1988-05-05,1.3145
1988-05-06,1.4619
1988-05-07,1.6261
1988-05-08,1.6853
1988-05-09,1.707
1988-05-10,1.7165
1988-05-11,1.7556
1988-05-12,1.8065
1988-05-13,1.7746
1988-05-14,1.69
1988-05-15,1.6139
1988-05-16,1.5997
1988-05-17,1.6093
1988-05-18,1.5673
1988-05-19,1.1542
1988-05-20,0.9285
1988-05-21,0.8438
1988-05-22,0.5308
1988-05-23,0.1508
1988-05-24,0.1354
1988-05-25,0.1563
1988-05-26,0.2085
1988-05-27,0.2398
1988-05-28,0.2871
1988-05-29,0.3453
1988-05-30,0.3315
1988-05-31,0.3228
1988-06-01,0.3269
1988-06-02,0.3148
1988-06-03,0.2976
1988-06-04,0.2478
1988-06-05,0.149
1988-06-06,0.0257
1988-06-07,0.0329
1988-06-08,0.0596
1988-06-09,0.1365
1988-06-10,0.2055
1988-06-11,0.2323
1988-06-12,0.2188
1988-06-13,0.2209
1988-06-14,0.2618
1988-06-15,0.1727
1988-06-16,0.1952
1988-06-17,0.2366
1988-06-18,0.2605
1988-06-19,0.2875
1988-06-20,0.4555
1988-06-21,0.5208
1988-06-22,0.567
1988-06-23,0.6289
1988-06-24,0.6422
1988-06-25,0.6684
1988-06-26,0.6812
1988-06-27,0.6322
1988-06-28,0.5283
1988-06-29,0.4845
1988-06-30,0.4423
1988-07-01,0.3508
1988-07-02,0.2568
1988-07-03,0.2152
1988-07-04,0.1943
1988-07-05,0.1716
1988-07-06,-0.1274
1988-07-07,-0.3578
1988-07-08,-0.4578
1988-07-09,-0.6173
1988-07-10,-0.7271
1988-07-11,-0.6956
1988-07-12,-0.588
1988-07-13,-0.4686
1988-07-14,-0.3615
1988-07-15,-0.3466
1988-07-16,-0.5028
1988-07-17,-0.5914
1988-07-18,-0.6643
1988-07-19,-0.6659
1988-07-20,-0.7503
1988-07-21,-0.8501
1988-07-22,-0.9066
1988-07-23,-0.961
1988-07-24,-0.9227
1988-07-25,-0.9555
1988-07-26,-0.9607
1988-07-27,-1.0424
1988-07-28,-1.1526
1988-07-29,-1.3165
1988-07-30,-1.3715
1988-07-31,-1.3007
1988-08-01,-1.2439
1988-08-02,-1.2084
1988-08-03,-1.2759
1988-08-04,-1.345
1988-08-05,-1.2292
1988-08-06,-0.9356
1988-08-07,-0.8125
1988-08-08,-0.7012
1988-08-09,-0.6206
1988-08-10,-0.6468
1988-08-11,-0.6063
1988-08-12,-0.433
1988-08-13,-0.366
1988-08-14,-0.2406
1988-08-15,-0.0872
1988-08-16,0.1046
1988-08-17,0.2738
1988-08-18,0.3738
1988-08-19,0.3328
1988-08-20,0.3987
1988-08-21,0.5242
1988-08-22,0.6326
1988-08-23,0.6104
1988-08-24,0.493
1988-08-25,0.3954
1988-08-26,0.3789
1988-08-27,0.4265
1988-08-28,0.6158
1988-08-29,0.6231
1988-08-30,0.399
1988-08-31,0.221
1988-09-01,-0.0107
1988-09-02,-0.1583
1988-09-03,-0.3417
1988-09-04,-0.7095
1988-09-05,-1.1533
1988-09-06,-1.4624
1988-09-07,-1.6392
1988-09-08,-1.7245
1988-09-09,-1.8318
1988-09-10,-2.0344
1988-09-11,-2.483
1988-09-12,-2.9101
1988-09-13,-3.3863
1988-09-14,-3.3173
1988-09-15,-3.4968
1988-09-16,-2.9056
1988-09-17,-2.707
1988-09-18,-2.5659
1988-09-19,-2.6118
1988-09-20,-2.6422
1988-09-21,-2.4962
1988-09-22,-2.1064
1988-09-23,-1.9599
1988-09-24,-1.7261
1988-09-25,-1.4031
1988-09-26,-1.1872
1988-09-27,-1.1649
1988-09-28,-1.1154
1988-09-29,-1.0314
1988-09-30,-1.0421
1988-10-01,-0.9689
1988-10-02,-0.8795
1988-10-03,-0.8325
1988-10-04,-0.7562
1988-10-05,-0.618
1988-10-06,-0.445
1988-10-07,-0.3374
1988-10-08,-0.3453
1988-10-09,-0.4858
1988-10-10,-0.5469
1988-10-11,-0.547
1988-10-12,-0.5173
1988-10-13,-0.4747
1988-10-14,-0.4331
1988-10-15,-0.4637
1988-10-16,-0.5376
1988-10-17,-0.5785
1988-10-18,-0.6057
1988-10-19,-0.6603
1988-10-20,-0.7476
1988-10-21,-0.8651
1988-10-22,-0.9645
1988-10-23,-1.0238
1988-10-24,-1.0553
1988-10-25,-1.2255
1988-10-26,-1.2286
1988-10-27,-1.2027
1988-10-28,-1.1451
1988-10-29,-1.093
1988-10-30,-1.0712
1988-10-31,-1.1043
1988-11-01,-1.1207
1988-11-02,-1.0818
1988-11-03,-1.0571
1988-11-04,-1.0373
1988-11-05,-1.087
1988-11-06,-1.134
1988-11-07,-1.169
1988-11-08,-1.1439
1988-11-09,-1.1135
1988-11-10,-1.1822
1988-11-11,-1.2106
1988-11-12,-1.2121
1988-11-13,-0.9673
1988-11-14,-0.8227
1988-11-15,-0.8065
1988-11-16,-0.5691
1988-11-17,-0.507
1988-11-18,-0.4857
1988-11-19,-0.4609
1988-11-20,-0.4622
1988-11-21,-0.4599
1988-11-22,-0.3046
1988-11-23,0.2636
1988-11-24,0.3563
1988-11-25,0.5008
1988-11-26,0.4621
1988-11-27,0.4788
1988-11-28,0.4586
1988-11-29,0.4197
1988-11-30,0.3958
1988-12-01,0.3184
1988-12-02,0.2572
1988-12-03,0.223
1988-12-04,0.1913
1988-12-05,0.1591
1988-12-06,0.1209
1988-12-07,0.1
1988-12-08,0.0902
1988-12-09,0.0675
1988-12-10,0.0329
1988-12-11,-0.0618
1988-12-12,-0.1079
1988-12-13,-0.3497
1988-12-14,-0.5259
1988-12-15,-0.5523
1988-12-16,-0.7454
1988-12-17,-0.8181
1988-12-18,-0.8715
1988-12-19,-0.837
1988-12-20,-0.222
1988-12-21,-0.2698
1988-12-22,-0.1238
1988-12-23,-0.5534
1988-12-24,-0.5129
1988-12-25,-0.5577
1988-12-26,-0.5064
1988-12-27,-0.4311
1988-12-28,-0.4259
1988-12-29,-0.3856
1988-12-30,-0.3136
1988-12-31,-0.1958
1989-01-01,-0.1112
1989-01-02,-0.0979
1989-01-03,-0.1374
1989-01-04,-0.2137
1989-01-05,-0.0076
1989-01-06,0.0707
1989-01-07,0.0977
1989-01-08,0.13
1989-01-09,0.1238
1989-01-10,0.2281
1989-01-11,0.2815
1989-01-12,0.3082
1989-01-13,0.3456
1989-01-14,0.3371
1989-01-15,0.3211
1989-01-16,0.2628
1989-01-17,0.2582
1989-01-18,0.22
1989-01-19,-0.2226
1989-01-20,-0.208
1989-01-21,-0.3676
1989-01-22,-0.4201
1989-01-23,-0.5854
1989-01-24,-0.6283
1989-01-25,-0.671
1989-01-26,-0.7281
1989-01-27,-0.7135
1989-01-28,-0.704
1989-01-29,-0.8027
1989-01-30,-0.9287
1989-01-31,-0.9329
1989-02-01,-0.8634
1989-02-02,-0.8317
1989-02-03,-0.5655
1989-02-04,-0.7452
1989-02-05,-0.78
1989-02-06,-0.8183
1989-02-07,-0.8587
1989-02-08,-0.7935
1989-02-09,-0.6507
1989-02-10,-0.6738
1989-02-11,-0.7169
1989-02-12,-0.7381
1989-02-13,-0.7221
1989-02-14,-0.7307
1989-02-15,-0.7631
1989-02-16,-0.7787
1989-02-17,-0.821
1989-02-18,-0.7982
1989-02-19,-0.7849
1989-02-20,-0.7751
1989-02-21,-0.7354
1989-02-22,-0.7472
1989-02-23,-0.7277
1989-02-24,-0.6815
1989-02-25,-0.6523
1989-02-26,-0.6555
1989-02-27,-0.6749
1989-02-28,-0.6768
1989-03-01,-0.5506
1989-03-02,-0.0982
1989-03-03,-0.1346
1989-03-04,-0.1671
1989-03-05,-0.4169
1989-03-06,-0.4494
1989-03-07,-0.4121
1989-03-08,-0.248
1989-03-09,-0.1561
1989-03-10,-0.1221
1989-03-11,-0.1002
1989-03-12,-0.1179
1989-03-13,-0.172
1989-03-14,-0.1884
1989-03-15,-0.1748
1989-03-16,-0.0864
1989-03-17,-0.0127
1989-03-18,0.114
1989-03-19,0.1737
1989-03-20,0.1484
1989-03-21,0.1706
1989-03-22,0.1892
1989-03-23,0.2453
1989-03-24,0.3556
1989-03-25,0.4568
1989-03-26,0.4322
1989-03-27,0.4406
1989-03-28,0.4874
1989-03-29,0.5096
1989-03-30,0.5103
1989-03-31,0.3793
1989-04-01,-0.0155
1989-04-02,-0.0142
1989-04-03,-0.0084
1989-04-04,0.0492
1989-04-05,0.0211
1989-04-06,-0.0703
1989-04-07,-0.273
1989-04-08,-0.3897
1989-04-09,-0.5099
1989-04-10,-0.6486
1989-04-11,-0.6516
1989-04-12,-0.6523
1989-04-13,-0.6545
1989-04-14,-0.6626
1989-04-15,-0.7507
1989-04-16,-0.8361
1989-04-17,-0.943
1989-04-18,-1.0256
1989-04-19,-1.1303
1989-04-20,-1.1176
1989-04-21,-1.0341
1989-04-22,-1.1122
1989-04-23,-1.3315
1989-04-24,-1.5684
1989-04-25,-1.4163
1989-04-26,-1.3837
1989-04-27,-1.2923
1989-04-28,-1.2641
1989-04-29,-1.2324
1989-04-30,-1.2021
1989-05-01,-1.2149
1989-05-02,-1.238
1989-05-03,-1.2466
1989-05-04,-1.2683
1989-05-05,-1.2178
1989-05-06,-1.1707
1989-05-07,-1.0999
1989-05-08,-1.0607
1989-05-09,-0.8732
1989-05-10,-0.7123
1989-05-11,-0.584
1989-05-12,-0.4848
1989-05-13,-0.4197
1989-05-14,-0.4422
1989-05-15,-0.4883
1989-05-16,-0.4514
1989-05-17,-0.4394
1989-05-18,-0.393
1989-05-19,-0.3452
1989-05-20,-0.2851
1989-05-21,-0.3093
1989-05-22,-0.2756
1989-05-23,-0.2811
1989-05-24,-0.2979
1989-05-25,-0.3725
1989-05-26,-0.4031
1989-05-27,-0.4954
1989-05-28,-0.4538
1989-05-29,-0.3717
1989-05-30,-0.3889
1989-05-31,-0.4048
1989-06-01,-0.437
1989-06-02,-0.4834
1989-06-03,-0.388
1989-06-04,-0.2371
1989-06-05,-0.1276
1989-06-06,-0.0357
1989-06-07,0.1191
1989-06-08,0.0596
1989-06-09,0.0119
1989-06-10,-0.0063
1989-06-11,0.0122
1989-06-12,-0.002
1989-06-13,-0.0157
1989-06-14,-0.0103
1989-06-15,0.0883
1989-06-16,0.1461
1989-06-17,0.157
1989-06-18,0.1601
1989-06-19,0.203
1989-06-20,0.2551
1989-06-21,0.194
1989-06-22,0.0497
1989-06-23,-0.0121
1989-06-24,0.0422
1989-06-25,0.1438
1989-06-26,0.1843
1989-06-27,0.1993
1989-06-28,0.246
1989-06-29,0.2992
1989-06-30,0.4423
1989-07-01,0.5451
1989-07-02,0.6145
1989-07-03,0.5543
1989-07-04,0.4375
1989-07-05,0.3739
1989-07-06,0.2657
1989-07-07,-0.0602
1989-07-08,-0.1372
1989-07-09,-0.14
1989-07-10,-0.1701
1989-07-11,-0.2087
1989-07-12,-0.1555
1989-07-13,-0.1092
1989-07-14,-0.0524
1989-07-15,-0.0213
1989-07-16,-0.0218
1989-07-17,0.0058
1989-07-18,0.0395
1989-07-19,-0.0225
1989-07-20,-0.0801
1989-07-21,-0.0926
1989-07-22,-0.0246
1989-07-23,0.0053
1989-07-24,-0.0798
1989-07-25,-0.1787
1989-07-26,-0.1633
1989-07-27,-0.2878
1989-07-28,-0.5407
1989-07-29,-0.6973
1989-07-30,-0.8063
1989-07-31,-0.8142
1989-08-01,-0.8145
1989-08-02,-0.8252
1989-08-03,-0.8075
1989-08-04,-0.7066
1989-08-05,-0.5535
1989-08-06,-0.3011
1989-08-07,0.0097
1989-08-08,0.0369
1989-08-09,0.0452
1989-08-10,0.0331
1989-08-11,0.012
1989-08-12,0.0429
1989-08-13,-0.0304
1989-08-14,-0.2406
1989-08-15,-0.3656
1989-08-16,-0.3226
1989-08-17,-0.1471
1989-08-18,-0.0179
1989-08-19,0.0637
1989-08-20,0.2526
1989-08-21,0.3831
1989-08-22,0.4537
1989-08-23,0.6232
1989-08-24,0.733
1989-08-25,0.676
1989-08-26,0.7463
1989-08-27,0.8246
1989-08-28,0.8036
1989-08-29,0.9008
1989-08-30,0.9226
1989-08-31,0.8284
1989-09-01,0.7679
1989-09-02,0.7875
1989-09-03,0.7774
1989-09-04,0.7776
1989-09-05,0.7964
1989-09-06,0.6886
1989-09-07,0.6979
1989-09-08,0.7437
1989-09-09,0.7843
1989-09-10,0.8064
1989-09-11,0.8127
1989-09-12,0.8575
1989-09-13,0.8722
1989-09-14,0.8043
1989-09-15,0.632
1989-09-16,2.0412
1989-09-17,2.2489
1989-09-18,2.3834
1989-09-19,2.3985
1989-09-20,2.3533
1989-09-21,2.2752
1989-09-22,2.2313
1989-09-23,2.1201
1989-09-24,1.9308
1989-09-25,1.8598
1989-09-26,1.8325
1989-09-27,1.8426
1989-09-28,1.9385
1989-09-29,1.9671
1989-09-30,1.9438
1989-10-01,1.9358
1989-10-02,1.9476
1989-10-03,1.9603
1989-10-04,1.9464
1989-10-05,1.9143
1989-10-06,1.8744
1989-10-07,1.8539
1989-10-08,1.8431
1989-10-09,1.8134
1989-10-10,1.7217
1989-10-11,1.652
1989-10-12,1.6154
1989-10-13,1.554
1989-10-14,1.5818
1989-10-15,1.6312
1989-10-16,1.0563
1989-10-17,0.8053
1989-10-18,0.4834
1989-10-19,0.2219
1989-10-20,0.1481
1989-10-21,0.2092
1989-10-22,0.2
1989-10-23,1.7059
1989-10-24,1.8085
1989-10-25,1.7771
1989-10-26,1.6716
1989-10-27,1.6258
1989-10-28,1.4257
1989-10-29,1.2832
1989-10-30,1.2254
1989-10-31,1.203
1989-11-01,1.1907
1989-11-02,1.1979
1989-11-03,1.2112
1989-11-04,1.2315
1989-11-05,1.233
1989-11-06,1.2329
1989-11-07,1.2061
1989-11-08,1.1927
1989-11-09,1.1788
1989-11-10,1.1104
1989-11-11,1.0658
1989-11-12,1.0423
1989-11-13,0.9679
1989-11-14,0.9428
1989-11-15,0.957
1989-11-16,0.8967
1989-11-17,0.7981
1989-11-18,0.7981
1989-11-19,0.7203
1989-11-20,0.6509
1989-11-21,0.6251
1989-11-22,-0.7338
1989-11-23,-1.139
1989-11-24,-1.127
1989-11-25,-0.0556
1989-11-26,-0.1341
1989-11-27,-0.1188
1989-11-28,-0.1378
1989-11-29,-0.1745
1989-11-30,-0.2161
1989-12-01,-0.3134
1989-12-02,-0.3784
1989-12-03,-0.3877
1989-12-04,-0.4355
1989-12-05,-0.4604
1989-12-06,-0.529
1989-12-07,-0.5637
1989-12-08,-0.5663
1989-12-09,-0.5728
1989-12-10,-0.6105
1989-12-11,-0.6779
1989-12-12,-0.7292
1989-12-13,-0.7692
1989-12-14,-0.8337
1989-12-15,-0.8505
1989-12-16,-0.8409
1989-12-17,-0.8302
1989-12-18,-0.8685
1989-12-19,-0.837
1989-12-20,-0.8346
1989-12-21,-0.8748
1989-12-22,-0.8883
1989-12-23,-0.8709
1989-12-24,-0.9718
1989-12-25,-1.6148
1989-12-26,-1.591
1989-12-27,-1.6249
1989-12-28,-1.6159
1989-12-29,-1.6211
1989-12-30,-1.6044
1989-12-31,-1.6007
1990-01-01,-1.4767
1990-01-02,-1.4205
1990-01-03,-1.3939
1990-01-04,-1.3865
1990-01-05,-1.3845
1990-01-06,-1.348
1990-01-07,-1.3171
1990-01-08,-1.3542
1990-01-09,-1.3866
1990-01-10,-1.3494
1990-01-11,-1.3287
1990-01-12,-1.1735
1990-01-13,-0.8797
1990-01-14,-0.5835
1990-01-15,-0.5602
1990-01-16,-0.5091
1990-01-17,-0.4855
1990-01-18,-0.488
1990-01-19,-0.485
1990-01-20,-0.4556
1990-01-21,-0.3883
1990-01-22,-0.4337
1990-01-23,-0.4961
1990-01-24,-0.5132
1990-01-25,-0.5299
1990-01-26,-0.5277
1990-01-27,-0.4846
1990-01-28,-0.4365
1990-01-29,-0.4089
1990-01-30,-0.3311
1990-01-31,-0.318
1990-02-01,-0.1971
1990-02-02,-0.1948
1990-02-03,0.0545
1990-02-04,0.1366
1990-02-05,0.1729
1990-02-06,0.2113
1990-02-07,0.2344
1990-02-08,0.1839
1990-02-09,0.1805
1990-02-10,0.1689
1990-02-11,0.0143
1990-02-12,-0.2909
1990-02-13,-0.5568
1990-02-14,-0.5694
1990-02-15,-0.7314
1990-02-16,-0.2965
1990-02-17,-0.2103
1990-02-18,-0.1804
1990-02-19,-0.1372
1990-02-20,-0.1281
1990-02-21,-0.0812
1990-02-22,-0.0496
1990-02-23,-0.0325
1990-02-24,-0.0333
1990-02-25,-0.0305
1990-02-26,-0.0218
1990-02-27,-0.0229
1990-02-28,-0.0506
1990-03-01,-0.2321
1990-03-02,-0.2007
1990-03-03,-0.2619
1990-03-04,-0.1632
1990-03-05,-0.4248
1990-03-06,-0.4942
1990-03-07,-0.5245
1990-03-08,-0.5523
1990-03-09,-0.5362
1990-03-10,-0.42
1990-03-11,-0.2779
1990-03-12,-0.1975
1990-03-13,-0.2437
1990-03-14,-0.2285
1990-03-15,-0.243
1990-03-16,-0.2592
1990-03-17,-0.2585
1990-03-18,-0.8064
1990-03-19,-0.9837
1990-03-20,-1.0372
1990-03-21,-1.0132
1990-03-22,-0.9822
1990-03-23,-0.9486
1990-03-24,-0.9178
1990-03-25,-0.8913
1990-03-26,-0.8916
1990-03-27,-0.8748
1990-03-28,-0.8301
1990-03-29,-0.8118
1990-03-30,-0.8289
1990-03-31,-0.8161
1990-04-01,-0.9762
1990-04-02,-1.0486
1990-04-03,-1.1844
1990-04-04,-1.1958
1990-04-05,-1.197
1990-04-06,-1.1968
1990-04-07,-1.2162
1990-04-08,-1.2243
1990-04-09,-1.3114
1990-04-10,-1.4259
1990-04-11,-1.5138
1990-04-12,-1.5536
1990-04-13,-1.6136
1990-04-14,-1.6971
1990-04-15,-1.7194
1990-04-16,-1.6407
1990-04-17,-1.6579
1990-04-18,-1.6902
1990-04-19,-1.7567
1990-04-20,-1.6923
1990-04-21,-1.6694
1990-04-22,-1.291
1990-04-23,-0.725
1990-04-24,-0.6184
1990-04-25,-0.5588
1990-04-26,-0.4972
1990-04-27,-0.5169
1990-04-28,-0.5087
1990-04-29,-0.4649
1990-04-30,-0.4514
1990-05-01,-0.4285
1990-05-02,-0.4296
1990-05-03,-0.4653
1990-05-04,-0.4922
1990-05-05,-0.4621
1990-05-06,-0.4492
1990-05-07,-0.4283
1990-05-08,-0.4114
1990-05-09,-0.303
1990-05-10,-0.1826
1990-05-11,-0.0655
1990-05-12,0.0364
1990-05-13,0.1165
1990-05-14,0.1497
1990-05-15,0.0618
1990-05-16,-0.0874
1990-05-17,-0.1011
1990-05-18,-0.1109
1990-05-19,-0.0499
1990-05-20,0.0695
1990-05-21,0.0751
1990-05-22,-0.2406
1990-05-23,-0.4949
1990-05-24,-0.5023
1990-05-25,-0.4088
1990-05-26,-0.2855
1990-05-27,0.7545
1990-05-28,1.1691
1990-05-29,1.214
1990-05-30,1.2607
1990-05-31,1.298
1990-06-01,1.3462
1990-06-02,1.3821
1990-06-03,1.4156
1990-06-04,1.4579
1990-06-05,1.4792
1990-06-06,1.4883
1990-06-07,1.4931
1990-06-08,1.4947
1990-06-09,1.4801
1990-06-10,1.4851
1990-06-11,1.5043
1990-06-12,1.534
1990-06-13,1.5728
1990-06-14,1.6975
1990-06-15,1.7684
1990-06-16,1.7898
1990-06-17,1.8044
1990-06-18,1.8111
1990-06-19,1.7913
1990-06-20,1.7964
1990-06-21,1.7847
1990-06-22,1.6981
1990-06-23,1.7146
1990-06-24,1.7566
1990-06-25,1.7605
1990-06-26,1.1595
1990-06-27,0.4376
1990-06-28,0.246
1990-06-29,0.0272
1990-06-30,-0.1232
1990-07-01,-0.2245
1990-07-02,-0.2444
1990-07-03,-0.2635
1990-07-04,-0.209
1990-07-05,-0.1272
1990-07-06,-0.0685
1990-07-07,-0.026
1990-07-08,0.0599
1990-07-09,0.1322
1990-07-10,0.0429
1990-07-11,-0.0111
1990-07-12,-0.1043
1990-07-13,-0.2869
1990-07-14,-0.4549
1990-07-15,-0.6111
1990-07-16,-0.6402
1990-07-17,-0.6421
1990-07-18,-0.698
1990-07-19,-0.6911
1990-07-20,-0.6916
1990-07-21,-0.7081
1990-07-22,-0.8492
1990-07-23,-0.8629
1990-07-24,-0.7776
1990-07-25,-0.6999
1990-07-26,-0.6187
1990-07-27,-0.6782
1990-07-28,-0.7037
1990-07-29,-0.7083
1990-07-30,-0.7159
1990-07-31,-0.8736
1990-08-01,-1.077
1990-08-02,-1.1574
1990-08-03,-1.2759
1990-08-04,-1.4212
1990-08-05,-1.667
1990-08-06,-1.8289
1990-08-07,-1.9492
1990-08-08,-1.954
1990-08-09,-1.9062
1990-08-10,-2.0015
1990-08-11,-2.0412
1990-08-12,-1.9786
1990-08-13,-1.9868
1990-08-14,-1.9263
1990-08-15,-1.9607
1990-08-16,-1.8103
1990-08-17,-1.642
1990-08-18,-1.4056
1990-08-19,-1.1596
1990-08-20,-0.8967
1990-08-21,-0.7399
1990-08-22,-0.7813
1990-08-23,-0.9554
1990-08-24,-0.8665
1990-08-25,-0.7083
1990-08-26,-0.4978
1990-08-27,-0.378
1990-08-28,-0.2613
1990-08-29,-0.1645
1990-08-30,-0.061
1990-08-31,0.0048
1990-09-01,0.0703
1990-09-02,0.0367
1990-09-03,0.1663
1990-09-04,0.3961
1990-09-05,0.5797
1990-09-06,0.7451
1990-09-07,0.8888
1990-09-08,0.9552
1990-09-09,0.9968
1990-09-10,0.9917
1990-09-11,1.0303
1990-09-12,1.0325
1990-09-13,0.9345
1990-09-14,0.857
1990-09-15,0.7194
1990-09-16,0.411
1990-09-17,0.1593
1990-09-18,0.0753
1990-09-19,-0.0097
1990-09-20,-0.1429
1990-09-21,-0.0695
1990-09-22,-0.0222
1990-09-23,-0.0952
1990-09-24,-0.1807
1990-09-25,-0.2676
1990-09-26,-0.2744
1990-09-27,-0.2778
1990-09-28,-0.3533
1990-09-29,-0.4855
1990-09-30,-0.5869
1990-10-01,-0.6888
1990-10-02,-0.7206
1990-10-03,-0.8931
1990-10-04,-1.0911
1990-10-05,-1.0144
1990-10-06,-0.9187
1990-10-07,-0.87
1990-10-08,-0.8358
1990-10-09,-0.8237
1990-10-10,-0.7954
1990-10-11,-0.8221
1990-10-12,-0.8326
1990-10-13,-0.8222
1990-10-14,-0.8895
1990-10-15,-0.9343
1990-10-16,-0.9501
1990-10-17,-0.9732
1990-10-18,-0.9222
1990-10-19,-0.8954
1990-10-20,-0.8507
1990-10-21,-0.9393
1990-10-22,-1.0129
1990-10-23,-1.1085
1990-10-24,-1.1647
1990-10-25,-1.3342
1990-10-26,-1.3544
1990-10-27,-1.3995
1990-10-28,-1.4223
1990-10-29,-1.4122
1990-10-30,-1.3679
1990-10-31,-1.2373
1990-11-01,-1.2258
1990-11-02,-1.1852
1990-11-03,-1.0978
1990-11-04,-1.0992
1990-11-05,-1.1147
1990-11-06,-1.1551
1990-11-07,-1.2045
1990-11-08,-1.2137
1990-11-09,-1.1857
1990-11-10,-1.2017
1990-11-11,-1.2295
1990-11-12,-1.2396
1990-11-13,-1.2932
1990-11-14,-1.2676
1990-11-15,-1.27
1990-11-16,-1.2449
1990-11-17,-1.3085
1990-11-18,-1.3476
1990-11-19,-1.3785
1990-11-20,-1.4006
1990-11-21,-1.4776
1990-11-22,-1.4898
1990-11-23,-1.4693
1990-11-24,-1.4546
1990-11-25,-1.2586
1990-11-26,-1.2197
1990-11-27,-1.2366
1990-11-28,-1.233
1990-11-29,-1.259
1990-11-30,-1.3293
1990-12-01,-1.3523
1990-12-02,-1.3471
1990-12-03,-1.3157
1990-12-04,-1.3148
1990-12-05,-1.3056
1990-12-06,-1.4061
1990-12-07,-1.4522
1990-12-08,-1.4066
1990-12-09,-1.4027
1990-12-10,-1.3587
1990-12-11,-1.2666
1990-12-12,-1.2923
1990-12-13,-1.3206
1990-12-14,-1.3395
1990-12-15,-1.1068
1990-12-16,-1.1153
1990-12-17,-1.1079
1990-12-18,-1.1207
1990-12-19,-1.133
1990-12-20,-1.1285
1990-12-21,-1.1555
1990-12-22,-1.1569
1990-12-23,-1.1263
1990-12-24,-1.1196
1990-12-25,-1.1771
1990-12-26,-1.1684
1990-12-27,-1.1461
1990-12-28,-1.1596
1990-12-29,-1.1544
1990-12-30,-1.151
1990-12-31,-1.1346
1991-01-01,-1.0954
1991-01-02,-1.0715
1991-01-03,-1.0852
1991-01-04,-1.1162
1991-01-05,-1.1264
1991-01-06,-1.0907
1991-01-07,-1.0309
1991-01-08,-1.0614
1991-01-09,-1.142
1991-01-10,-1.1719
1991-01-11,-1.1433
1991-01-12,-1.1473
1991-01-13,-1.1482
1991-01-14,-1.2739
1991-01-15,-1.2708
1991-01-16,-1.3321
1991-01-17,-1.3717
1991-01-18,-1.3835
1991-01-19,-1.4087
1991-01-20,-1.5013
1991-01-21,-1.4902
1991-01-22,-1.5121
1991-01-23,-1.6055
1991-01-24,-1.5681
1991-01-25,-1.5314
1991-01-26,-1.5055
1991-01-27,-1.4659
1991-01-28,-1.4543
1991-01-29,-1.4825
1991-01-30,-1.4857
1991-01-31,-1.431
1991-02-01,-1.3737
1991-02-02,-1.195
1991-02-03,-1.1429
1991-02-04,-0.7917
1991-02-05,-0.5941
1991-02-06,-0.6569
1991-02-07,-0.6506
1991-02-08,-0.7379
1991-02-09,-0.7719
1991-02-10,-0.8364
1991-02-11,-0.8716
1991-02-12,-0.9346
1991-02-13,-0.9366
1991-02-14,-0.9582
1991-02-15,-0.9876
1991-02-16,-0.9899
1991-02-17,-1.0219
1991-02-18,-1.0346
1991-02-19,-1.0253
1991-02-20,-1.0205
1991-02-21,-0.9873
1991-02-22,-0.9729
1991-02-23,-0.9566
1991-02-24,-0.935
1991-02-25,-0.9145
1991-02-26,-0.9208
1991-02-27,-0.7515
1991-02-28,-0.3576
1991-03-01,0.066
1991-03-02,0.0996
1991-03-03,0.3662
1991-03-04,0.3552
1991-03-05,0.2797
1991-03-06,0.0217
1991-03-07,-0.1174
1991-03-08,-0.082
1991-03-09,-0.0466
1991-03-10,0.1162
1991-03-11,0.2366
1991-03-12,0.3768
1991-03-13,0.5377
1991-03-14,0.622
1991-03-15,0.6874
1991-03-16,0.7734
1991-03-17,1.0522
1991-03-18,1.2746
1991-03-19,1.5511
1991-03-20,1.7155
1991-03-21,1.7054
1991-03-22,1.6289
1991-03-23,1.6563
1991-03-24,1.8017
1991-03-25,1.8251
1991-03-26,1.9209
1991-03-27,1.9572
1991-03-28,1.9596
1991-03-29,1.9414
1991-03-30,1.8486
1991-03-31,1.6776
1991-04-01,1.6562
1991-04-02,1.4934
1991-04-03,1.3787
1991-04-04,1.3787
1991-04-05,1.3741
1991-04-06,1.3439
1991-04-07,1.3431
1991-04-08,1.3503
1991-04-09,1.3124
1991-04-10,1.2966
1991-04-11,1.2257
1991-04-12,1.1334
1991-04-13,1.1402
1991-04-14,1.1798
1991-04-15,1.2272
1991-04-16,1.0998
1991-04-17,0.9973
1991-04-18,0.8482
1991-04-19,0.6964
1991-04-20,0.7327
1991-04-21,0.8221
1991-04-22,0.7231
1991-04-23,0.2243
1991-04-24,-0.0585
1991-04-25,-0.5442
1991-04-26,-0.5686
1991-04-27,-0.5443
1991-04-28,-0.5912
1991-04-29,-0.5836
1991-04-30,-0.6157
1991-05-01,-0.5568
1991-05-02,-0.5187
1991-05-03,-0.5163
1991-05-04,-0.4956
1991-05-05,-0.3825
1991-05-06,-0.3283
1991-05-07,-0.2752
1991-05-08,-0.1769
1991-05-09,-0.067
1991-05-10,-0.0308
1991-05-11,0.0441
1991-05-12,0.1334
1991-05-13,0.3273
1991-05-14,0.3271
1991-05-15,0.2102
1991-05-16,0.2262
1991-05-17,0.3542
1991-05-18,0.4381
1991-05-19,0.4313
1991-05-20,0.3465
1991-05-21,0.2871
1991-05-22,0.3257
1991-05-23,0.2895
1991-05-24,0.2352
1991-05-25,0.1829
1991-05-26,0.1071
1991-05-27,0.0437
1991-05-28,0.0733
1991-05-29,0.1678
1991-05-30,0.261
1991-05-31,0.1954
1991-06-01,0.113
1991-06-02,0.0849
1991-06-03,0.0961
1991-06-04,0.0592
1991-06-05,0.092
1991-06-06,0.1241
1991-06-07,0.0647
1991-06-08,0.011
1991-06-09,-0.0557
1991-06-10,-0.1599
1991-06-11,-0.2804
1991-06-12,-0.5172
1991-06-13,-0.5505
1991-06-14,-0.5292
1991-06-15,-0.5365
1991-06-16,-0.7147
1991-06-17,-0.9531
1991-06-18,-0.9682
1991-06-19,-0.8511
1991-06-20,-0.7832
1991-06-21,-0.7515
1991-06-22,-0.5782
1991-06-23,-0.3824
1991-06-24,-0.1993
1991-06-25,-0.0908
1991-06-26,0.049
1991-06-27,0.2684
1991-06-28,0.6706
1991-06-29,0.7639
1991-06-30,0.8281
1991-07-01,0.8945
1991-07-02,0.7988
1991-07-03,0.7047
1991-07-04,0.692
1991-07-05,0.7019
1991-07-06,0.7402
1991-07-07,0.8583
1991-07-08,0.9674
1991-07-09,1.068
1991-07-10,1.1553
1991-07-11,1.207
1991-07-12,1.179
1991-07-13,1.1722
1991-07-14,1.2072
1991-07-15,1.3297
1991-07-16,1.4299
1991-07-17,1.4542
1991-07-18,1.4861
1991-07-19,1.494
1991-07-20,1.5209
1991-07-21,1.4899
1991-07-22,1.4173
1991-07-23,1.3087
1991-07-24,1.1947
1991-07-25,1.1255
1991-07-26,1.0161
1991-07-27,0.8085
1991-07-28,0.109
1991-07-29,-0.4158
1991-07-30,-0.6355
1991-07-31,-0.8022
1991-08-01,-0.6455
1991-08-02,-0.3292
1991-08-03,0.0259
1991-08-04,0.3654
1991-08-05,0.5342
1991-08-06,0.6309
1991-08-07,0.6021
1991-08-08,0.505
1991-08-09,0.4803
1991-08-10,0.5068
1991-08-11,0.5564
1991-08-12,0.634
1991-08-13,0.7587
1991-08-14,0.7813
1991-08-15,0.8201
1991-08-16,0.8465
1991-08-17,0.8046
1991-08-18,0.7085
1991-08-19,0.6234
1991-08-20,0.5902
1991-08-21,0.5743
1991-08-22,0.6075
1991-08-23,0.5199
1991-08-24,0.3972
1991-08-25,0.4807
1991-08-26,0.6354
1991-08-27,0.8389
1991-08-28,1.0645
1991-08-29,1.1872
1991-08-30,1.2301
1991-08-31,1.2202
1991-09-01,1.0354
1991-09-02,0.8268
1991-09-03,0.6057
1991-09-04,0.3815
1991-09-05,0.0975
1991-09-06,0.153
1991-09-07,0.2784
1991-09-08,0.2865
1991-09-09,0.5694
1991-09-10,0.692
1991-09-11,0.5902
1991-09-12,0.317
1991-09-13,0.1258
1991-09-14,-0.0821
1991-09-15,-0.3443
1991-09-16,-0.6567
1991-09-17,-0.8759
1991-09-18,-1.0359
1991-09-19,-1.1048
1991-09-20,-1.1203
1991-09-21,-1.1723
1991-09-22,-1.1684
1991-09-23,-1.1526
1991-09-24,-1.3709
1991-09-25,-1.9084
1991-09-26,-2.5298
1991-09-27,-3.1912
1991-09-28,-4.0
1991-09-29,-4.0
1991-09-30,-4.0
1991-10-01,-4.0
1991-10-02,-4.0
1991-10-03,-3.6975
1991-10-04,-2.6039
1991-10-05,-2.4985
1991-10-06,-2.5371
1991-10-07,-2.5952
1991-10-08,-2.6936
1991-10-09,-2.7449
1991-10-10,-2.7466
1991-10-11,-2.722
1991-10-12,-2.7418
1991-10-13,-2.5699
1991-10-14,-2.5829
1991-10-15,-2.4466
1991-10-16,-2.2416
1991-10-17,-2.1848
1991-10-18,-2.1869
1991-10-19,-2.1819
1991-10-20,-2.2506
1991-10-21,-2.4015
1991-10-22,-2.3494
1991-10-23,-2.1758
1991-10-24,-2.0181
1991-10-25,-0.5427
1991-10-26,1.1988
1991-10-27,1.217
1991-10-28,1.1701
1991-10-29,1.1415
1991-10-30,1.1398
1991-10-31,1.1418
1991-11-01,1.1495
1991-11-02,1.1699
1991-11-03,1.2076
1991-11-04,1.2246
1991-11-05,1.233
1991-11-06,1.2381
1991-11-07,1.2096
1991-11-08,1.1891
1991-11-09,1.194
1991-11-10,1.1418
1991-11-11,1.1103
1991-11-12,1.0864
1991-11-13,1.0332
1991-11-14,1.0421
1991-11-15,1.0804
1991-11-16,1.0357
1991-11-17,1.0455
1991-11-18,1.0921
1991-11-19,1.0414
1991-11-20,1.0308
1991-11-21,1.0142
1991-11-22,1.0168
1991-11-23,1.0067
1991-11-24,0.4918
1991-11-25,-1.0378
1991-11-26,-1.2072
1991-11-27,-1.2716
1991-11-28,-1.3106
1991-11-29,-1.363
1991-11-30,-1.3412
1991-12-01,-1.345
1991-12-02,-1.3332
1991-12-03,-1.2693
1991-12-04,-1.2759
1991-12-05,-1.2649
1991-12-06,-1.2782
1991-12-07,-1.0547
1991-12-08,-0.9476
1991-12-09,-0.9558
1991-12-10,-1.008
1991-12-11,-1.0759
1991-12-12,-1.1097
1991-12-13,-1.1351
1991-12-14,-1.1875
1991-12-15,-1.1773
1991-12-16,-1.0729
1991-12-17,-1.209
1991-12-18,-1.3212
1991-12-19,-1.3272
1991-12-20,-1.3122
1991-12-21,-1.3209
1991-12-22,-1.3317
1991-12-23,-1.3508
1991-12-24,-1.3539
1991-12-25,-1.2633
1991-12-26,-1.2213
1991-12-27,-1.1088
1991-12-28,-0.9684
1991-12-29,-0.7102
1991-12-30,-0.6929
1991-12-31,-0.6308
1992-01-01,-0.5773
1992-01-02,-0.5754
1992-01-03,-0.6129
1992-01-04,-0.5694
1992-01-05,-0.4153
1992-01-06,-0.4807
1992-01-07,-0.4005
1992-01-08,-0.409
1992-01-09,-0.4105
1992-01-10,-0.309
1992-01-11,-0.2815
1992-01-12,-0.2876
1992-01-13,-0.2653
1992-01-14,-0.2764
1992-01-15,-0.3155
1992-01-16,-0.3879
1992-01-17,-0.3746
1992-01-18,-0.3614
1992-01-19,-0.3338
1992-01-20,-0.2924
1992-01-21,-0.2006
1992-01-22,-0.2168
1992-01-23,-0.2439
1992-01-24,-0.2471
1992-01-25,-0.2669
1992-01-26,-0.3588
1992-01-27,-0.3995
1992-01-28,-0.5474
1992-01-29,-0.5548
1992-01-30,-0.6112
1992-01-31,-0.5565
1992-02-01,-0.4686
1992-02-02,-0.4662
1992-02-03,-0.5743
1992-02-04,-0.808
1992-02-05,-0.8733
1992-02-06,-0.9813
1992-02-07,-1.0181
1992-02-08,-1.0554
1992-02-09,-0.9783
1992-02-10,-0.577
1992-02-11,-0.1595
1992-02-12,0.3409
1992-02-13,0.3846
1992-02-14,0.7377
1992-02-15,0.8841
1992-02-16,0.9432
1992-02-17,0.959
1992-02-18,0.958
1992-02-19,1.0007
1992-02-20,1.1036
1992-02-21,1.1325
1992-02-22,1.1954
1992-02-23,1.225
1992-02-24,1.2363
1992-02-25,1.2228
1992-02-26,1.2027
1992-02-27,1.1806
1992-02-28,1.1817
1992-03-01,1.162
1992-03-02,1.1278
1992-03-03,1.0765
1992-03-04,1.1053
1992-03-05,1.4616
1992-03-06,1.5615
1992-03-07,1.5584
1992-03-08,1.5863
1992-03-09,1.6605
1992-03-10,1.646
1992-03-11,1.5836
1992-03-12,1.3577
1992-03-13,1.0824
1992-03-14,0.7048
1992-03-15,0.7738
1992-03-16,0.3083
1992-03-17,0.0582
1992-03-18,-0.0533
1992-03-19,-0.0879
1992-03-20,-0.1005
1992-03-21,-0.1359
1992-03-22,-0.27
1992-03-23,-0.2379
1992-03-24,-0.2103
1992-03-25,-0.2058
1992-03-26,-0.2486
1992-03-27,-0.2463
1992-03-28,-0.1957
1992-03-29,-0.1612
1992-03-30,-0.144
1992-03-31,-0.1562
1992-04-01,-0.146
1992-04-02,-0.1225
1992-04-03,-0.0913
1992-04-04,-0.5353
1992-04-05,-0.6499
1992-04-06,-0.7136
1992-04-07,-0.7637
1992-04-08,-0.8029
1992-04-09,-0.814
1992-04-10,-0.8019
1992-04-11,-0.7555
1992-04-12,-0.5739
1992-04-13,-0.6361
1992-04-14,-0.7388
1992-04-15,-0.7558
1992-04-16,-0.8144
1992-04-17,-0.892
1992-04-18,-0.9192
1992-04-19,-0.9682
1992-04-20,-1.0116
1992-04-21,-1.1439
1992-04-22,-1.1823
1992-04-23,-1.2931
1992-04-24,-1.3152
1992-04-25,-1.2721
1992-04-26,-1.2374
1992-04-27,-1.2462
1992-04-28,-1.3025
1992-04-29,-1.3221
1992-04-30,-1.3292
1992-05-01,-1.2993
1992-05-02,-1.238
1992-05-03,-1.2823
1992-05-04,-1.3114
1992-05-05,-1.3178
1992-05-06,-1.3008
1992-05-07,-1.2544
1992-05-08,-1.2597
1992-05-09,-1.2459
1992-05-10,-1.283
1992-05-11,-1.3273
1992-05-12,-1.7042
1992-05-13,-1.711
1992-05-14,-1.7121
1992-05-15,-1.6952
1992-05-16,-1.6487
1992-05-17,-1.6905
1992-05-18,-1.6093
1992-05-19,-1.5516
1992-05-20,-1.5326
1992-05-21,-1.5061
1992-05-22,-1.5749
1992-05-23,-1.66
1992-05-24,-1.776
1992-05-25,-1.7462
1992-05-26,-1.7739
1992-05-27,-1.8203
1992-05-28,-1.8069
1992-05-29,-1.8688
1992-05-30,-1.9346
1992-05-31,-1.8969
1992-06-01,-1.9386
1992-06-02,-1.8077
1992-06-03,-1.7988
1992-06-04,-1.9101
1992-06-05,-1.9763
1992-06-06,-1.9535
1992-06-07,-1.8573
1992-06-08,-1.8623
1992-06-09,-1.8107
1992-06-10,-1.7823
1992-06-11,-1.7214
1992-06-12,-1.6508
1992-06-13,-1.5315
1992-06-14,-1.4398
1992-06-15,-1.1676
1992-06-16,-0.9939
1992-06-17,-0.9196
1992-06-18,-0.8913
1992-06-19,-0.9025
1992-06-20,-0.8447
1992-06-21,-0.804
1992-06-22,-0.6953
1992-06-23,-0.5367
1992-06-24,-0.4823
1992-06-25,-0.3646
1992-06-26,-0.2348
1992-06-27,-0.1324
1992-06-28,0.1029
1992-06-29,0.5906
1992-06-30,0.7732
1992-07-01,0.8613
1992-07-02,0.9202
1992-07-03,1.0084
1992-07-04,1.2386
1992-07-05,1.4115
1992-07-06,1.5042
1992-07-07,1.5168
1992-07-08,1.5297
1992-07-09,1.5374
1992-07-10,1.5366
1992-07-11,1.6343
1992-07-12,1.6705
1992-07-13,1.7122
1992-07-14,1.6977
1992-07-15,1.7372
1992-07-16,1.7427
1992-07-17,1.6915
1992-07-18,1.6757
1992-07-19,1.6869
1992-07-20,1.7654
1992-07-21,1.8663
1992-07-22,1.9564
1992-07-23,1.9556
1992-07-24,1.9562
1992-07-25,1.9101
1992-07-26,1.8432
1992-07-27,1.7981
1992-07-28,1.834
1992-07-29,1.4388
1992-07-30,1.317
1992-07-31,1.2803
1992-08-01,1.2432
1992-08-02,1.1867
1992-08-03,0.8743
1992-08-04,0.6917
1992-08-05,0.5874
1992-08-06,0.5731
1992-08-07,0.5792
1992-08-08,0.6204
1992-08-09,0.5278
1992-08-10,-0.0583
1992-08-11,-0.5245
1992-08-12,-0.9455
1992-08-13,-1.0976
1992-08-14,-1.267
1992-08-15,-1.306
1992-08-16,-1.3468
1992-08-17,-1.4339
1992-08-18,-1.5784
1992-08-19,-1.8287
1992-08-20,-1.9724
1992-08-21,-2.0426
1992-08-22,-1.9819
1992-08-23,-1.9352
1992-08-24,-1.9829
1992-08-25,-1.9923
1992-08-26,-2.0253
1992-08-27,-2.0319
1992-08-28,-2.0193
1992-08-29,-1.9989
1992-08-30,-1.8806
1992-08-31,-1.7536
1992-09-01,-1.6621
1992-09-02,-1.422
1992-09-03,-1.0926
1992-09-04,-0.9778
1992-09-05,-0.9883
1992-09-06,-0.9628
1992-09-07,-1.1257
1992-09-08,-1.1302
1992-09-09,-1.0406
1992-09-10,-0.6693
1992-09-11,-0.4533
1992-09-12,-0.3459
1992-09-13,-0.3184
1992-09-14,-0.2563
1992-09-15,-0.1439
1992-09-16,-0.1226
1992-09-17,0.0224
1992-09-18,0.1614
1992-09-19,0.1997
1992-09-20,0.1559
1992-09-21,-0.0554
1992-09-22,-0.1277
1992-09-23,-0.1469
1992-09-24,-0.0936
1992-09-25,-0.0373
1992-09-26,-0.0448
1992-09-27,-0.1973
1992-09-28,-0.4115
1992-09-29,-0.7228
1992-09-30,-0.827
1992-10-01,-0.8159
1992-10-02,-0.8467
1992-10-03,-1.0518
1992-10-04,-1.1601
1992-10-05,-1.2144
1992-10-06,-1.2651
1992-10-07,-1.2924
1992-10-08,-1.3154
1992-10-09,-1.3035
1992-10-10,-1.3995
1992-10-11,-1.4926
1992-10-12,-1.5452
1992-10-13,-1.498
1992-10-14,-1.4557
1992-10-15,-1.3933
1992-10-16,-1.3301
1992-10-17,-1.3255
1992-10-18,-1.2943
1992-10-19,-1.26
1992-10-20,-1.1794
1992-10-21,-0.4476
1992-10-22,-0.3872
1992-10-23,-0.4387
1992-10-24,-0.4532
1992-10-25,-0.4628
1992-10-26,-0.4454
1992-10-27,-0.4157
1992-10-28,-0.289
1992-10-29,0.237
1992-10-30,0.4015
1992-10-31,0.4289
1992-11-01,0.3921
1992-11-02,0.3699
1992-11-03,0.4549
1992-11-04,0.485
1992-11-05,0.5046
1992-11-06,0.5132
1992-11-07,0.4874
1992-11-08,0.4382
1992-11-09,0.4129
1992-11-10,0.3115
1992-11-11,0.2836
1992-11-12,0.2635
1992-11-13,0.1592
1992-11-14,0.1227
1992-11-15,0.0937
1992-11-16,0.0001
1992-11-17,-0.0835
1992-11-18,-0.0915
1992-11-19,-0.0636
1992-11-20,-0.4413
1992-11-21,-0.489
1992-11-22,-0.4279
1992-11-23,-0.455
1992-11-24,-0.4742
1992-11-25,-0.4803
1992-11-26,-0.5594
1992-11-27,-0.6424
1992-11-28,-1.1521
1992-11-29,-1.3966
1992-11-30,-1.4325
1992-12-01,-1.4479
1992-12-02,-1.3123
1992-12-03,-1.319
1992-12-04,-1.3213
1992-12-05,-1.3087
1992-12-06,-0.9872
1992-12-07,-0.7205
1992-12-08,-0.6081
1992-12-09,-0.2831
1992-12-10,0.2516
1992-12-11,0.3302
1992-12-12,0.3474
1992-12-13,0.3502
1992-12-14,0.3411
1992-12-15,0.3174
1992-12-16,0.3306
1992-12-17,0.4666
1992-12-18,0.4402
1992-12-19,0.3941
1992-12-20,0.3805
1992-12-21,0.2771
1992-12-22,0.2079
1992-12-23,0.2285
1992-12-24,0.2235
1992-12-25,0.1941
1992-12-26,0.2579
1992-12-27,0.2964
1992-12-28,0.7005
1992-12-29,0.7786
1992-12-30,0.8254
1992-12-31,0.8804
1993-01-01,1.0895
1993-01-02,1.0186
1993-01-03,0.9854
1993-01-04,0.9274
1993-01-05,0.6967
1993-01-06,0.8142
1993-01-07,1.1556
1993-01-08,1.1565
1993-01-09,0.9014
1993-01-10,0.8958
1993-01-11,0.914
1993-01-12,1.1635
1993-01-13,1.388
1993-01-14,1.4412
1993-01-15,1.4626
1993-01-16,1.472
1993-01-17,1.8014
1993-01-18,1.7757
1993-01-19,1.7528
1993-01-20,1.916
1993-01-21,1.94
1993-01-22,1.9039
1993-01-23,1.9049
1993-01-24,1.8678
1993-01-25,1.8394
1993-01-26,1.7882
1993-01-27,1.5978
1993-01-28,1.5739
1993-01-29,1.5738
1993-01-30,1.5572
1993-01-31,1.424
1993-02-01,1.4343
1993-02-02,1.4327
1993-02-03,1.4386
1993-02-04,1.4261
1993-02-05,1.3215
1993-02-06,1.0783
1993-02-07,1.0158
1993-02-08,1.1877
1993-02-09,1.2051
1993-02-10,1.2229
1993-02-11,1.1103
1993-02-12,0.8815
1993-02-13,0.8002
1993-02-14,0.714
1993-02-15,0.6734
1993-02-16,0.2012
1993-02-17,0.1233
1993-02-18,0.3301
1993-02-19,0.2273
1993-02-20,0.1455
1993-02-21,0.187
1993-02-22,0.2891
1993-02-23,0.4563
1993-02-24,0.4741
1993-02-25,0.529
1993-02-26,0.622
1993-02-27,0.7086
1993-02-28,0.7241
1993-03-01,0.6906
1993-03-02,0.6382
1993-03-03,0.5718
1993-03-04,0.5672
1993-03-05,0.5338
1993-03-06,0.5278
1993-03-07,0.463
1993-03-08,0.4574
1993-03-09,0.4229
1993-03-10,-0.0452
1993-03-11,-0.159
1993-03-12,-0.2101
1993-03-13,-0.3586
1993-03-14,-0.3723
1993-03-15,-0.3761
1993-03-16,-0.2339
1993-03-17,0.1115
1993-03-18,0.1483
1993-03-19,0.1737
1993-03-20,-0.2074
1993-03-21,-0.3752
1993-03-22,-0.4873
1993-03-23,-0.121
1993-03-24,0.0202
1993-03-25,0.2156
1993-03-26,0.3383
1993-03-27,0.3467
1993-03-28,0.3423
1993-03-29,0.2776
1993-03-30,0.2805
1993-03-31,0.3366
1993-04-01,0.4652
1993-04-02,0.5081
1993-04-03,0.566
1993-04-04,0.6573
1993-04-05,0.7018
1993-04-06,0.7186
1993-04-07,0.7139
1993-04-08,0.7133
1993-04-09,0.7377
1993-04-10,0.7794
1993-04-11,0.7928
1993-04-12,0.8286
1993-04-13,0.8505
1993-04-14,0.8965
1993-04-15,0.8639
1993-04-16,0.6878
1993-04-17,0.753
1993-04-18,0.8009
1993-04-19,0.8847
1993-04-20,0.9076
1993-04-21,0.9849
1993-04-22,0.7621
1993-04-23,0.654
1993-04-24,0.2439
1993-04-25,0.0077
1993-04-26,-0.103
1993-04-27,-0.259
1993-04-28,-0.3415
1993-04-29,-0.4015
1993-04-30,-0.5103
1993-05-01,-0.7085
1993-05-02,-0.7341
1993-05-03,-0.7878
1993-05-04,-0.8091
1993-05-05,-0.757
1993-05-06,-0.7309
1993-05-07,-0.6523
1993-05-08,-0.6005
1993-05-09,-0.6177
1993-05-10,-0.6854
1993-05-11,-0.5931
1993-05-12,-0.512
1993-05-13,-0.4788
1993-05-14,-0.5013
1993-05-15,-0.5619
1993-05-16,-0.5647
1993-05-17,-0.704
1993-05-18,-0.7595
1993-05-19,-0.7888
1993-05-20,-0.7252
1993-05-21,-0.7028
1993-05-22,-0.7068
1993-05-23,-0.7552
1993-05-24,-0.3944
1993-05-25,0.1639
1993-05-26,0.2304
1993-05-27,0.3086
1993-05-28,0.4244
1993-05-29,0.472
1993-05-30,0.6234
1993-05-31,0.9228
1993-06-01,0.958
1993-06-02,0.9625
1993-06-03,0.978
1993-06-04,1.1156
1993-06-05,1.1961
1993-06-06,1.392
1993-06-07,1.4737
1993-06-08,1.5367
1993-06-09,1.582
1993-06-10,1.5781
1993-06-11,1.5936
1993-06-12,1.6152
1993-06-13,1.6525
1993-06-14,1.7544
1993-06-15,1.809
1993-06-16,1.8298
1993-06-17,1.8448
1993-06-18,1.8527
1993-06-19,1.8334
1993-06-20,1.8496
1993-06-21,1.8734
1993-06-22,1.8982
1993-06-23,1.8438
1993-06-24,1.6992
1993-06-25,1.6911
1993-06-26,1.7239
1993-06-27,1.7904
1993-06-28,1.7914
1993-06-29,1.6783
1993-06-30,1.3699
1993-07-01,1.3056
1993-07-02,1.2672
1993-07-03,1.2563
1993-07-04,1.0967
1993-07-05,0.9787
1993-07-06,0.2021
1993-07-07,-0.3045
1993-07-08,-0.5304
1993-07-09,-0.5714
1993-07-10,-0.5626
1993-07-11,-0.6038
1993-07-12,-0.579
1993-07-13,-0.5913
1993-07-14,-0.4805
1993-07-15,-0.4494
1993-07-16,-0.4422
1993-07-17,-0.3772
1993-07-18,-0.2852
1993-07-19,-0.1371
1993-07-20,-0.0356
1993-07-21,-0.0297
1993-07-22,-0.0699
1993-07-23,-0.0774
1993-07-24,0.013
1993-07-25,0.2563
1993-07-26,0.4967
1993-07-27,0.6639
1993-07-28,0.782
1993-07-29,0.9742
1993-07-30,1.0595
1993-07-31,1.1186
1993-08-01,0.9916
1993-08-02,0.8665
1993-08-03,0.8082
1993-08-04,0.7827
1993-08-05,0.8057
1993-08-06,0.7974
1993-08-07,0.8218
1993-08-08,0.8293
1993-08-09,0.8233
1993-08-10,0.981
1993-08-11,1.076
1993-08-12,1.1147
1993-08-13,1.1054
1993-08-14,1.0861
1993-08-15,1.1755
1993-08-16,1.2776
1993-08-17,1.3315
1993-08-18,1.2956
1993-08-19,1.3276
1993-08-20,1.3152
1993-08-21,1.2349
1993-08-22,1.1317
1993-08-23,1.0354
1993-08-24,0.9245
1993-08-25,0.8518
1993-08-26,0.705
1993-08-27,0.5317
1993-08-28,0.3606
1993-08-29,0.2831
1993-08-30,0.4151
1993-08-31,0.5791
1993-09-01,0.6544
1993-09-02,0.7071
1993-09-03,0.6996
1993-09-04,0.7265
1993-09-05,0.8784
1993-09-06,0.9196
1993-09-07,0.8494
1993-09-08,0.7437
1993-09-09,0.4817
1993-09-10,0.1979
1993-09-11,-0.039
1993-09-12,-0.1853
1993-09-13,-0.4867
1993-09-14,-0.6898
1993-09-15,-0.8576
1993-09-16,-0.8816
1993-09-17,-0.6619
1993-09-18,-0.6795
1993-09-19,-0.7467
1993-09-20,-0.6633
1993-09-21,-0.5243
1993-09-22,-0.3792
1993-09-23,-0.3355
1993-09-24,-0.366
1993-09-25,-0.3942
1993-09-26,-0.3866
1993-09-27,-0.4505
1993-09-28,-0.518
1993-09-29,-0.673
1993-09-30,-0.7601
1993-10-01,-0.7834
1993-10-02,-0.8467
1993-10-03,-0.8931
1993-10-04,-0.8053
1993-10-05,-0.7675
1993-10-06,-0.7262
1993-10-07,-0.6779
1993-10-08,-0.5851
1993-10-09,-0.5037
1993-10-10,-0.4649
1993-10-11,-0.4013
1993-10-12,-0.3981
1993-10-13,-0.3453
1993-10-14,-0.333
1993-10-15,-0.3011
1993-10-16,-0.3518
1993-10-17,-0.4059
1993-10-18,-0.3996
1993-10-19,-0.3535
1993-10-20,-0.3736
1993-10-21,-0.4162
1993-10-22,-0.483
1993-10-23,-0.567
1993-10-24,-0.5596
1993-10-25,-0.5864
1993-10-26,-0.6026
1993-10-27,-0.5983
1993-10-28,-0.5737
1993-10-29,-0.5799
1993-10-30,-0.6287
1993-10-31,-0.6317
1993-11-01,-0.6501
1993-11-02,-0.6672
1993-11-03,-0.7097
1993-11-04,-0.7482
1993-11-05,-0.7822
1993-11-06,-0.824
1993-11-07,-0.9139
1993-11-08,-1.0089
1993-11-09,-1.0371
1993-11-10,-0.5128
1993-11-11,-0.2554
1993-11-12,-0.2138
1993-11-13,-0.3182
1993-11-14,-0.3814
1993-11-15,-0.3908
1993-11-16,-0.4884
1993-11-17,-0.5523
1993-11-18,-0.6017
1993-11-19,-0.6263
1993-11-20,-0.6509
1993-11-21,-0.6568
1993-11-22,-0.6145
1993-11-23,-0.6298
1993-11-24,-0.627
1993-11-25,-0.6183
1993-11-26,-0.6684
1993-11-27,-0.6658
1993-11-28,-0.5123
1993-11-29,-0.0763
1993-11-30,-0.0704
1993-12-01,-0.0991
1993-12-02,-0.1346
1993-12-03,-0.1435
1993-12-04,-0.1582
1993-12-05,-0.1798
1993-12-06,-0.192
1993-12-07,-0.2018
1993-12-08,-0.1324
1993-12-09,-0.1016
1993-12-10,-0.5
1993-12-11,-0.347
1993-12-12,-0.4059
1993-12-13,-0.3886
1993-12-14,0.116
1993-12-15,0.0573
1993-12-16,0.0741
1993-12-17,0.1001
1993-12-18,0.0612
1993-12-19,0.0874
1993-12-20,0.0351
1993-12-21,-0.0551
1993-12-22,-0.098
1993-12-23,-0.0731
1993-12-24,-0.078
1993-12-25,-0.0812
1993-12-26,-0.0118
1993-12-27,0.0229
1993-12-28,-0.1134
1993-12-29,-0.3929
1993-12-30,-0.4432
1993-12-31,-0.4338
1994-01-01,-0.3763
1994-01-02,-0.357
1994-01-03,-0.3962
1994-01-04,-0.4429
1994-01-05,-0.509
1994-01-06,-0.4891
1994-01-07,-0.5372
1994-01-08,-0.6053
1994-01-09,-0.6616
1994-01-10,-0.9137
1994-01-11,-0.9118
1994-01-12,-0.9338
1994-01-13,-1.3464
1994-01-14,-1.3161
1994-01-15,-1.3479
1994-01-16,-1.4083
1994-01-17,-1.4287
1994-01-18,-1.4454
1994-01-19,-1.475
1994-01-20,-1.5762
1994-01-21,-1.5719
1994-01-22,-1.5301
1994-01-23,-1.1987
1994-01-24,-0.8569
1994-01-25,-0.7811
1994-01-26,-0.7175
1994-01-27,-0.6419
1994-01-28,-0.6176
1994-01-29,-0.603
1994-01-30,-0.6536
1994-01-31,-0.5917
1994-02-01,-0.5144
1994-02-02,-0.5093
1994-02-03,-0.539
1994-02-04,-0.5089
1994-02-05,-0.4842
1994-02-06,-0.359
1994-02-07,0.0018
1994-02-08,0.0983
1994-02-09,0.1137
1994-02-10,0.125
1994-02-11,0.1336
1994-02-12,0.0977
1994-02-13,0.0911
1994-02-14,0.072
1994-02-15,0.0435
1994-02-16,0.0835
1994-02-17,0.191
1994-02-18,0.3036
1994-02-19,0.4515
1994-02-20,0.5602
1994-02-21,0.6289
1994-02-22,0.4849
1994-02-23,0.3053
1994-02-24,0.2411
1994-02-25,0.1973
1994-02-26,0.2346
1994-02-27,0.2418
1994-02-28,0.232
1994-03-01,0.1843
1994-03-02,0.0832
1994-03-03,-0.0101
1994-03-04,-0.0522
1994-03-05,-0.0295
1994-03-06,-0.0194
1994-03-07,-0.0325
1994-03-08,-0.1125
1994-03-09,-0.4196
1994-03-10,-0.5524
1994-03-11,-0.5546
1994-03-12,-0.5847
1994-03-13,-0.701
1994-03-14,-0.7658
1994-03-15,-0.8029
1994-03-16,-0.8499
1994-03-17,-0.829
1994-03-18,-0.8675
1994-03-19,-1.0574
1994-03-20,-1.214
1994-03-21,-1.3025
1994-03-22,-1.4264
1994-03-23,-1.4576
1994-03-24,-1.4666
1994-03-25,-1.4441
1994-03-26,-1.4132
1994-03-27,-1.3488
1994-03-28,-1.3265
1994-03-29,-1.3047
1994-03-30,-1.3163
1994-03-31,-1.2827
1994-04-01,-1.2656
1994-04-02,-1.2299
1994-04-03,-1.1905
1994-04-04,-1.252
1994-04-05,-1.2698
1994-04-06,-1.2542
1994-04-07,-1.2787
1994-04-08,-1.1946
1994-04-09,-1.0475
1994-04-10,-0.9917
1994-04-11,-0.9783
1994-04-12,-0.9651
1994-04-13,-0.9575
1994-04-14,-0.9754
1994-04-15,-0.979
1994-04-16,-1.0089
1994-04-17,-1.0897
1994-04-18,-1.1589
1994-04-19,-1.2282
1994-04-20,-1.2544
1994-04-21,-1.2451
1994-04-22,-1.2533
1994-04-23,-0.9093
1994-04-24,-0.6259
1994-04-25,0.0941
1994-04-26,0.2184
1994-04-27,0.2189
1994-04-28,0.3056
1994-04-29,0.3367
1994-04-30,0.397
1994-05-01,0.4485
1994-05-02,0.4695
1994-05-03,0.4736
1994-05-04,0.5463
1994-05-05,0.684
1994-05-06,0.911
1994-05-07,1.1234
1994-05-08,1.1182
1994-05-09,1.0402
1994-05-10,1.0408
1994-05-11,1.1091
1994-05-12,1.1793
1994-05-13,1.2093
1994-05-14,1.2392
1994-05-15,1.2249
1994-05-16,1.2718
1994-05-17,1.4017
1994-05-18,1.4873
1994-05-19,1.5586
1994-05-20,1.6346
1994-05-21,1.6284
1994-05-22,1.6424
1994-05-23,1.5391
1994-05-24,1.4446
1994-05-25,1.0607
1994-05-26,0.9538
1994-05-27,0.9337
1994-05-28,0.8458
1994-05-29,0.8246
1994-05-30,0.8041
1994-05-31,0.8307
1994-06-01,0.8486
1994-06-02,0.8262
1994-06-03,0.8141
1994-06-04,0.776
1994-06-05,0.6577
1994-06-06,0.4962
1994-06-07,0.4534
1994-06-08,0.4114
1994-06-09,0.3997
1994-06-10,0.3677
1994-06-11,0.3184
1994-06-12,0.3605
1994-06-13,0.4036
1994-06-14,0.4125
1994-06-15,0.3697
1994-06-16,0.2193
1994-06-17,0.0195
1994-06-18,-0.0831
1994-06-19,-0.1705
1994-06-20,-0.1207
1994-06-21,-0.1818
1994-06-22,-0.2116
1994-06-23,-0.1531
1994-06-24,-0.1557
1994-06-25,-0.2007
1994-06-26,-0.2588
1994-06-27,-0.3336
1994-06-28,-0.3612
1994-06-29,-0.44
1994-06-30,-0.565
1994-07-01,-0.6887
1994-07-02,-0.6109
1994-07-03,-0.596
1994-07-04,-0.5695
1994-07-05,-0.6539
1994-07-06,-0.7489
1994-07-07,-0.8081
1994-07-08,-0.8046
1994-07-09,-0.7743
1994-07-10,-0.7271
1994-07-11,-0.6313
1994-07-12,-0.6966
1994-07-13,-0.7502
1994-07-14,-0.8305
1994-07-15,-0.9679
1994-07-16,-1.0608
1994-07-17,-1.1729
1994-07-18,-1.1872
1994-07-19,-1.1102
1994-07-20,-1.0581
1994-07-21,-0.9399
1994-07-22,-0.8984
1994-07-23,-0.8046
1994-07-24,-0.6903
1994-07-25,-0.6906
1994-07-26,-0.6582
1994-07-27,-0.5241
1994-07-28,-0.4419
1994-07-29,-0.3238
1994-07-30,-0.2558
1994-07-31,-0.0975
1994-08-01,-0.0633
1994-08-02,-0.1108
1994-08-03,-0.2265
1994-08-04,-0.344
1994-08-05,-0.4072
1994-08-06,-0.458
1994-08-07,-0.465
1994-08-08,-0.3691
1994-08-09,-0.3059
1994-08-10,-0.2171
1994-08-11,-0.1462
1994-08-12,-0.1392
1994-08-13,-0.1629
1994-08-14,-0.2542
1994-08-15,-0.4083
1994-08-16,-0.3938
1994-08-17,-0.5191
1994-08-18,-0.6586
1994-08-19,-0.8776
1994-08-20,-1.135
1994-08-21,-1.1791
1994-08-22,-1.3041
1994-08-23,-1.3826
1994-08-24,-1.3625
1994-08-25,-1.3562
1994-08-26,-1.3875
1994-08-27,-1.4173
1994-08-28,-1.4368
1994-08-29,-1.5073
1994-08-30,-1.6714
1994-08-31,-1.7416
1994-09-01,-1.7616
1994-09-02,-1.6594
1994-09-03,-1.6147
1994-09-04,-1.5509
1994-09-05,-1.4247
1994-09-06,-1.4224
1994-09-07,-1.4885
1994-09-08,-1.4815
1994-09-09,-1.317
1994-09-10,-1.0682
1994-09-11,-0.7358
1994-09-12,-0.429
1994-09-13,-0.1373
1994-09-14,0.0478
1994-09-15,0.0468
1994-09-16,-0.0889
1994-09-17,-0.1197
1994-09-18,-0.104
1994-09-19,-0.0978
1994-09-20,-0.1278
1994-09-21,-0.2434
1994-09-22,-0.3074
1994-09-23,-0.1996
1994-09-24,-0.1429
1994-09-25,-0.1616
1994-09-26,-0.234
1994-09-27,-0.2371
1994-09-28,0.2422
1994-09-29,0.3055
1994-09-30,0.3165
1994-10-01,0.274
1994-10-02,0.1533
1994-10-03,0.1102
1994-10-04,0.7593
1994-10-05,0.9759
1994-10-06,1.0311
1994-10-07,1.0219
1994-10-08,1.0497
1994-10-09,0.9387
1994-10-10,0.8128
1994-10-11,0.7192
1994-10-12,0.6806
1994-10-13,0.5949
1994-10-14,0.6082
1994-10-15,0.6512
1994-10-16,0.6437
1994-10-17,0.6552
1994-10-18,0.6885
1994-10-19,0.6804
1994-10-20,0.6989
1994-10-21,0.7226
1994-10-22,0.7229
1994-10-23,0.605
1994-10-24,0.5639
1994-10-25,0.5627
1994-10-26,0.4928
1994-10-27,0.4403
1994-10-28,0.2547
1994-10-29,0.1951
1994-10-30,0.1433
1994-10-31,0.1223
1994-11-01,0.1296
1994-11-02,0.1183
1994-11-03,-0.2979
1994-11-04,-0.4895
1994-11-05,-0.5104
1994-11-06,-0.3355
1994-11-07,-0.2485
1994-11-08,-0.2495
1994-11-09,0.2606
1994-11-10,0.2143
1994-11-11,0.2242
1994-11-12,0.2052
1994-11-13,0.1069
1994-11-14,0.1195
1994-11-15,0.2184
1994-11-16,0.1868
1994-11-17,0.1241
1994-11-18,0.1923
1994-11-19,0.164
1994-11-20,0.1583
1994-11-21,0.1684
1994-11-22,0.2347
1994-11-23,0.1979
1994-11-24,0.1802
1994-11-25,0.4428
1994-11-26,0.5414
1994-11-27,0.5636
1994-11-28,0.5622
1994-11-29,0.583
1994-11-30,0.5256
1994-12-01,0.4488
1994-12-02,0.4094
1994-12-03,0.6035
1994-12-04,0.6535
1994-12-05,0.6004
1994-12-06,0.5114
1994-12-07,0.4526
1994-12-08,0.4314
1994-12-09,0.1137
1994-12-10,0.0303
1994-12-11,-0.0751
1994-12-12,-0.0162
1994-12-13,-0.0148
1994-12-14,-0.011
1994-12-15,-0.0522
1994-12-16,-0.1111
1994-12-17,-0.1032
1994-12-18,-0.2178
1994-12-19,-0.2055
1994-12-20,-0.2669
1994-12-21,-0.3457
1994-12-22,-0.4033
1994-12-23,-0.3759
1994-12-24,-0.1685
1994-12-25,-0.3555
1994-12-26,-0.4301
1994-12-27,-0.4161
1994-12-28,-0.443
1994-12-29,-0.4665
1994-12-30,-0.453
1994-12-31,-0.4263
1995-01-01,-0.4083
1995-01-02,-0.5998
1995-01-03,-0.7029
1995-01-04,-0.2911
1995-01-05,-0.1017
1995-01-06,-0.0421
1995-01-07,-0.0046
1995-01-08,0.1115
1995-01-09,0.5273
1995-01-10,0.9608
1995-01-11,0.9553
1995-01-12,1.0542
1995-01-13,1.0677
1995-01-14,1.2489
1995-01-15,1.2883
1995-01-16,1.3615
1995-01-17,1.3497
1995-01-18,1.3164
1995-01-19,1.3179
1995-01-20,1.368
1995-01-21,1.366
1995-01-22,1.402
1995-01-23,1.3703
1995-01-24,1.565
1995-01-25,1.6147
1995-01-26,1.6925
1995-01-27,1.8214
1995-01-28,1.8204
1995-01-29,1.8286
1995-01-30,1.8358
1995-01-31,1.8655
1995-02-01,1.8504
1995-02-02,1.8264
1995-02-03,1.6751
1995-02-04,1.6096
1995-02-05,1.6017
1995-02-06,1.5604
1995-02-07,1.4802
1995-02-08,1.3075
1995-02-09,1.0972
1995-02-10,1.074
1995-02-11,1.0013
1995-02-12,0.919
1995-02-13,0.7569
1995-02-14,0.7007
1995-02-15,0.6271
1995-02-16,0.62
1995-02-17,0.5834
1995-02-18,0.5565
1995-02-19,0.5727
1995-02-20,0.5644
1995-02-21,0.4799
1995-02-22,0.4379
1995-02-23,0.0364
1995-02-24,-0.1363
1995-02-25,-0.4104
1995-02-26,-0.871
1995-02-27,-0.9168
1995-02-28,-0.9232
1995-03-01,-0.9606
1995-03-02,-0.8918
1995-03-03,-0.7374
1995-03-04,-0.7017
1995-03-05,-0.7351
1995-03-06,-0.7952
1995-03-07,-0.8093
1995-03-08,-0.6779
1995-03-09,-0.2841
1995-03-10,0.4146
1995-03-11,0.7812
1995-03-12,0.8613
1995-03-13,0.8945
1995-03-14,1.0432
1995-03-15,1.0035
1995-03-16,1.0285
1995-03-17,1.0664
1995-03-18,1.1213
1995-03-19,1.1831
1995-03-20,1.4441
1995-03-21,1.5669
1995-03-22,1.851
1995-03-23,1.8757
1995-03-24,1.8092
1995-03-25,1.7366
1995-03-26,1.7049
1995-03-27,1.6979
1995-03-28,1.6914
1995-03-29,1.7178
1995-03-30,1.7514
1995-03-31,1.7774
1995-04-01,1.7438
1995-04-02,1.6936
1995-04-03,1.6391
1995-04-04,1.6054
1995-04-05,1.5759
1995-04-06,1.5734
1995-04-07,1.5449
1995-04-08,1.4089
1995-04-09,1.0872
1995-04-10,0.8709
1995-04-11,0.8012
1995-04-12,0.782
1995-04-13,0.7932
1995-04-14,0.8839
1995-04-15,0.9604
1995-04-16,1.0103
1995-04-17,1.0543
1995-04-18,1.116
1995-04-19,0.965
1995-04-20,0.7923
1995-04-21,0.1894
1995-04-22,-0.0262
1995-04-23,-0.0681
1995-04-24,-0.0808
1995-04-25,-0.0787
1995-04-26,-0.0626
1995-04-27,0.0057
1995-04-28,0.0464
1995-04-29,0.2091
1995-04-30,0.4161
1995-05-01,0.5346
1995-05-02,0.6336
1995-05-03,0.6564
1995-05-04,0.7477
1995-05-05,0.905
1995-05-06,1.0141
1995-05-07,1.0264
1995-05-08,1.1074
1995-05-09,1.1615
1995-05-10,1.1976
1995-05-11,1.2709
1995-05-12,1.3978
1995-05-13,1.5315
1995-05-14,1.5653
1995-05-15,1.5129
1995-05-16,1.4912
1995-05-17,1.4811
1995-05-18,1.4546
1995-05-19,1.4404
1995-05-20,1.4493
1995-05-21,1.4233
1995-05-22,1.4479
1995-05-23,1.476
1995-05-24,1.6918
1995-05-25,1.7564
1995-05-26,1.7256
1995-05-27,1.7025
1995-05-28,1.6497
1995-05-29,1.5763
1995-05-30,1.479
1995-05-31,1.4037
1995-06-01,1.3309
1995-06-02,1.3449
1995-06-03,1.3357
1995-06-04,1.2881
1995-06-05,1.2575
1995-06-06,1.2575
1995-06-07,1.2174
1995-06-08,1.2047
1995-06-09,1.2072
1995-06-10,1.1966
1995-06-11,1.1301
1995-06-12,0.8999
1995-06-13,0.8525
1995-06-14,1.0111
1995-06-15,1.3538
1995-06-16,1.4706
1995-06-17,1.5277
1995-06-18,1.5745
1995-06-19,1.6116
1995-06-20,1.6541
1995-06-21,1.6667
1995-06-22,1.7055
1995-06-23,1.5961
1995-06-24,1.5975
1995-06-25,1.6145
1995-06-26,1.6718
1995-06-27,1.7788
1995-06-28,1.7477
1995-06-29,1.7724
1995-06-30,1.8093
1995-07-01,1.8399
1995-07-02,1.841
1995-07-03,1.8902
1995-07-04,2.0215
1995-07-05,2.1881
1995-07-06,2.2523
1995-07-07,2.2328
1995-07-08,2.2322
1995-07-09,2.2261
1995-07-10,2.2376
1995-07-11,2.2601
1995-07-12,2.3194
1995-07-13,2.3446
1995-07-14,2.2732
1995-07-15,1.8154
1995-07-16,1.4686
1995-07-17,1.3752
1995-07-18,1.2558
1995-07-19,1.2097
1995-07-20,1.108
1995-07-21,1.0651
1995-07-22,1.0131
1995-07-23,1.113
1995-07-24,1.2024
1995-07-25,1.2885
1995-07-26,1.3632
1995-07-27,1.3691
1995-07-28,1.5211
1995-07-29,1.6578
1995-07-30,1.6398
1995-07-31,1.5632
1995-08-01,1.5078
1995-08-02,1.3806
1995-08-03,1.3175
1995-08-04,1.2388
1995-08-05,1.1594
1995-08-06,1.0034
1995-08-07,0.9654
1995-08-08,0.861
1995-08-09,0.7012
1995-08-10,0.6691
1995-08-11,0.498
1995-08-12,0.3789
1995-08-13,0.361
1995-08-14,0.3883
1995-08-15,0.4632
1995-08-16,0.2868
1995-08-17,0.3987
1995-08-18,0.3233
1995-08-19,0.1185
1995-08-20,-0.1074
1995-08-21,-0.2735
1995-08-22,-0.416
1995-08-23,-0.5927
1995-08-24,-0.6801
1995-08-25,-0.6395
1995-08-26,-0.4978
1995-08-27,-0.3184
1995-08-28,-0.2457
1995-08-29,-0.1967
1995-08-30,-0.0776
1995-08-31,-0.0118
1995-09-01,0.1825
1995-09-02,0.3634
1995-09-03,0.5085
1995-09-04,0.5663
1995-09-05,0.6538
1995-09-06,0.5864
1995-09-07,0.5046
1995-09-08,0.5348
1995-09-09,0.4667
1995-09-10,0.453
1995-09-11,0.4454
1995-09-12,0.4283
1995-09-13,0.478
1995-09-14,0.4556
1995-09-15,0.2447
1995-09-16,-0.0889
1995-09-17,-0.1683
1995-09-18,-0.1194
1995-09-19,-0.1128
1995-09-20,-0.1429
1995-09-21,-0.1551
1995-09-22,-0.1547
1995-09-23,-0.16
1995-09-24,-0.1429
1995-09-25,-0.1108
1995-09-26,-0.1056
1995-09-27,-0.1455
1995-09-28,-0.0759
1995-09-29,-0.0184
1995-09-30,-0.0013
1995-10-01,-0.0557
1995-10-02,-0.1887
1995-10-03,-0.3875
1995-10-04,-0.5457
1995-10-05,-0.5737
1995-10-06,-0.5664
1995-10-07,-0.5268
1995-10-08,-0.5355
1995-10-09,-0.6413
1995-10-10,-0.7515
1995-10-11,-0.7475
1995-10-12,-0.6957
1995-10-13,-0.7032
1995-10-14,-0.742
1995-10-15,-0.7081
1995-10-16,-0.7158
1995-10-17,-0.7296
1995-10-18,-0.7143
1995-10-19,-0.7233
1995-10-20,-0.7285
1995-10-21,-0.7584
1995-10-22,-0.7601
1995-10-23,-0.818
1995-10-24,-0.8218
1995-10-25,-0.8988
1995-10-26,-0.9237
1995-10-27,-0.953
1995-10-28,-1.0136
1995-10-29,-1.0806
1995-10-30,-1.146
1995-10-31,-1.1501
1995-11-01,-1.1271
1995-11-02,-1.0818
1995-11-03,-1.0706
1995-11-04,-1.0305
1995-11-05,-0.999
1995-11-06,-1.0243
1995-11-07,-1.0925
1995-11-08,-1.1439
1995-11-09,-1.108
1995-11-10,-1.1919
1995-11-11,-1.2578
1995-11-12,-1.2625
1995-11-13,-1.2975
1995-11-14,-1.336
1995-11-15,-1.3778
1995-11-16,-1.408
1995-11-17,-1.4323
1995-11-18,-1.4404
1995-11-19,-1.496
1995-11-20,-1.5562
1995-11-21,-1.6727
1995-11-22,-1.7238
1995-11-23,-1.7124
1995-11-24,-1.7198
1995-11-25,-1.8056
1995-11-26,-1.7653
1995-11-27,-1.7798
1995-11-28,-1.7747
1995-11-29,-1.7555
1995-11-30,-1.7439
1995-12-01,-1.7377
1995-12-02,-1.7187
1995-12-03,-1.6609
1995-12-04,-1.6293
1995-12-05,-1.6118
1995-12-06,-1.7331
1995-12-07,-1.823
1995-12-08,-1.7462
1995-12-09,-1.7342
1995-12-10,-1.5895
1995-12-11,-0.8085
1995-12-12,-0.1079
1995-12-13,0.2887
1995-12-14,0.3164
1995-12-15,0.5854
1995-12-16,0.6015
1995-12-17,0.6494
1995-12-18,0.6582
1995-12-19,0.6868
1995-12-20,0.648
1995-12-21,0.5538
1995-12-22,0.5443
1995-12-23,0.572
1995-12-24,0.574
1995-12-25,0.5313
1995-12-26,0.5504
1995-12-27,0.5718
1995-12-28,0.5465
1995-12-29,1.0378
1995-12-30,1.144
1995-12-31,1.1818
1996-01-01,1.1206
1996-01-02,1.0285
1996-01-03,0.978
1996-01-04,0.9371
1996-01-05,0.9122
1996-01-06,0.9122
1996-01-07,0.8805
1996-01-08,0.8928
1996-01-09,0.8263
1996-01-10,0.3608
1996-01-11,-0.1079
1996-01-12,-0.4091
1996-01-13,-0.4237
1996-01-14,-0.6869
1996-01-15,-0.6032
1996-01-16,-0.0685
1996-01-17,-0.0534
1996-01-18,0.0937
1996-01-19,0.1504
1996-01-20,0.2886
1996-01-21,0.4175
1996-01-22,0.4008
1996-01-23,0.3835
1996-01-24,0.6542
1996-01-25,0.6877
1996-01-26,0.6772
1996-01-27,0.8696
1996-01-28,0.5653
1996-01-29,0.5308
1996-01-30,0.5501
1996-01-31,0.7169
1996-02-01,0.7726
1996-02-02,0.7987
1996-02-03,0.8603
1996-02-04,1.2061
1996-02-05,1.2224
1996-02-06,1.2201
1996-02-07,1.2092
1996-02-08,1.1813
1996-02-09,1.1868
1996-02-10,1.1831
1996-02-11,1.1866
1996-02-12,1.1404
1996-02-13,1.1117
1996-02-14,1.0476
1996-02-15,0.7106
1996-02-16,0.6479
1996-02-17,0.507
1996-02-18,0.546
1996-02-19,0.8627
1996-02-20,0.9966
1996-02-21,1.2031
1996-02-22,1.2829
1996-02-23,1.1494
1996-02-24,1.1409
1996-02-25,1.1223
1996-02-26,0.9977
1996-02-27,1.0158
1996-02-28,1.0272
1996-03-01,0.9384
1996-03-02,0.7539
1996-03-03,0.7459
1996-03-04,0.9408
1996-03-05,0.9421
1996-03-06,0.4674
1996-03-07,0.4612
1996-03-08,0.483
1996-03-09,0.5291
1996-03-10,0.5728
1996-03-11,0.7427
1996-03-12,0.9324
1996-03-13,0.9499
1996-03-14,1.0112
1996-03-15,1.0617
1996-03-16,1.1092
1996-03-17,1.0909
1996-03-18,1.1529
1996-03-19,1.2104
1996-03-20,1.063
1996-03-21,0.5253
1996-03-22,0.1256
1996-03-23,-0.2928
1996-03-24,-0.317
1996-03-25,-0.3536
1996-03-26,-0.4448
1996-03-27,-0.4502
1996-03-28,-0.3846
1996-03-29,-0.3873
1996-03-30,-0.418
1996-03-31,-0.406
1996-04-01,-0.0814
1996-04-02,-0.1072
1996-04-03,-0.3179
1996-04-04,-0.346
1996-04-05,-0.3426
1996-04-06,-0.366
1996-04-07,-0.4088
1996-04-08,-0.4252
1996-04-09,-0.4378
1996-04-10,-0.5653
1996-04-11,-0.7934
1996-04-12,-0.8027
1996-04-13,-0.7894
1996-04-14,-0.791
1996-04-15,-0.7455
1996-04-16,-0.4913
1996-04-17,-0.1727
1996-04-18,-0.0919
1996-04-19,0.0026
1996-04-20,0.0605
1996-04-21,0.1367
1996-04-22,0.1938
1996-04-23,0.246
1996-04-24,0.2802
1996-04-25,0.3119
1996-04-26,0.2946
1996-04-27,0.1748
1996-04-28,0.1271
1996-04-29,0.1072
1996-04-30,0.105
1996-05-01,-0.3942
1996-05-02,-0.4467
1996-05-03,-0.4925
1996-05-04,-0.4888
1996-05-05,-0.386
1996-05-06,-0.2965
1996-05-07,-0.1753
1996-05-08,-0.0894
1996-05-09,-0.0378
1996-05-10,-0.0345
1996-05-11,-0.0234
1996-05-12,-0.0684
1996-05-13,-0.0857
1996-05-14,-0.0688
1996-05-15,0.9093
1996-05-16,1.3427
1996-05-17,1.1818
1996-05-18,1.17
1996-05-19,1.2031
1996-05-20,1.2234
1996-05-21,1.2403
1996-05-22,1.28
1996-05-23,1.3629
1996-05-24,1.4209
1996-05-25,1.4535
1996-05-26,1.4373
1996-05-27,1.461
1996-05-28,1.4577
1996-05-29,1.487
1996-05-30,1.5132
1996-05-31,1.5282
1996-06-01,1.5329
1996-06-02,1.5149
1996-06-03,1.4951
1996-06-04,1.4897
1996-06-05,1.472
1996-06-06,1.4456
1996-06-07,1.4191
1996-06-08,1.4159
1996-06-09,1.4252
1996-06-10,1.4472
1996-06-11,1.4869
1996-06-12,1.5183
1996-06-13,1.5572
1996-06-14,1.0423
1996-06-15,-0.054
1996-06-16,-0.1792
1996-06-17,-0.171
1996-06-18,-0.3017
1996-06-19,-0.3203
1996-06-20,-0.3571
1996-06-21,-0.3551
1996-06-22,-0.4132
1996-06-23,-0.4541
1996-06-24,-0.2742
1996-06-25,-0.156
1996-06-26,0.4513
1996-06-27,0.5812
1996-06-28,0.5694
1996-06-29,0.5442
1996-06-30,0.503
1996-07-01,0.4685
1996-07-02,0.4662
1996-07-03,0.5543
1996-07-04,0.6683
1996-07-05,0.8123
1996-07-06,0.9524
1996-07-07,1.055
1996-07-08,1.1537
1996-07-09,1.1993
1996-07-10,1.2047
1996-07-11,1.2283
1996-07-12,1.2534
1996-07-13,1.1885
1996-07-14,1.1506
1996-07-15,1.2604
1996-07-16,1.3041
1996-07-17,1.2596
1996-07-18,1.2908
1996-07-19,1.3096
1996-07-20,1.205
1996-07-21,1.0496
1996-07-22,0.997
1996-07-23,0.991
1996-07-24,0.8051
1996-07-25,0.6179
1996-07-26,-0.2421
1996-07-27,-0.4007
1996-07-28,-0.5516
1996-07-29,-0.6752
1996-07-30,-0.6815
1996-07-31,-0.6932
1996-08-01,-0.619
1996-08-02,-0.7006
1996-08-03,-0.6083
1996-08-04,-0.5483
1996-08-05,-0.3778
1996-08-06,-0.1886
1996-08-07,-0.2314
1996-08-08,-0.316
1996-08-09,-0.411
1996-08-10,-0.5931
1996-08-11,-0.7016
1996-08-12,-0.7708
1996-08-13,-0.9049
1996-08-14,-1.129
1996-08-15,-1.3924
1996-08-16,-1.6293
1996-08-17,-1.642
1996-08-18,-1.6571
1996-08-19,-1.5411
1996-08-20,-1.367
1996-08-21,-1.3248
1996-08-22,-1.3427
1996-08-23,-1.3706
1996-08-24,-1.3273
1996-08-25,-1.3327
1996-08-26,-1.3164
1996-08-27,-1.2014
1996-08-28,-1.1477
1996-08-29,-1.158
1996-08-30,-1.199
1996-08-31,-1.2766
1996-09-01,-1.3073
1996-09-02,-1.4381
1996-09-03,-1.3723
1996-09-04,-1.3724
1996-09-05,-1.4067
1996-09-06,-1.4224
1996-09-07,-1.3813
1996-09-08,-1.3157
1996-09-09,-1.1645
1996-09-10,-1.1173
1996-09-11,-0.8264
1996-09-12,-0.4712
1996-09-13,-0.0218
1996-09-14,0.225
1996-09-15,0.446
1996-09-16,0.382
1996-09-17,0.3893
1996-09-18,0.3524
1996-09-19,0.2791
1996-09-20,0.3118
1996-09-21,0.2957
1996-09-22,0.3624
1996-09-23,0.3907
1996-09-24,0.3603
1996-09-25,0.2693
1996-09-26,0.2088
1996-09-27,0.2078
1996-09-28,0.2322
1996-09-29,0.278
1996-09-30,0.3251
1996-10-01,0.3985
1996-10-02,0.3692
1996-10-03,0.2426
1996-10-04,0.0205
1996-10-05,-0.1059
1996-10-06,-0.2009
1996-10-07,-0.2832
1996-10-08,-0.327
1996-10-09,-0.4064
1996-10-10,-0.3928
1996-10-11,-0.4849
1996-10-12,-0.5325
1996-10-13,-0.6232
1996-10-14,-0.6698
1996-10-15,-0.7499
1996-10-16,-0.7998
1996-10-17,-0.838
1996-10-18,-0.7982
1996-10-19,-0.6228
1996-10-20,-0.5829
1996-10-21,-0.5111
1996-10-22,-0.5479
1996-10-23,-0.5979
1996-10-24,-0.5537
1996-10-25,-0.3433
1996-10-26,-0.3693
1996-10-27,-0.3793
1996-10-28,-0.3038
1996-10-29,0.1286
1996-10-30,0.4181
1996-10-31,0.4093
1996-11-01,0.4283
1996-11-02,0.4364
1996-11-03,0.5059
1996-11-04,0.568
1996-11-05,0.6038
1996-11-06,0.6322
1996-11-07,0.6179
1996-11-08,0.5684
1996-11-09,0.5059
1996-11-10,0.3731
1996-11-11,0.3031
1996-11-12,0.2571
1996-11-13,0.1592
1996-11-14,0.1582
1996-11-15,0.1369
1996-11-16,0.4478
1996-11-17,1.0707
1996-11-18,1.0047
1996-11-19,1.1462
1996-11-20,1.0949
1996-11-21,1.3293
1996-11-22,1.5076
1996-11-23,1.5123
1996-11-24,1.4758
1996-11-25,1.5064
1996-11-26,1.4794
1996-11-27,1.4744
1996-11-28,1.3403
1996-11-29,1.1747
1996-11-30,1.0884
1996-12-01,1.0295
1996-12-02,0.9704
1996-12-03,0.9281
1996-12-04,0.9211
1996-12-05,1.1305
1996-12-06,1.1516
1996-12-07,1.1451
1996-12-08,1.1503
1996-12-09,1.3697
1996-12-10,1.7124
1996-12-11,1.7
1996-12-12,1.8517
1996-12-13,1.9386
1996-12-14,1.934
1996-12-15,1.8977
1996-12-16,1.7804
1996-12-17,1.4587
1996-12-18,1.462
1996-12-19,1.3094
1996-12-20,1.3984
1996-12-21,1.9903
1996-12-22,1.8156
1996-12-23,1.7956
1996-12-24,1.7754
1996-12-25,1.6835
1996-12-26,1.7483
1996-12-27,1.763
1996-12-28,1.7395
1996-12-29,1.8043
1996-12-30,2.0059
1996-12-31,2.0554
1997-01-01,2.1697
1997-01-02,2.2187
1997-01-03,2.2283
1997-01-04,2.218
1997-01-05,2.2666
1997-01-06,2.2414
1997-01-07,2.2075
1997-01-08,2.0872
1997-01-09,1.9252
1997-01-10,1.7848
1997-01-11,1.6373
1997-01-12,1.647
1997-01-13,1.6641
1997-01-14,1.6659
1997-01-15,1.6526
1997-01-16,1.7229
1997-01-17,1.7073
1997-01-18,1.6537
1997-01-19,1.6011
1997-01-20,1.0497
1997-01-21,1.0974
1997-01-22,1.4132
1997-01-23,1.4536
1997-01-24,1.4988
1997-01-25,1.5517
1997-01-26,1.597
1997-01-27,1.5644
1997-01-28,1.5135
1997-01-29,1.425
1997-01-30,1.3708
1997-01-31,1.0715
1997-02-01,0.731
1997-02-02,0.7378
1997-02-03,0.7464
1997-02-04,0.7613
1997-02-05,0.798
1997-02-06,0.8185
1997-02-07,0.8211
1997-02-08,0.7808
1997-02-09,0.781
1997-02-10,0.7618
1997-02-11,0.6625
1997-02-12,0.5909
1997-02-13,0.5523
1997-02-14,0.4968
1997-02-15,0.4609
1997-02-16,0.4182
1997-02-17,0.3836
1997-02-18,0.335
1997-02-19,0.1848
1997-02-20,0.0243
1997-02-21,-0.5478
1997-02-22,-0.6276
1997-02-23,-0.8131
1997-02-24,-1.1259
1997-02-25,-1.3084
1997-02-26,-1.3274
1997-02-27,-1.3405
1997-02-28,-1.3401
1997-03-01,-1.3883
1997-03-02,-1.4028
1997-03-03,-1.4218
1997-03-04,-1.4501
1997-03-05,-1.5109
1997-03-06,-1.5849
1997-03-07,-1.6304
1997-03-08,-1.6592
1997-03-09,-1.6809
1997-03-10,-1.6399
1997-03-11,-1.6669
1997-03-12,-1.6578
1997-03-13,-1.684
1997-03-14,-1.7713
1997-03-15,-1.8722
1997-03-16,-1.9881
1997-03-17,-1.9495
1997-03-18,-1.9343
1997-03-19,-1.9325
1997-03-20,-1.8886
1997-03-21,-1.8122
1997-03-22,-1.7824
1997-03-23,-1.7331
1997-03-24,-1.7054
1997-03-25,-1.6982
1997-03-26,-1.6829
1997-03-27,-1.6397
1997-03-28,-1.5776
1997-03-29,-1.5616
1997-03-30,-1.5667
1997-03-31,-1.4933
1997-04-01,-1.4847
1997-04-02,-1.4728
1997-04-03,-1.4671
1997-04-04,-1.4421
1997-04-05,-1.4263
1997-04-06,-1.4116
1997-04-07,-1.4447
1997-04-08,-1.4457
1997-04-09,-1.4182
1997-04-10,-1.3768
1997-04-11,-1.3588
1997-04-12,-1.3534
1997-04-13,-1.3489
1997-04-14,-1.3918
1997-04-15,-1.4561
1997-04-16,-1.5275
1997-04-17,-1.6113
1997-04-18,-1.5556
1997-04-19,-1.603
1997-04-20,-1.5653
1997-04-21,-1.5432
1997-04-22,-1.5146
1997-04-23,-1.564
1997-04-24,-1.5185
1997-04-25,-1.4075
1997-04-26,-1.3752
1997-04-27,-1.3039
1997-04-28,-1.245
1997-04-29,-1.2027
1997-04-30,-1.2282
1997-05-01,-1.2039
1997-05-02,-1.1885
1997-05-03,-1.1878
1997-05-04,-1.1748
1997-05-05,-1.1337
1997-05-06,-1.1236
1997-05-07,-1.1114
1997-05-08,-1.1281
1997-05-09,-1.167
1997-05-10,-1.2182
1997-05-11,-1.237
1997-05-12,-1.2618
1997-05-13,-1.2835
1997-05-14,-1.3054
1997-05-15,-1.2783
1997-05-16,-1.2191
1997-05-17,-1.2349
1997-05-18,-1.4091
1997-05-19,-1.4775
1997-05-20,-1.4931
1997-05-21,-1.4418
1997-05-22,-1.4511
1997-05-23,-1.3054
1997-05-24,-1.3401
1997-05-25,-1.2878
1997-05-26,-1.2327
1997-05-27,-1.275
1997-05-28,-1.3331
1997-05-29,-1.4033
1997-05-30,-1.4268
1997-05-31,-1.3919
1997-06-01,-1.3287
1997-06-02,-1.2443
1997-06-03,-0.9924
1997-06-04,-0.9123
1997-06-05,-0.8454
1997-06-06,-0.8048
1997-06-07,-0.7821
1997-06-08,-0.7124
1997-06-09,-0.6332
1997-06-10,-0.6003
1997-06-11,-0.527
1997-06-12,-0.4161
1997-06-13,-0.3338
1997-06-14,-0.2497
1997-06-15,-0.1151
1997-06-16,-0.0206
1997-06-17,0.1053
1997-06-18,0.2061
1997-06-19,0.2182
1997-06-20,0.3102
1997-06-21,0.3275
1997-06-22,0.2028
1997-06-23,0.2341
1997-06-24,0.2147
1997-06-25,0.1812
1997-06-26,0.1973
1997-06-27,0.2548
1997-06-28,0.3732
1997-06-29,0.4845
1997-06-30,0.6131
1997-07-01,0.6353
1997-07-02,0.631
1997-07-03,0.3686
1997-07-04,0.2705
1997-07-05,0.2926
1997-07-06,0.3672
1997-07-07,0.4597
1997-07-08,0.4384
1997-07-09,0.442
1997-07-10,0.5358
1997-07-11,0.5669
1997-07-12,0.5045
1997-07-13,0.4559
1997-07-14,0.4264
1997-07-15,0.3872
1997-07-16,0.4936
1997-07-17,0.5601
1997-07-18,0.6214
1997-07-19,0.675
1997-07-20,0.6783
1997-07-21,0.6157
1997-07-22,0.5326
1997-07-23,0.6496
1997-07-24,0.7194
1997-07-25,0.8061
1997-07-26,0.8522
1997-07-27,0.8824
1997-07-28,0.8962
1997-07-29,0.8805
1997-07-30,0.7849
1997-07-31,0.7739
1997-08-01,0.7727
1997-08-02,0.8147
1997-08-03,0.8215
1997-08-04,0.6917
1997-08-05,0.5342
1997-08-06,0.3804
1997-08-07,0.2668
1997-08-08,0.164
1997-08-09,0.1218
1997-08-10,0.2503
1997-08-11,0.3293
1997-08-12,0.3549
1997-08-13,0.3001
1997-08-14,0.3035
1997-08-15,0.2923
1997-08-16,0.3499
1997-08-17,0.4233
1997-08-18,0.5092
1997-08-19,0.6716
1997-08-20,0.8419
1997-08-21,0.7799
1997-08-22,0.5696
1997-08-23,0.6613
1997-08-24,0.7849
1997-08-25,0.8385
1997-08-26,0.8415
1997-08-27,0.938
1997-08-28,1.011
1997-08-29,0.985
1997-08-30,0.9948
1997-08-31,1.0218
1997-09-01,1.0354
1997-09-02,1.1217
1997-09-03,1.2062
1997-09-04,1.3016
1997-09-05,1.4855
1997-09-06,1.6045
1997-09-07,1.6669
1997-09-08,1.5184
1997-09-09,1.3726
1997-09-10,1.347
1997-09-11,1.3628
1997-09-12,1.3848
1997-09-13,1.4419
1997-09-14,1.4269
1997-09-15,1.4106
1997-09-16,1.1525
1997-09-17,1.056
1997-09-18,0.9171
1997-09-19,0.8177
1997-09-20,0.8271
1997-09-21,0.746
1997-09-22,0.5632
1997-09-23,0.3698
1997-09-24,0.2211
1997-09-25,0.1874
1997-09-26,0.157
1997-09-27,0.1022
1997-09-28,-0.0045
1997-09-29,-0.1356
1997-09-30,-0.2567
1997-10-01,-0.2752
1997-10-02,0.0769
1997-10-03,0.1102
1997-10-04,0.0205
1997-10-05,0.041
1997-10-06,0.0898
1997-10-07,0.1824
1997-10-08,0.4137
1997-10-09,0.7654
1997-10-10,0.888
1997-10-11,0.8855
1997-10-12,0.8832
1997-10-13,0.799
1997-10-14,0.7669
1997-10-15,0.6996
1997-10-16,0.5897
1997-10-17,0.5415
1997-10-18,0.5118
1997-10-19,0.4734
1997-10-20,0.4811
1997-10-21,0.4895
1997-10-22,0.5001
1997-10-23,0.4743
1997-10-24,0.4915
1997-10-25,0.4719
1997-10-26,0.3596
1997-10-27,0.3165
1997-10-28,0.3121
1997-10-29,0.2963
1997-10-30,0.2662
1997-10-31,0.2466
1997-11-01,0.0585
1997-11-02,-0.0194
1997-11-03,0.005
1997-11-04,0.0072
1997-11-05,-0.0458
1997-11-06,-0.1198
1997-11-07,-0.3118
1997-11-08,-0.7667
1997-11-09,-1.0697
1997-11-10,-0.7828
1997-11-11,-0.5658
1997-11-12,-0.4875
1997-11-13,-0.1755
1997-11-14,-0.1484
1997-11-15,0.117
1997-11-16,0.06
1997-11-17,0.0248
1997-11-18,0.039
1997-11-19,0.0538
1997-11-20,0.0369
1997-11-21,0.0394
1997-11-22,0.066
1997-11-23,0.0146
1997-11-24,0.0219
1997-11-25,0.293
1997-11-26,1.1993
1997-11-27,1.2506
1997-11-28,1.2524
1997-11-29,1.2747
1997-11-30,1.2857
1997-12-01,1.2704
1997-12-02,1.2049
1997-12-03,1.1795
1997-12-04,1.1865
1997-12-05,1.1943
1997-12-06,1.2378
1997-12-07,1.4983
1997-12-08,1.5557
1997-12-09,1.5377
1997-12-10,1.477
1997-12-11,1.3619
1997-12-12,1.3434
1997-12-13,1.2749
1997-12-14,1.3254
1997-12-15,1.171
1997-12-16,1.1676
1997-12-17,1.208
1997-12-18,1.1893
1997-12-19,1.1798
1997-12-20,1.164
1997-12-21,1.0682
1997-12-22,0.9931
1997-12-23,1.0049
1997-12-24,0.9715
1997-12-25,0.7367
1997-12-26,-0.1812
1997-12-27,-0.2121
1997-12-28,-0.2528
1997-12-29,-0.3294
1997-12-30,-0.4825
1997-12-31,-0.5136
1998-01-01,-0.4578
1998-01-02,-0.2336
1998-01-03,-0.2015
1998-01-04,-0.0043
1998-01-05,-0.1269
1998-01-06,-0.5546
1998-01-07,-0.6775
1998-01-08,-0.7114
1998-01-09,-0.4867
1998-01-10,-0.1498
1998-01-11,0.2558
1998-01-12,0.7506
1998-01-13,0.73
1998-01-14,0.9594
1998-01-15,1.3364
1998-01-16,1.3629
1998-01-17,1.3471
1998-01-18,1.5549
1998-01-19,1.5637
1998-01-20,1.6079
1998-01-21,1.5915
1998-01-22,1.5456
1998-01-23,1.5419
1998-01-24,1.5016
1998-01-25,1.4697
1998-01-26,1.4303
1998-01-27,1.4143
1998-01-28,1.4598
1998-01-29,1.5792
1998-01-30,1.5834
1998-01-31,1.6163
1998-02-01,1.624
1998-02-02,1.78
1998-02-03,1.9875
1998-02-04,1.9956
1998-02-05,2.018
1998-02-06,2.0954
1998-02-07,2.1271
1998-02-08,2.1314
1998-02-09,2.1068
1998-02-10,2.0707
1998-02-11,1.9904
1998-02-12,2.0148
1998-02-13,1.9274
1998-02-14,1.9114
1998-02-15,1.9429
1998-02-16,1.9513
1998-02-17,1.8814
1998-02-18,1.8914
1998-02-19,1.9685
1998-02-20,1.9233
1998-02-21,2.0069
1998-02-22,2.091
1998-02-23,2.1931
1998-02-24,2.2119
1998-02-25,2.2131
1998-02-26,2.2043
1998-02-27,2.1626
1998-02-28,2.1276
1998-03-01,2.1405
1998-03-02,2.1564
1998-03-03,2.1427
1998-03-04,2.0134
1998-03-05,1.6622
1998-03-06,1.6767
1998-03-07,1.6256
1998-03-08,1.3676
1998-03-09,1.0415
1998-03-10,0.9108
1998-03-11,0.8948
1998-03-12,0.8073
1998-03-13,0.7632
1998-03-14,0.6388
1998-03-15,0.6218
1998-03-16,0.0936
1998-03-17,0.1091
1998-03-18,0.1189
1998-03-19,0.1181
1998-03-20,0.0771
1998-03-21,-0.3528
1998-03-22,-0.3514
1998-03-23,-0.4623
1998-03-24,-0.0538
1998-03-25,0.0744
1998-03-26,0.0498
1998-03-27,0.0646
1998-03-28,0.153
1998-03-29,0.1934
1998-03-30,0.2121
1998-03-31,0.4748
1998-04-01,0.5458
1998-04-02,0.6799
1998-04-03,0.8802
1998-04-04,0.8122
1998-04-05,0.7857
1998-04-06,0.8003
1998-04-07,0.9257
1998-04-08,0.9687
1998-04-09,0.9963
1998-04-10,1.0417
1998-04-11,1.0885
1998-04-12,1.1682
1998-04-13,1.3113
1998-04-14,1.4504
1998-04-15,1.5158
1998-04-16,1.5484
1998-04-17,1.5474
1998-04-18,1.577
1998-04-19,1.6492
1998-04-20,1.6543
1998-04-21,1.6767
1998-04-22,1.613
1998-04-23,1.4987
1998-04-24,1.4472
1998-04-25,1.499
1998-04-26,1.4966
1998-04-27,1.448
1998-04-28,1.4233
1998-04-29,1.4174
1998-04-30,1.2566
1998-05-01,1.3004
1998-05-02,1.3402
1998-05-03,1.3995
1998-05-04,1.5474
1998-05-05,1.678
1998-05-06,1.7258
1998-05-07,1.5746
1998-05-08,1.5675
1998-05-09,1.5879
1998-05-10,1.5864
1998-05-11,1.652
1998-05-12,1.7719
1998-05-13,1.7592
1998-05-14,1.6989
1998-05-15,1.733
1998-05-16,1.7112
1998-05-17,1.7621
1998-05-18,1.7492
1998-05-19,1.7857
1998-05-20,1.8392
1998-05-21,1.8735
1998-05-22,1.8916
1998-05-23,1.9117
1998-05-24,1.8706
1998-05-25,1.8477
1998-05-26,1.9469
1998-05-27,1.9801
1998-05-28,2.1316
1998-05-29,2.1876
1998-05-30,2.196
1998-05-31,2.1779
1998-06-01,2.1421
1998-06-02,2.0774
1998-06-03,2.0658
1998-06-04,1.986
1998-06-05,1.9093
1998-06-06,1.9272
1998-06-07,1.9421
1998-06-08,1.9527
1998-06-09,1.9626
1998-06-10,1.9389
1998-06-11,1.8842
1998-06-12,1.8507
1998-06-13,1.8688
1998-06-14,1.9224
1998-06-15,1.934
1998-06-16,1.921
1998-06-17,1.9307
1998-06-18,1.9351
1998-06-19,1.9269
1998-06-20,1.9371
1998-06-21,1.9518
1998-06-22,1.9725
1998-06-23,2.0209
1998-06-24,2.0647
1998-06-25,1.9799
1998-06-26,2.0705
1998-06-27,1.8531
1998-06-28,1.6442
1998-06-29,1.6241
1998-06-30,1.6237
1998-07-01,1.6224
1998-07-02,1.615
1998-07-03,1.5752
1998-07-04,1.6548
1998-07-05,1.7848
1998-07-06,1.6705
1998-07-07,1.5022
1998-07-08,1.4325
1998-07-09,1.3986
1998-07-10,1.3457
1998-07-11,1.2389
1998-07-12,1.1241
1998-07-13,1.0433
1998-07-14,1.0511
1998-07-15,1.1098
1998-07-16,1.0213
1998-07-17,0.9556
1998-07-18,0.9013
1998-07-19,0.7971
1998-07-20,0.6783
1998-07-21,0.6157
1998-07-22,0.6112
1998-07-23,0.5522
1998-07-24,0.5527
1998-07-25,0.4579
1998-07-26,0.4069
1998-07-27,0.3837
1998-07-28,0.4296
1998-07-29,0.4981
1998-07-30,0.6358
1998-07-31,0.6531
1998-08-01,0.5037
1998-08-02,0.3652
1998-08-03,0.1735
1998-08-04,-0.0509
1998-08-05,-0.2163
1998-08-06,-0.2728
1998-08-07,-0.3408
1998-08-08,-0.3956
1998-08-09,-0.5553
1998-08-10,-0.6871
1998-08-11,-0.7152
1998-08-12,-0.8247
1998-08-13,-0.9187
1998-08-14,-0.9343
1998-08-15,-0.827
1998-08-16,-0.6534
1998-08-17,-0.3665
1998-08-18,-0.0722
1998-08-19,0.0775
1998-08-20,0.1025
1998-08-21,-0.0629
1998-08-22,-0.1894
1998-08-23,-0.3152
1998-08-24,-0.3766
1998-08-25,-0.3288
1998-08-26,-0.2225
1998-08-27,-0.3034
1998-08-28,-0.4934
1998-08-29,-0.8832
1998-08-30,-1.1702
1998-08-31,-1.3178
1998-09-01,-1.3528
1998-09-02,-1.3092
1998-09-03,-1.1802
1998-09-04,-0.9599
1998-09-05,-0.7485
1998-09-06,-0.6655
1998-09-07,-0.8521
1998-09-08,-0.9042
1998-09-09,-0.5959
1998-09-10,-0.3665
1998-09-11,-0.1904
1998-09-12,-0.1657
1998-09-13,-0.2167
1998-09-14,-0.2961
1998-09-15,-0.4688
1998-09-16,-0.8061
1998-09-17,-0.9301
1998-09-18,-0.9273
1998-09-19,-0.9772
1998-09-20,-0.9325
1998-09-21,-0.7414
1998-09-22,-0.6027
1998-09-23,-0.3355
1998-09-24,-0.2583
1998-09-25,-0.1616
1998-09-26,0.0925
1998-09-27,0.248
1998-09-28,0.4008
1998-09-29,0.53
1998-09-30,0.623
1998-10-01,0.6882
1998-10-02,0.8553
1998-10-03,0.9272
1998-10-04,0.8238
1998-10-05,0.7615
1998-10-06,0.7021
1998-10-07,0.6947
1998-10-08,0.7182
1998-10-09,0.6253
1998-10-10,0.526
1998-10-11,0.4562
1998-10-12,0.4559
1998-10-13,0.425
1998-10-14,0.4542
1998-10-15,0.4744
1998-10-16,0.4393
1998-10-17,0.4658
1998-10-18,0.4595
1998-10-19,0.4019
1998-10-20,0.3763
1998-10-21,0.3128
1998-10-22,0.2533
1998-10-23,0.091
1998-10-24,0.5806
1998-10-25,0.5384
1998-10-26,0.3878
1998-10-27,0.3205
1998-10-28,0.2893
1998-10-29,0.2294
1998-10-30,0.3814
1998-10-31,0.4386
1998-11-01,0.3482
1998-11-02,0.29
1998-11-03,0.4353
1998-11-04,0.4627
1998-11-05,0.4827
1998-11-06,0.5256
1998-11-07,0.632
1998-11-08,0.6141
1998-11-09,0.742
1998-11-10,0.7004
1998-11-11,0.6685
1998-11-12,0.8335
1998-11-13,0.7514
1998-11-14,0.723
1998-11-15,0.72
1998-11-16,0.6298
1998-11-17,0.5721
1998-11-18,0.5768
1998-11-19,0.6259
1998-11-20,0.6109
1998-11-21,0.6133
1998-11-22,0.6479
1998-11-23,0.421
1998-11-24,0.3804
1998-11-25,0.3913
1998-11-26,0.3221
1998-11-27,0.5383
1998-11-28,0.5848
1998-11-29,0.4643
1998-11-30,0.7369
1998-12-01,0.7096
1998-12-02,0.6365
1998-12-03,0.7979
1998-12-04,0.8783
1998-12-05,0.8876
1998-12-06,0.8593
1998-12-07,0.7861
1998-12-08,0.7487
1998-12-09,0.6036
1998-12-10,0.5592
1998-12-11,0.4722
1998-12-12,0.2783
1998-12-13,0.2961
1998-12-14,0.2562
1998-12-15,0.2215
1998-12-16,0.1835
1998-12-17,0.158
1998-12-18,0.107
1998-12-19,0.0297
1998-12-20,0.3216
1998-12-21,0.2594
1998-12-22,0.2029
1998-12-23,0.142
1998-12-24,0.137
1998-12-25,0.1136
1998-12-26,0.1626
1998-12-27,-0.0104
1998-12-28,-0.1134
1998-12-29,-0.1817
1998-12-30,-0.6098
1998-12-31,-0.6482
1999-01-01,-0.5998
1999-01-02,-0.9087
1999-01-03,-1.0876
1999-01-04,-1.1907
1999-01-05,-1.2049
1999-01-06,-1.2035
1999-01-07,-1.1949
1999-01-08,-1.2454
1999-01-09,-1.2658
1999-01-10,-1.1996
1999-01-11,-1.1694
1999-01-12,-1.1888
1999-01-13,-1.1637
1999-01-14,-1.1167
1999-01-15,-0.9016
1999-01-16,-0.9643
1999-01-17,-0.951
1999-01-18,-0.6643
1999-01-19,-0.4081
1999-01-20,-0.2634
1999-01-21,-0.1326
1999-01-22,-0.1547
1999-01-23,0.1472
1999-01-24,0.1666
1999-01-25,0.1544
1999-01-26,0.1892
1999-01-27,0.3013
1999-01-28,0.3738
1999-01-29,0.402
1999-01-30,0.3877
1999-01-31,0.4998
1999-02-01,0.5903
1999-02-02,0.6209
1999-02-03,0.6331
1999-02-04,0.6478
1999-02-05,0.6656
1999-02-06,0.7529
1999-02-07,0.9952
1999-02-08,1.1435
1999-02-09,1.3897
1999-02-10,1.4492
1999-02-11,1.4763
1999-02-12,1.4452
1999-02-13,1.4189
1999-02-14,1.3356
1999-02-15,1.3428
1999-02-16,1.347
1999-02-17,1.2343
1999-02-18,0.9837
1999-02-19,0.912
1999-02-20,1.0219
1999-02-21,1.101
1999-02-22,0.9954
1999-02-23,0.9983
1999-02-24,0.9939
1999-02-25,0.9634
1999-02-26,0.9195
1999-02-27,0.8974
1999-02-28,0.8956
1999-03-01,0.8266
1999-03-02,0.6961
1999-03-03,0.7179
1999-03-04,0.7319
1999-03-05,0.7022
1999-03-06,0.7114
1999-03-07,0.7059
1999-03-08,0.705
1999-03-09,0.5607
1999-03-10,0.248
1999-03-11,-0.295
1999-03-12,-0.4282
1999-03-13,-0.4852
1999-03-14,-0.4833
1999-03-15,-0.5009
1999-03-16,-0.5238
1999-03-17,-0.5006
1999-03-18,-0.5459
1999-03-19,-0.4892
1999-03-20,-0.5048
1999-03-21,-0.4327
1999-03-22,-0.7336
1999-03-23,-0.813
1999-03-24,-0.7767
1999-03-25,-0.7509
1999-03-26,-0.7656
1999-03-27,-0.7608
1999-03-28,-0.6732
1999-03-29,-0.649
1999-03-30,-0.6049
1999-03-31,-0.4801
1999-04-01,-0.434
1999-04-02,-0.5303
1999-04-03,-0.4948
1999-04-04,-0.385
1999-04-05,-0.1326
1999-04-06,-0.0799
1999-04-07,-0.1179
1999-04-08,-0.1183
1999-04-09,0.0527
1999-04-10,0.1227
1999-04-11,0.16
1999-04-12,0.2042
1999-04-13,0.219
1999-04-14,0.2433
1999-04-15,0.26
1999-04-16,0.2439
1999-04-17,0.2117
1999-04-18,0.1768
1999-04-19,0.1643
1999-04-20,0.1403
1999-04-21,0.2141
1999-04-22,0.2471
1999-04-23,0.2728
1999-04-24,0.294
1999-04-25,0.3435
1999-04-26,0.3579
1999-04-27,0.297
1999-04-28,0.3241
1999-04-29,0.2778
1999-04-30,0.1561
1999-05-01,0.1548
1999-05-02,0.2362
1999-05-03,0.2877
1999-05-04,0.3258
1999-05-05,0.0481
1999-05-06,-0.0138
1999-05-07,-0.0291
1999-05-08,-0.2927
1999-05-09,-0.5756
1999-05-10,-0.61
1999-05-11,-0.639
1999-05-12,-0.6091
1999-05-13,-0.5436
1999-05-14,-0.4876
1999-05-15,-0.4584
1999-05-16,-0.3571
1999-05-17,-0.3027
1999-05-18,-0.2434
1999-05-19,-0.1984
1999-05-20,-0.0895
1999-05-21,-0.1192
1999-05-22,-0.1299
1999-05-23,-0.0787
1999-05-24,-0.0434
1999-05-25,-0.0533
1999-05-26,-0.0841
1999-05-27,-0.139
1999-05-28,-0.1634
1999-05-29,-0.1074
1999-05-30,-0.0698
1999-05-31,-0.028
1999-06-01,-0.1366
1999-06-02,-0.1618
1999-06-03,-0.0606
1999-06-04,0.0084
1999-06-05,0.0765
1999-06-06,0.1009
1999-06-07,0.1114
1999-06-08,0.1187
1999-06-09,0.1404
1999-06-10,0.144
1999-06-11,0.1458
1999-06-12,0.1244
1999-06-13,0.08
1999-06-14,0.0734
1999-06-15,0.1581
1999-06-16,0.2193
1999-06-17,0.2317
1999-06-18,0.2508
1999-06-19,0.2283
1999-06-20,0.3003
1999-06-21,0.3995
1999-06-22,0.4008
1999-06-23,0.418
1999-06-24,0.4589
1999-06-25,0.5457
1999-06-26,0.6117
1999-06-27,0.6433
1999-06-28,0.5283
1999-06-29,0.4163
1999-06-30,0.321
1999-07-01,0.1505
1999-07-02,-0.0474
1999-07-03,-0.2262
1999-07-04,-0.2705
1999-07-05,-0.3061
1999-07-06,-0.3065
1999-07-07,-0.3311
1999-07-08,-0.4036
1999-07-09,-0.4344
1999-07-10,-0.4629
1999-07-11,-0.5489
1999-07-12,-0.6241
1999-07-13,-0.6265
1999-07-14,-0.6342
1999-07-15,-0.6786
1999-07-16,-0.6487
1999-07-17,-0.549
1999-07-18,-0.4938
1999-07-19,-0.4002
1999-07-20,-0.2754
1999-07-21,-0.2539
1999-07-22,-0.2236
1999-07-23,-0.1049
1999-07-24,0.0687
1999-07-25,0.1064
1999-07-26,0.1938
1999-07-27,0.3367
1999-07-28,0.8109
1999-07-29,1.0558
1999-07-30,1.2669
1999-07-31,1.5144
1999-08-01,1.6173
1999-08-02,1.6651
1999-08-03,1.6345
1999-08-04,1.5946
1999-08-05,1.6811
1999-08-06,2.3121
1999-08-07,2.3991
1999-08-08,2.5103
1999-08-09,2.6606
1999-08-10,2.7253
1999-08-11,2.7765
1999-08-12,2.7903
1999-08-13,2.7784
1999-08-14,2.763
1999-08-15,2.7333
1999-08-16,2.764
1999-08-17,2.8063
1999-08-18,2.8051
1999-08-19,2.8303
1999-08-20,2.8292
1999-08-21,2.8205
1999-08-22,2.7877
1999-08-23,2.7594
1999-08-24,2.8211
1999-08-25,2.8231
1999-08-26,2.8106
1999-08-27,2.6399
1999-08-28,2.5133
1999-08-29,2.5013
1999-08-30,2.6154
1999-08-31,2.6877
1999-09-01,2.3974
1999-09-02,2.3242
1999-09-03,2.279
1999-09-04,2.2086
1999-09-05,1.2383
1999-09-06,1.0325
1999-09-07,0.8361
1999-09-08,0.621
1999-09-09,0.4363
1999-09-10,0.2315
1999-09-11,0.1046
1999-09-12,-0.1463
1999-09-13,-0.3391
1999-09-14,-0.397
1999-09-15,-0.511
1999-09-16,-0.5829
1999-09-17,-0.7862
1999-09-18,-0.7319
1999-09-19,-0.5417
1999-09-20,-0.4098
1999-09-21,-0.3191
1999-09-22,-0.2371
1999-09-23,-0.121
1999-09-24,0.0132
1999-09-25,-0.0983
1999-09-26,-0.0448
1999-09-27,-0.0228
1999-09-28,-0.0638
1999-09-29,-0.3289
1999-09-30,-0.5869
1999-10-01,-0.7995
1999-10-02,-1.016
1999-10-03,-1.2222
1999-10-04,-1.2023
1999-10-05,-1.0273
1999-10-06,-0.8152
1999-10-07,-0.7406
1999-10-08,-0.7394
1999-10-09,-0.8335
1999-10-10,-0.9392
1999-10-11,-1.0096
1999-10-12,-1.0162
1999-10-13,-1.0379
1999-10-14,-1.0954
1999-10-15,-1.0649
1999-10-16,-1.0492
1999-10-17,-1.0509
1999-10-18,-1.054
1999-10-19,-1.1288
1999-10-20,-1.1861
1999-10-21,-1.2486
1999-10-22,-1.3148
1999-10-23,-1.3259
1999-10-24,-1.2951
1999-10-25,-1.371
1999-10-26,-1.321
1999-10-27,-1.2402
1999-10-28,-1.1771
1999-10-29,-1.1432
1999-10-30,-1.1524
1999-10-31,-1.1767
1999-11-01,-1.2258
1999-11-02,-1.2583
1999-11-03,-1.2822
1999-11-04,-1.3171
1999-11-05,-1.3857
1999-11-06,-1.4148
1999-11-07,-0.8076
1999-11-08,-0.3657
1999-11-09,-0.3661
1999-11-10,-0.4572
1999-11-11,-0.4902
1999-11-12,-0.4915
1999-11-13,-0.5591
1999-11-14,-0.5724
1999-11-15,-0.5976
1999-11-16,-0.5213
1999-11-17,-0.5697
1999-11-18,-0.5663
1999-11-19,-0.3955
1999-11-20,-0.3793
1999-11-21,-0.3705
1999-11-22,-0.3296
1999-11-23,-0.3617
1999-11-24,-0.3823
1999-11-25,-0.3726
1999-11-26,-0.4785
1999-11-27,-0.5119
1999-11-28,-0.5198
1999-11-29,-0.476
1999-11-30,-0.3817
1999-12-01,-0.4172
1999-12-02,-0.4327
1999-12-03,-0.4342
1999-12-04,-0.4498
1999-12-05,-0.4632
1999-12-06,-0.529
1999-12-07,-0.8468
1999-12-08,-1.0985
1999-12-09,-1.0284
1999-12-10,-1.088
1999-12-11,-1.1645
1999-12-12,-1.2071
1999-12-13,-1.2441
1999-12-14,-1.3063
1999-12-15,-1.3096
1999-12-16,-1.3987
1999-12-17,-1.4115
1999-12-18,-1.4636
1999-12-19,-1.6374
1999-12-20,-1.5953
1999-12-21,-1.6266
1999-12-22,-1.639
1999-12-23,-1.6459
1999-12-24,-1.6604
1999-12-25,-1.5592
1999-12-26,-1.54
1999-12-27,-1.5625
1999-12-28,-1.5767
1999-12-29,-1.6142
1999-12-30,-1.6769
1999-12-31,-1.6844
2000-01-01,-1.6898
2000-01-02,-1.6886
2000-01-03,-1.6502
2000-01-04,-1.6092
2000-01-05,-1.5971
2000-01-06,-1.5773
2000-01-07,-1.5718
2000-01-08,-1.6796
2000-01-09,-1.6956
2000-01-10,-1.6909
2000-01-11,-1.5912
2000-01-12,-1.5948
2000-01-13,-1.5752
2000-01-14,-1.5232
2000-01-15,-1.4908
2000-01-16,-1.4837
2000-01-17,-1.343
2000-01-18,-1.1899
2000-01-19,-1.1481
2000-01-20,-1.0609
2000-01-21,-0.9211
2000-01-22,-0.9109
2000-01-23,-0.3423
2000-01-24,0.4094
2000-01-25,0.7146
2000-01-26,0.7002
2000-01-27,0.7327
2000-01-28,0.7897
2000-01-29,0.8183
2000-01-30,0.8702
2000-01-31,0.9083
2000-02-01,0.952
2000-02-02,0.9928
2000-02-03,1.0669
2000-02-04,1.0779
2000-02-05,1.0989
2000-02-06,1.1516
2000-02-07,1.1693
2000-02-08,1.1388
2000-02-09,1.1542
2000-02-10,1.1717
2000-02-11,1.3919
2000-02-12,1.4573
2000-02-13,1.6618
2000-02-14,1.7148
2000-02-15,1.7496
2000-02-16,1.7287
2000-02-17,1.7244
2000-02-18,1.7329
2000-02-19,1.6614
2000-02-20,1.6726
2000-02-21,1.6775
2000-02-22,1.6811
2000-02-23,1.5408
2000-02-24,1.3849
2000-02-25,1.3754
2000-02-26,1.4152
2000-02-27,1.513
2000-02-28,1.5638
2000-03-01,1.5229
2000-03-02,1.5133
2000-03-03,1.5012
2000-03-04,1.5368
2000-03-05,1.7225
2000-03-06,1.7389
2000-03-07,1.7605
2000-03-08,1.8626
2000-03-09,1.9233
2000-03-10,1.9584
2000-03-11,1.9188
2000-03-12,1.8364
2000-03-13,1.6178
2000-03-14,1.5463
2000-03-15,1.1455
2000-03-16,1.0355
2000-03-17,0.9929
2000-03-18,0.8991
2000-03-19,0.979
2000-03-20,0.9235
2000-03-21,0.9017
2000-03-22,0.6723
2000-03-23,0.6409
2000-03-24,0.3168
2000-03-25,0.0318
2000-03-26,-0.0567
2000-03-27,-0.0615
2000-03-28,-0.1085
2000-03-29,-0.3578
2000-03-30,-0.4639
2000-03-31,-0.5291
2000-04-01,-0.5569
2000-04-02,-0.5482
2000-04-03,-0.5691
2000-04-04,-0.9111
2000-04-05,-0.9043
2000-04-06,-1.0286
2000-04-07,-1.3043
2000-04-08,-1.3438
2000-04-09,-1.4113
2000-04-10,-1.4072
2000-04-11,-1.415
2000-04-12,-1.4068
2000-04-13,-1.3662
2000-04-14,-1.3784
2000-04-15,-1.3552
2000-04-16,-1.2656
2000-04-17,-0.5643
2000-04-18,-0.5437
2000-04-19,-0.5444
2000-04-20,-0.5369
2000-04-21,-0.4555
2000-04-22,-0.3856
2000-04-23,-0.194
2000-04-24,-0.192
2000-04-25,-0.1294
2000-04-26,-0.1473
2000-04-27,-0.1116
2000-04-28,-0.0758
2000-04-29,-0.0433
2000-04-30,-0.0059
2000-05-01,0.0289
2000-05-02,0.0558
2000-05-03,0.0619
2000-05-04,0.094
2000-05-05,0.2078
2000-05-06,0.4545
2000-05-07,0.7203
2000-05-08,0.8188
2000-05-09,1.0746
2000-05-10,1.2071
2000-05-11,1.2943
2000-05-12,1.3544
2000-05-13,1.3619
2000-05-14,1.3944
2000-05-15,1.4711
2000-05-16,1.4068
2000-05-17,0.9142
2000-05-18,0.8205
2000-05-19,0.8355
2000-05-20,0.8625
2000-05-21,1.1305
2000-05-22,1.1013
2000-05-23,1.0388
2000-05-24,1.0747
2000-05-25,1.1215
2000-05-26,1.1122
2000-05-27,1.0621
2000-05-28,1.0159
2000-05-29,1.0195
2000-05-30,1.0405
2000-05-31,1.0568
2000-06-01,1.0488
2000-06-02,1.0446
2000-06-03,1.0331
2000-06-04,1.0187
2000-06-05,0.928
2000-06-06,0.7941
2000-06-07,0.8154
2000-06-08,0.6836
2000-06-09,0.5996
2000-06-10,0.5947
2000-06-11,0.605
2000-06-12,0.6196
2000-06-13,0.587
2000-06-14,0.2879
2000-06-15,0.1483
2000-06-16,0.0646
2000-06-17,0.121
2000-06-18,0.1858
2000-06-19,0.2729
2000-06-20,-0.4449
2000-06-21,-0.3917
2000-06-22,-0.3757
2000-06-23,-0.3206
2000-06-24,-0.3758
2000-06-25,-0.4137
2000-06-26,-0.4338
2000-06-27,-0.4669
2000-06-28,-0.564
2000-06-29,-0.6366
2000-06-30,-0.6307
2000-07-01,-0.5011
2000-07-02,-0.3738
2000-07-03,-0.2262
2000-07-04,-0.0955
2000-07-05,0.024
2000-07-06,0.1699
2000-07-07,0.1665
2000-07-08,0.0007
2000-07-09,-0.0706
2000-07-10,-0.1096
2000-07-11,-0.1219
2000-07-12,-0.062
2000-07-13,0.0713
2000-07-14,0.2045
2000-07-15,0.3546
2000-07-16,0.5351
2000-07-17,0.6256
2000-07-18,0.5385
2000-07-19,0.4994
2000-07-20,0.5007
2000-07-21,0.5729
2000-07-22,0.6025
2000-07-23,0.5343
2000-07-24,0.526
2000-07-25,0.5916
2000-07-26,0.7461
2000-07-27,0.8905
2000-07-28,1.0607
2000-07-29,1.106
2000-07-30,1.1124
2000-07-31,1.0181
2000-08-01,0.8714
2000-08-02,0.6691
2000-08-03,0.5201
2000-08-04,0.2381
2000-08-05,0.0023
2000-08-06,-0.2306
2000-08-07,-0.3546
2000-08-08,-0.3956
2000-08-09,-0.411
2000-08-10,-0.2973
2000-08-11,-0.4156
2000-08-12,-0.5545
2000-08-13,-0.6002
2000-08-14,-0.7247
2000-08-15,-0.9289
2000-08-16,-1.175
2000-08-17,-1.1941
2000-08-18,-1.12
2000-08-19,-1.0617
2000-08-20,-1.0095
2000-08-21,-1.0032
2000-08-22,-0.9326
2000-08-23,-0.783
2000-08-24,-0.7874
2000-08-25,-0.9354
2000-08-26,-1.043
2000-08-27,-1.0102
2000-08-28,-0.8375
2000-08-29,-0.2769
2000-08-30,0.1542
2000-08-31,0.5472
2000-09-01,1.4916
2000-09-02,1.688
2000-09-03,1.8008
2000-09-04,1.9194
2000-09-05,2.1666
2000-09-06,2.1452
2000-09-07,2.0925
2000-09-08,1.9475
2000-09-09,1.8553
2000-09-10,1.8541
2000-09-11,1.8481
2000-09-12,1.8887
2000-09-13,1.9222
2000-09-14,1.9963
2000-09-15,2.0607
2000-09-16,1.9111
2000-09-17,1.7954
2000-09-18,1.6185
2000-09-19,1.4852
2000-09-20,1.3906
2000-09-21,1.4082
2000-09-22,1.3987
2000-09-23,1.3844
2000-09-24,1.2816
2000-09-25,1.2342
2000-09-26,1.1933
2000-09-27,1.1834
2000-09-28,1.0521
2000-09-29,0.9383
2000-09-30,0.7876
2000-10-01,0.2477
2000-10-02,-0.0241
2000-10-03,-0.2926
2000-10-04,-0.5345
2000-10-05,-0.6746
2000-10-06,-0.7482
2000-10-07,-0.6676
2000-10-08,-0.6153
2000-10-09,0.5645
2000-10-10,1.3548
2000-10-11,1.6867
2000-10-12,1.7854
2000-10-13,1.7337
2000-10-14,1.7386
2000-10-15,1.769
2000-10-16,1.7648
2000-10-17,1.78
2000-10-18,1.7999
2000-10-19,1.7919
2000-10-20,1.8054
2000-10-21,1.7988
2000-10-22,1.786
2000-10-23,1.7036
2000-10-24,1.6154
2000-10-25,1.6212
2000-10-26,1.6649
2000-10-27,1.6459
2000-10-28,1.8915
2000-10-29,2.0481
2000-10-30,2.0307
2000-10-31,2.1234
2000-11-01,2.1339
2000-11-02,2.1458
2000-11-03,2.1206
2000-11-04,2.1128
2000-11-05,2.1173
2000-11-06,2.1185
2000-11-07,2.0909
2000-11-08,1.9862
2000-11-09,1.8234
2000-11-10,1.6487
2000-11-11,1.5493
2000-11-12,1.5103
2000-11-13,1.4777
2000-11-14,1.4626
2000-11-15,1.5111
2000-11-16,1.4895
2000-11-17,1.3822
2000-11-18,1.3714
2000-11-19,1.2882
2000-11-20,1.2661
2000-11-21,1.3308
2000-11-22,1.3468
2000-11-23,1.3572
2000-11-24,1.3054
2000-11-25,1.2043
2000-11-26,1.1356
2000-11-27,0.6083
2000-11-28,-0.0285
2000-11-29,-0.0253
2000-11-30,-0.6138
2000-12-01,-0.6719
2000-12-02,-0.6976
2000-12-03,-0.6888
2000-12-04,-0.664
2000-12-05,-0.6707
2000-12-06,-0.7493
2000-12-07,-0.7928
2000-12-08,-0.7784
2000-12-09,-0.8007
2000-12-10,-0.8689
2000-12-11,-0.8545
2000-12-12,-0.8984
2000-12-13,-0.9782
2000-12-14,-0.8947
2000-12-15,-0.8756
2000-12-16,-0.8798
2000-12-17,-0.888
2000-12-18,-0.4067
2000-12-19,-0.3996
2000-12-20,-0.4965
2000-12-21,-0.7184
2000-12-22,-0.7894
2000-12-23,-0.7786
2000-12-24,-0.7987
2000-12-25,-0.7692
2000-12-26,-0.7459
2000-12-27,-0.7567
2000-12-28,-0.8045
2000-12-29,-0.9262
2000-12-30,-0.9422
2000-12-31,-0.9303
2001-01-01,-0.8875
2001-01-02,-0.8708
2001-01-03,-0.945
2001-01-04,-1.0175
2001-01-05,-1.0492
2001-01-06,-1.0337
2001-01-07,-0.9708
2001-01-08,-0.8125
2001-01-09,-0.8416
2001-01-10,-0.6234
2001-01-11,-0.5571
2001-01-12,-0.5604
2001-01-13,-0.5976
2001-01-14,-0.6201
2001-01-15,-0.6075
2001-01-16,-0.6815
2001-01-17,-0.9552
2001-01-18,-0.9472
2001-01-19,-0.9376
2001-01-20,-0.9485
2001-01-21,-0.8787
2001-01-22,-0.9085
2001-01-23,-0.8656
2001-01-24,-0.7568
2001-01-25,-0.4978
2001-01-26,-0.4845
2001-01-27,-0.4257
2001-01-28,-0.3668
2001-01-29,-0.3275
2001-01-30,-0.2146
2001-01-31,-0.1818
2001-02-01,-0.103
2001-02-02,-0.0792
2001-02-03,-0.0564
2001-02-04,-0.0286
2001-02-05,-0.0049
2001-02-06,-0.0234
2001-02-07,-0.2062
2001-02-08,-0.2756
2001-02-09,-0.3852
2001-02-10,-0.3534
2001-02-11,-0.2521
2001-02-12,-0.2974
2001-02-13,-0.2916
2001-02-14,-0.309
2001-02-15,-0.29
2001-02-16,-0.42
2001-02-17,-0.4619
2001-02-18,-0.4494
2001-02-19,-0.2514
2001-02-20,-0.2187
2001-02-21,-0.1448
2001-02-22,-0.0765
2001-02-23,-0.0755
2001-02-24,-0.184
2001-02-25,-0.1699
2001-02-26,-0.1545
2001-02-27,-0.1667
2001-02-28,-0.1859
2001-03-01,0.023
2001-03-02,0.0538
2001-03-03,-0.0028
2001-03-04,0.1291
2001-03-05,0.1316
2001-03-06,0.1342
2001-03-07,0.1381
2001-03-08,0.1575
2001-03-09,0.2284
2001-03-10,0.2677
2001-03-11,0.1734
2001-03-12,0.0883
2001-03-13,-0.0141
2001-03-14,-0.0584
2001-03-15,-0.0495
2001-03-16,-0.0519
2001-03-17,-0.1045
2001-03-18,-0.0482
2001-03-19,-0.0462
2001-03-20,-0.1055
2001-03-21,-0.1335
2001-03-22,-0.1332
2001-03-23,-0.1433
2001-03-24,-0.2493
2001-03-25,-0.2939
2001-03-26,-0.4364
2001-03-27,-0.4482
2001-03-28,-0.4243
2001-03-29,-0.4188
2001-03-30,-0.4499
2001-03-31,-0.8869
2001-04-01,-0.9742
2001-04-02,-0.8536
2001-04-03,-0.8997
2001-04-04,-0.8343
2001-04-05,-0.8006
2001-04-06,-0.6572
2001-04-07,-0.6064
2001-04-08,-0.3461
2001-04-09,-0.3414
2001-04-10,-0.2967
2001-04-11,-0.2516
2001-04-12,-0.2788
2001-04-13,-0.2367
2001-04-14,-0.1983
2001-04-15,-0.1563
2001-04-16,-0.1463
2001-04-17,-0.1533
2001-04-18,-0.1043
2001-04-19,-0.0206
2001-04-20,0.6436
2001-04-21,0.9193
2001-04-22,0.9822
2001-04-23,1.0494
2001-04-24,1.0797
2001-04-25,1.0688
2001-04-26,1.0832
2001-04-27,1.0804
2001-04-28,1.1107
2001-04-29,1.1439
2001-04-30,1.2223
2001-05-01,1.2585
2001-05-02,1.1756
2001-05-03,1.1314
2001-05-04,1.127
2001-05-05,1.1138
2001-05-06,0.9509
2001-05-07,0.8627
2001-05-08,0.498
2001-05-09,0.4888
2001-05-10,0.4655
2001-05-11,0.4407
2001-05-12,0.4878
2001-05-13,0.5034
2001-05-14,0.469
2001-05-15,0.394
2001-05-16,0.3955
2001-05-17,0.3989
2001-05-18,0.3423
2001-05-19,0.2476
2001-05-20,-1.1601
2001-05-21,-1.7205
2001-05-22,-1.8138
2001-05-23,-1.9476
2001-05-24,-2.1084
2001-05-25,-2.151
2001-05-26,-2.2596
2001-05-27,-2.3101
2001-05-28,-2.4349
2001-05-29,-2.5997
2001-05-30,-2.6127
2001-05-31,-2.6982
2001-06-01,-2.633
2001-06-02,-2.3685
2001-06-03,-2.2585
2001-06-04,-2.3833
2001-06-05,-2.3991
2001-06-06,-2.4205
2001-06-07,-2.3359
2001-06-08,-2.3016
2001-06-09,-2.1979
2001-06-10,-2.0545
2001-06-11,-2.1684
2001-06-12,-2.2843
2001-06-13,-2.2783
2001-06-14,-2.4998
2001-06-15,-3.0058
2001-06-16,-3.0913
2001-06-17,-3.2702
2001-06-18,-3.086
2001-06-19,-3.0347
2001-06-20,-3.0394
2001-06-21,-3.0538
2001-06-22,-3.0777
2001-06-23,-3.0033
2001-06-24,-2.5125
2001-06-25,-1.9599
2001-06-26,-1.8149
2001-06-27,-1.6078
2001-06-28,-1.488
2001-06-29,-1.3549
2001-06-30,-1.1145
2001-07-01,-1.0598
2001-07-02,-1.1383
2001-07-03,-1.3136
2001-07-04,-1.3242
2001-07-05,-1.4472
2001-07-06,-1.3886
2001-07-07,-1.2662
2001-07-08,-1.1521
2001-07-09,-1.08
2001-07-10,-1.0032
2001-07-11,-0.9452
2001-07-12,-0.9333
2001-07-13,-0.9449
2001-07-14,-0.8049
2001-07-15,-0.6701
2001-07-16,-0.4335
2001-07-17,-0.2731
2001-07-18,-0.1536
2001-07-19,0.0127
2001-07-20,0.2128
2001-07-21,0.4339
2001-07-22,0.5677
2001-07-23,0.5878
2001-07-24,0.5616
2001-07-25,0.4036
2001-07-26,0.2968
2001-07-27,0.0356
2001-07-28,-0.0552
2001-07-29,-0.0213
2001-07-30,0.2672
2001-07-31,0.442
2001-08-01,0.6718
2001-08-02,0.8921
2001-08-03,1.0409
2001-08-04,1.2388
2001-08-05,1.2144
2001-08-06,1.0425
2001-08-07,0.9252
2001-08-08,0.7972
2001-08-09,0.7462
2001-08-10,0.6917
2001-08-11,0.6025
2001-08-12,0.6673
2001-08-13,0.6613
2001-08-14,0.5404
2001-08-15,0.3173
2001-08-16,0.1311
2001-08-17,-0.0259
2001-08-18,-0.2095
2001-08-19,-0.4461
2001-08-20,-0.5382
2001-08-21,-0.4434
2001-08-22,-0.2601
2001-08-23,-0.1475
2001-08-24,-0.1226
2001-08-25,-0.1843
2001-08-26,-0.2225
2001-08-27,-0.3034
2001-08-28,-0.3856
2001-08-29,-0.6401
2001-08-30,-0.5876
2001-08-31,-0.6199
2001-09-01,-0.5888
2001-09-02,-0.7455
2001-09-03,-0.9168
2001-09-04,-0.9958
2001-09-05,-0.9331
2001-09-06,-0.7246
2001-09-07,-0.6043
2001-09-08,-0.6212
2001-09-09,-0.5737
2001-09-10,-0.4083
2001-09-11,-0.3703
2001-09-12,-0.3873
2001-09-13,-0.3391
2001-09-14,-0.3564
2001-09-15,-0.3855
2001-09-16,-0.3303
2001-09-17,-0.2503
2001-09-18,-0.1504
2001-09-19,-0.2348
2001-09-20,-0.345
2001-09-21,-0.5569
2001-09-22,-0.7425
2001-09-23,-0.7943
2001-09-24,-0.3115
2001-09-25,-0.0737
2001-09-26,0.048
2001-09-27,0.1664
2001-09-28,0.2122
2001-09-29,0.1218
2001-09-30,-0.0013
2001-10-01,-0.1219
2001-10-02,-0.2474
2001-10-03,-0.4243
2001-10-04,-0.4791
2001-10-05,-0.4139
2001-10-06,-0.3672
2001-10-07,-0.3374
2001-10-08,-0.2999
2001-10-09,-0.389
2001-10-10,-0.4893
2001-10-11,-0.5705
2001-10-12,-0.6249
2001-10-13,-0.6594
2001-10-14,-0.6842
2001-10-15,-0.722
2001-10-16,-0.7739
2001-10-17,-0.7741
2001-10-18,-0.7788
2001-10-19,-0.8058
2001-10-20,-0.8248
2001-10-21,-0.8383
2001-10-22,-0.8481
2001-10-23,-0.8755
2001-10-24,-1.0107
2001-10-25,-1.1684
2001-10-26,-1.1765
2001-10-27,-1.1654
2001-10-28,-1.1835
2001-10-29,-1.1432
2001-10-30,-0.4027
2001-10-31,-0.3509
2001-11-01,-0.3157
2001-11-02,-0.2639
2001-11-03,-0.2249
2001-11-04,-0.2475
2001-11-05,-0.2772
2001-11-06,-0.3004
2001-11-07,-0.3719
2001-11-08,-0.4728
2001-11-09,-0.5267
2001-11-10,-0.5997
2001-11-11,-0.5658
2001-11-12,0.3699
2001-11-13,0.3226
2001-11-14,0.3412
2001-11-15,0.3473
2001-11-16,0.2626
2001-11-17,0.1909
2001-11-18,0.2043
2001-11-19,0.1815
2001-11-20,0.1728
2001-11-21,0.1888
2001-11-22,0.2517
2001-11-23,0.3082
2001-11-24,0.549
2001-11-25,0.5996
2001-11-26,0.5313
2001-11-27,0.5409
2001-11-28,0.6121
2001-11-29,0.3081
2001-11-30,0.3056
2001-12-01,0.4078
2001-12-02,0.6774
2001-12-03,0.7051
2001-12-04,0.6846
2001-12-05,0.7084
2001-12-06,0.6923
2001-12-07,0.6877
2001-12-08,0.6911
2001-12-09,0.6912
2001-12-10,0.6816
2001-12-11,0.5915
2001-12-12,-0.0322
2001-12-13,0.0931
2001-12-14,0.1398
2001-12-15,0.1044
2001-12-16,0.1101
2001-12-17,0.2379
2001-12-18,0.1946
2001-12-19,0.2662
2001-12-20,0.5619
2001-12-21,0.4701
2001-12-22,0.6124
2001-12-23,0.572
2001-12-24,0.3325
2001-12-25,0.2869
2001-12-26,0.3841
2001-12-27,0.4379
2001-12-28,0.8204
2001-12-29,0.9549
2001-12-30,1.1159
2001-12-31,1.0328
2002-01-01,0.8279
2002-01-02,1.0775
2002-01-03,1.0448
2002-01-04,0.9387
2002-01-05,0.9374
2002-01-06,0.9386
2002-01-07,0.9117
2002-01-08,0.9149
2002-01-09,0.9494
2002-01-10,0.9512
2002-01-11,0.9695
2002-01-12,0.87
2002-01-13,0.8299
2002-01-14,0.8222
2002-01-15,0.7994
2002-01-16,0.7074
2002-01-17,0.7078
2002-01-18,0.6489
2002-01-19,0.4043
2002-01-20,0.4458
2002-01-21,0.3421
2002-01-22,0.2849
2002-01-23,0.2556
2002-01-24,0.2154
2002-01-25,0.1544
2002-01-26,0.2806
2002-01-27,-0.1115
2002-01-28,-0.2347
2002-01-29,-0.4152
2002-01-30,-0.4755
2002-01-31,-0.5524
2002-02-01,-0.9882
2002-02-02,-1.0097
2002-02-03,-0.9948
2002-02-04,-0.9961
2002-02-05,-0.9832
2002-02-06,-0.9996
2002-02-07,-0.8343
2002-02-08,-0.8657
2002-02-09,-0.9082
2002-02-10,-0.9792
2002-02-11,-1.0268
2002-02-12,-1.0792
2002-02-13,-1.0555
2002-02-14,-1.0635
2002-02-15,-1.0826
2002-02-16,-0.7632
2002-02-17,-0.6058
2002-02-18,-0.5735
2002-02-19,-0.4778
2002-02-20,-0.4862
2002-02-21,-0.4456
2002-02-22,-0.4288
2002-02-23,-0.3943
2002-02-24,-0.3977
2002-02-25,-0.5883
2002-02-26,-0.6141
2002-02-27,-0.6548
2002-02-28,-0.6812
2002-03-01,-0.7508
2002-03-02,-0.815
2002-03-03,-0.8813
2002-03-04,-0.9305
2002-03-05,-0.9562
2002-03-06,-0.4738
2002-03-07,-0.3652
2002-03-08,-0.3268
2002-03-09,-0.3571
2002-03-10,-0.2227
2002-03-11,-0.1779
2002-03-12,-0.1408
2002-03-13,-0.1762
2002-03-14,-0.1507
2002-03-15,-0.1421
2002-03-16,-0.1211
2002-03-17,-0.0152
2002-03-18,-0.3059
2002-03-19,-0.5295
2002-03-20,-0.5906
2002-03-21,-0.6136
2002-03-22,-0.2723
2002-03-23,-0.0592
2002-03-24,-0.031
2002-03-25,-0.033
2002-03-26,-0.0587
2002-03-27,-0.0691
2002-03-28,-0.0378
2002-03-29,-0.0287
2002-03-30,-0.0398
2002-03-31,-0.0472
2002-04-01,-0.0249
2002-04-02,0.0402
2002-04-03,0.0934
2002-04-04,0.1824
2002-04-05,-0.2585
2002-04-06,-0.3804
2002-04-07,-0.4235
2002-04-08,-0.5225
2002-04-09,-0.6065
2002-04-10,-0.5719
2002-04-11,-0.5664
2002-04-12,-0.5627
2002-04-13,-0.5812
2002-04-14,-0.6067
2002-04-15,-0.5751
2002-04-16,-0.5735
2002-04-17,-0.5536
2002-04-18,-0.5325
2002-04-19,-0.5264
2002-04-20,-0.528
2002-04-21,-0.8662
2002-04-22,-1.1749
2002-04-23,-1.3187
2002-04-24,-1.3282
2002-04-25,-1.2335
2002-04-26,-1.0789
2002-04-27,-0.9718
2002-04-28,-0.8974
2002-04-29,-0.7715
2002-04-30,-0.6797
2002-05-01,-0.5884
2002-05-02,-0.619
2002-05-03,-0.6522
2002-05-04,-0.6955
2002-05-05,-0.6565
2002-05-06,-0.6076
2002-05-07,-0.5098
2002-05-08,-0.4464
2002-05-09,-0.4229
2002-05-10,-0.3507
2002-05-11,-0.2868
2002-05-12,-0.2484
2002-05-13,-0.193
2002-05-14,-0.193
2002-05-15,-0.3195
2002-05-16,-0.4722
2002-05-17,-0.5851
2002-05-18,-0.5896
2002-05-19,-0.489
2002-05-20,0.004
2002-05-21,0.1133
2002-05-22,0.2044
2002-05-23,0.2962
2002-05-24,0.3032
2002-05-25,0.3078
2002-05-26,0.2413
2002-05-27,0.1951
2002-05-28,0.1698
2002-05-29,0.0707
2002-05-30,-0.0447
2002-05-31,-0.1317
2002-06-01,-0.1449
2002-06-02,-0.1291
2002-06-03,-0.1125
2002-06-04,-0.1216
2002-06-05,-0.1492
2002-06-06,-0.2227
2002-06-07,-0.2459
2002-06-08,-0.2008
2002-06-09,-0.1936
2002-06-10,-0.2059
2002-06-11,-0.2311
2002-06-12,-0.2314
2002-06-13,-0.1914
2002-06-14,-0.1347
2002-06-15,-0.076
2002-06-16,-0.0152
2002-06-17,0.025
2002-06-18,-0.0249
2002-06-19,-0.7676
2002-06-20,-1.0007
2002-06-21,-0.9782
2002-06-22,-0.9296
2002-06-23,-0.8517
2002-06-24,-0.8438
2002-06-25,-0.9349
2002-06-26,-1.0243
2002-06-27,-1.0667
2002-06-28,-0.9668
2002-06-29,-0.8552
2002-06-30,-0.7462
2002-07-01,-0.8092
2002-07-02,-0.8494
2002-07-03,-0.8299
2002-07-04,-0.7465
2002-07-05,-0.6373
2002-07-06,-0.5141
2002-07-07,-0.3934
2002-07-08,-0.4668
2002-07-09,-0.6726
2002-07-10,-0.819
2002-07-11,-0.8341
2002-07-12,-0.8786
2002-07-13,-0.9184
2002-07-14,-0.9747
2002-07-15,-0.9517
2002-07-16,-0.9402
2002-07-17,-0.9142
2002-07-18,-0.9526
2002-07-19,-0.9692
2002-07-20,-1.0424
2002-07-21,-1.1064
2002-07-22,-1.1362
2002-07-23,-1.158
2002-07-24,-1.1121
2002-07-25,-1.0531
2002-07-26,-1.0564
2002-07-27,-1.092
2002-07-28,-1.1122
2002-07-29,-1.0591
2002-07-30,-1.0464
2002-07-31,-0.9788
2002-08-01,-0.9662
2002-08-02,-0.9607
2002-08-03,-0.891
2002-08-04,-0.7635
2002-08-05,-0.6408
2002-08-06,-0.5299
2002-08-07,-0.4789
2002-08-08,-0.3558
2002-08-09,-0.2141
2002-08-10,-0.1242
2002-08-11,-0.0667
2002-08-12,-0.1129
2002-08-13,-0.1229
2002-08-14,-0.2
2002-08-15,-0.295
2002-08-16,-0.3368
2002-08-17,-0.3665
2002-08-18,-0.3348
2002-08-19,-0.1457
2002-08-20,-0.1928
2002-08-21,-0.2593
2002-08-22,-0.246
2002-08-23,-0.1615
2002-08-24,-0.1084
2002-08-25,-0.0535
2002-08-26,-0.0903
2002-08-27,-0.2583
2002-08-28,-0.4011
2002-08-29,-0.3249
2002-08-30,-0.3593
2002-08-31,-0.4912
2002-09-01,-0.6877
2002-09-02,-0.9469
2002-09-03,-1.1802
2002-09-04,-1.2649
2002-09-05,-1.1897
2002-09-06,-0.9628
2002-09-07,-0.6452
2002-09-08,-0.3723
2002-09-09,-0.2757
2002-09-10,-0.2643
2002-09-11,-0.2296
2002-09-12,-0.2247
2002-09-13,-0.257
2002-09-14,-0.3362
2002-09-15,-0.3035
2002-09-16,-0.3303
2002-09-17,-0.317
2002-09-18,-0.4409
2002-09-19,-0.5922
2002-09-20,-0.7513
2002-09-21,-0.9521
2002-09-22,-1.2368
2002-09-23,-1.4843
2002-09-24,-1.7261
2002-09-25,-2.1215
2002-09-26,-2.1693
2002-09-27,-1.6947
2002-09-28,-1.4829
2002-09-29,-1.2161
2002-09-30,-0.8786
2002-10-01,-0.5986
2002-10-02,-0.4359
2002-10-03,-0.412
2002-10-04,-0.5345
2002-10-05,-0.7091
2002-10-06,-0.8954
2002-10-07,-1.0744
2002-10-08,-1.204
2002-10-09,-1.2052
2002-10-10,-1.0689
2002-10-11,-0.975
2002-10-12,-0.9402
2002-10-13,-0.9135
2002-10-14,-0.882
2002-10-15,-0.9056
2002-10-16,-0.9042
2002-10-17,-0.8829
2002-10-18,-0.8177
2002-10-19,-0.7676
2002-10-20,-0.7093
2002-10-21,-0.699
2002-10-22,-0.6399
2002-10-23,-0.5793
2002-10-24,-0.4767
2002-10-25,-0.4145
2002-10-26,-0.4235
2002-10-27,-0.4952
2002-10-28,-0.5629
2002-10-29,-0.6391
2002-10-30,-0.7211
2002-10-31,-0.7902
2002-11-01,-0.8316
2002-11-02,-0.8437
2002-11-03,-0.8123
2002-11-04,-0.7726
2002-11-05,-0.7458
2002-11-06,-0.7204
2002-11-07,-0.1233
2002-11-08,0.2264
2002-11-09,0.2012
2002-11-10,0.1202
2002-11-11,0.5393
2002-11-12,0.5206
2002-11-13,0.4501
2002-11-14,0.4609
2002-11-15,0.7121
2002-11-16,0.6243
2002-11-17,0.5134
2002-11-18,0.5025
2002-11-19,0.4549
2002-11-20,0.4299
2002-11-21,0.4147
2002-11-22,0.4273
2002-11-23,0.3814
2002-11-24,0.3536
2002-11-25,0.3776
2002-11-26,0.3053
2002-11-27,0.3093
2002-11-28,0.2985
2002-11-29,0.2545
2002-11-30,0.2036
2002-12-01,0.1213
2002-12-02,0.0639
2002-12-03,0.0389
2002-12-04,0.0113
2002-12-05,-0.0145
2002-12-06,-0.0574
2002-12-07,-0.4062
2002-12-08,-0.6956
2002-12-09,-0.7307
2002-12-10,-0.8408
2002-12-11,-1.3827
2002-12-12,-1.4047
2002-12-13,-1.1582
2002-12-14,-0.9915
2002-12-15,-1.2223
2002-12-16,-0.4784
2002-12-17,-0.3129
2002-12-18,-0.2236
2002-12-19,0.0765
2002-12-20,0.1802
2002-12-21,0.211
2002-12-22,0.3924
2002-12-23,0.6123
2002-12-24,0.5964
2002-12-25,0.7447
2002-12-26,0.7868
2002-12-27,0.8192
2002-12-28,0.9189
2002-12-29,0.9692
2002-12-30,1.0607
2002-12-31,1.1611
2003-01-01,1.1977
2003-01-02,1.1062
2003-01-03,1.0746
2003-01-04,1.0241
2003-01-05,1.0021
2003-01-06,1.0037
2003-01-07,0.9748
2003-01-08,0.9869
2003-01-09,1.0769
2003-01-10,1.0951
2003-01-11,1.0962
2003-01-12,0.9439
2003-01-13,0.8331
2003-01-14,0.7769
2003-01-15,0.358
2003-01-16,0.1936
2003-01-17,0.1014
2003-01-18,-0.1026
2003-01-19,-0.2039
2003-01-20,-0.2589
2003-01-21,-0.3791
2003-01-22,-0.6131
2003-01-23,-0.6759
2003-01-24,-0.9085
2003-01-25,-0.9014
2003-01-26,-0.8748
2003-01-27,-0.9845
2003-01-28,-1.0088
2003-01-29,-1.1092
2003-01-30,-1.2081
2003-01-31,-1.2792
2003-02-01,-1.2227
2003-02-02,-1.2563
2003-02-03,-1.2443
2003-02-04,-1.2107
2003-02-05,-1.1998
2003-02-06,-1.2218
2003-02-07,-1.2996
2003-02-08,-1.4066
2003-02-09,-1.5306
2003-02-10,-1.6194
2003-02-11,-1.6285
2003-02-12,-1.3901
2003-02-13,-1.3187
2003-02-14,-1.3037
2003-02-15,-1.0065
2003-02-16,-1.0127
2003-02-17,-1.0524
2003-02-18,-1.0733
2003-02-19,-0.9555
2003-02-20,-0.9622
2003-02-21,-0.9256
2003-02-22,-0.8858
2003-02-23,-0.8434
2003-02-24,-0.7981
2003-02-25,-0.7649
2003-02-26,-0.7237
2003-02-27,-0.7085
2003-02-28,-0.7168
2003-03-01,-0.7839
2003-03-02,-0.8491
2003-03-03,-0.8913
2003-03-04,-0.9226
2003-03-05,-0.9811
2003-03-06,-1.0322
2003-03-07,-1.0449
2003-03-08,-1.0389
2003-03-09,-1.0165
2003-03-10,-0.9664
2003-03-11,-0.9496
2003-03-12,-0.9289
2003-03-13,-0.9742
2003-03-14,-0.8341
2003-03-15,-0.8077
2003-03-16,-0.7741
2003-03-17,-1.0705
2003-03-18,-1.021
2003-03-19,-0.9229
2003-03-20,-0.8835
2003-03-21,-0.9407
2003-03-22,-0.7832
2003-03-23,-0.6567
2003-03-24,-0.6512
2003-03-25,-0.6646
2003-03-26,-0.6912
2003-03-27,-0.6811
2003-03-28,-0.6752
2003-03-29,-0.6916
2003-03-30,-0.7248
2003-03-31,-0.7138
2003-04-01,-0.4419
2003-04-02,-0.2073
2003-04-03,-0.0234
2003-04-04,0.1246
2003-04-05,0.184
2003-04-06,0.1817
2003-04-07,0.1646
2003-04-08,0.1445
2003-04-09,0.1445
2003-04-10,0.1949
2003-04-11,0.2485
2003-04-12,0.5981
2003-04-13,0.4983
2003-04-14,0.4927
2003-04-15,0.4935
2003-04-16,0.5257
2003-04-17,0.5453
2003-04-18,0.5377
2003-04-19,0.5843
2003-04-20,0.6036
2003-04-21,0.7835
2003-04-22,0.8003
2003-04-23,0.9002
2003-04-24,1.1261
2003-04-25,1.1948
2003-04-26,1.2257
2003-04-27,1.4037
2003-04-28,1.4902
2003-04-29,1.55
2003-04-30,1.6631
2003-05-01,1.5424
2003-05-02,1.5162
2003-05-03,1.5654
2003-05-04,1.6705
2003-05-05,1.6255
2003-05-06,1.626
2003-05-07,1.6601
2003-05-08,1.7507
2003-05-09,1.764
2003-05-10,1.7615
2003-05-11,1.7702
2003-05-12,1.5638
2003-05-13,1.4545
2003-05-14,1.4774
2003-05-15,1.4243
2003-05-16,1.3733
2003-05-17,1.3842
2003-05-18,1.3606
2003-05-19,1.3684
2003-05-20,1.3832
2003-05-21,1.1514
2003-05-22,1.1162
2003-05-23,1.1102
2003-05-24,0.9484
2003-05-25,0.8845
2003-05-26,0.8509
2003-05-27,0.4762
2003-05-28,0.262
2003-05-29,0.1905
2003-05-30,0.1952
2003-05-31,0.1323
2003-06-01,-0.1787
2003-06-02,-0.4244
2003-06-03,-0.5474
2003-06-04,-0.6111
2003-06-05,-0.6454
2003-06-06,-0.704
2003-06-07,-0.951
2003-06-08,-1.0514
2003-06-09,-1.1086
2003-06-10,-1.1025
2003-06-11,-1.0758
2003-06-12,-1.0085
2003-06-13,-1.0122
2003-06-14,-1.058
2003-06-15,-1.1253
2003-06-16,-1.1879
2003-06-17,-1.265
2003-06-18,-1.1567
2003-06-19,-0.9638
2003-06-20,-0.7317
2003-06-21,-0.5366
2003-06-22,-0.3609
2003-06-23,-0.3055
2003-06-24,-0.3361
2003-06-25,-0.4137
2003-06-26,-0.4252
2003-06-27,-0.4308
2003-06-28,-0.498
2003-06-29,-0.6463
2003-06-30,-0.5557
2003-07-01,-0.4405
2003-07-02,-0.3354
2003-07-03,-0.256
2003-07-04,-0.2937
2003-07-05,-0.3307
2003-07-06,-0.2979
2003-07-07,-0.2251
2003-07-08,-0.181
2003-07-09,-0.2191
2003-07-10,-0.3284
2003-07-11,-0.4581
2003-07-12,-0.6061
2003-07-13,-0.6177
2003-07-14,-0.7111
2003-07-15,-0.7539
2003-07-16,-0.7753
2003-07-17,-0.833
2003-07-18,-0.9446
2003-07-19,-1.0559
2003-07-20,-1.1892
2003-07-21,-1.3254
2003-07-22,-1.4456
2003-07-23,-1.4939
2003-07-24,-1.5453
2003-07-25,-1.5307
2003-07-26,-1.4817
2003-07-27,-1.4314
2003-07-28,-1.3884
2003-07-29,-1.448
2003-07-30,-1.4101
2003-07-31,-1.3007
2003-08-01,-1.1493
2003-08-02,-0.6866
2003-08-03,-0.5359
2003-08-04,-0.3
2003-08-05,-0.1724
2003-08-06,-0.0505
2003-08-07,0.036
2003-08-08,0.1514
2003-08-09,0.2479
2003-08-10,0.362
2003-08-11,0.4624
2003-08-12,0.4148
2003-08-13,0.4914
2003-08-14,0.5857
2003-08-15,0.6698
2003-08-16,0.7931
2003-08-17,0.8046
2003-08-18,0.798
2003-08-19,0.8684
2003-08-20,0.8763
2003-08-21,1.1744
2003-08-22,1.3177
2003-08-23,1.3917
2003-08-24,1.3927
2003-08-25,1.4331
2003-08-26,1.4187
2003-08-27,1.5637
2003-08-28,1.692
2003-08-29,1.6271
2003-08-30,1.3996
2003-08-31,1.0795
2003-09-01,0.386
2003-09-02,0.2105
2003-09-03,0.0877
2003-09-04,-0.0217
2003-09-05,-0.1818
2003-09-06,-0.1493
2003-09-07,-0.0758
2003-09-08,0.0467
2003-09-09,0.2936
2003-09-10,0.3609
2003-09-11,0.2733
2003-09-12,0.1656
2003-09-13,-0.0218
2003-09-14,-0.1974
2003-09-15,-0.263
2003-09-16,-0.2253
2003-09-17,-0.152
2003-09-18,-0.166
2003-09-19,-0.1732
2003-09-20,-0.6113
2003-09-21,-1.0794
2003-09-22,-1.2885
2003-09-23,-1.3245
2003-09-24,-1.2554
2003-09-25,-1.1882
2003-09-26,-1.1662
2003-09-27,-1.2516
2003-09-28,-1.2908
2003-09-29,-1.0911
2003-09-30,-1.0046
2003-10-01,-0.8323
2003-10-02,-0.7359
2003-10-03,-0.8028
2003-10-04,-0.8805
2003-10-05,-0.8883
2003-10-06,-1.0017
2003-10-07,-1.1216
2003-10-08,-1.2285
2003-10-09,-1.3368
2003-10-10,-1.3196
2003-10-11,-1.2682
2003-10-12,-1.2158
2003-10-13,-1.1412
2003-10-14,-1.0954
2003-10-15,-1.0868
2003-10-16,-1.109
2003-10-17,-1.1356
2003-10-18,-1.1403
2003-10-19,-1.1288
2003-10-20,-1.1262
2003-10-21,-1.1721
2003-10-22,-1.1523
2003-10-23,-1.1544
2003-10-24,-1.1712
2003-10-25,-1.305
2003-10-26,-1.3077
2003-10-27,-1.3225
2003-10-28,-1.3815
2003-10-29,-1.4672
2003-10-30,-1.4708
2003-10-31,-1.4787
2003-11-01,-1.4697
2003-11-02,-1.3819
2003-11-03,-1.2895
2003-11-04,-1.2204
2003-11-05,-1.1426
2003-11-06,-0.9777
2003-11-07,-0.9267
2003-11-08,-0.4777
2003-11-09,-0.2393
2003-11-10,-0.3114
2003-11-11,-0.3468
2003-11-12,-0.3483
2003-11-13,-0.4161
2003-11-14,-0.4077
2003-11-15,-0.3795
2003-11-16,-0.3904
2003-11-17,-0.424
2003-11-18,-0.3785
2003-11-19,-0.3887
2003-11-20,-0.3793
2003-11-21,-0.374
2003-11-22,-0.3189
2003-11-23,-0.337
2003-11-24,-0.3029
2003-11-25,-0.268
2003-11-26,-0.3143
2003-11-27,-0.2918
2003-11-28,-0.2758
2003-11-29,-0.3101
2003-11-30,-0.342
2003-12-01,-0.4203
2003-12-02,-0.4907
2003-12-03,-0.5346
2003-12-04,-0.5339
2003-12-05,-0.4799
2003-12-06,-0.374
2003-12-07,-0.3197
2003-12-08,-0.5752
2003-12-09,-0.6886
2003-12-10,-0.412
2003-12-11,-0.3869
2003-12-12,-0.3157
2003-12-13,-0.1831
2003-12-14,0.0382
2003-12-15,-0.0198
2003-12-16,-0.076
2003-12-17,-0.0645
2003-12-18,-0.1128
2003-12-19,0.0214
2003-12-20,0.0405
2003-12-21,0.0084
2003-12-22,-0.0492
2003-12-23,0.0492
2003-12-24,0.3754
2003-12-25,0.6088
2003-12-26,0.7206
2003-12-27,0.7535
2003-12-28,0.7202
2003-12-29,0.8803
2003-12-30,0.9163
2003-12-31,0.983
2004-01-01,1.335
2004-01-02,1.2815
2004-01-03,1.2463
2004-01-04,1.1805
2004-01-05,1.0428
2004-01-06,1.0021
2004-01-07,0.9796
2004-01-08,0.9536
2004-01-09,0.7651
2004-01-10,0.7171
2004-01-11,0.6754
2004-01-12,0.5724
2004-01-13,0.419
2004-01-14,0.4154
2004-01-15,0.4216
2004-01-16,0.3831
2004-01-17,0.3758
2004-01-18,0.2885
2004-01-19,0.2578
2004-01-20,0.2672
2004-01-21,0.3272
2004-01-22,0.225
2004-01-23,-0.0775
2004-01-24,-0.3264
2004-01-25,-0.4191
2004-01-26,-0.4153
2004-01-27,-0.2589
2004-01-28,-0.379
2004-01-29,-0.4005
2004-01-30,-0.4735
2004-01-31,-0.9719
2004-02-01,-0.9905
2004-02-02,-0.7311
2004-02-03,-0.6413
2004-02-04,-0.5841
2004-02-05,-0.6032
2004-02-06,-0.5717
2004-02-07,-0.5679
2004-02-08,-0.6173
2004-02-09,-0.6458
2004-02-10,-0.6966
2004-02-11,-0.7321
2004-02-12,-0.7944
2004-02-13,-0.7892
2004-02-14,-0.8124
2004-02-15,-0.8547
2004-02-16,-0.6519
2004-02-17,-0.4925
2004-02-18,-0.273
2004-02-19,-0.2357
2004-02-20,-0.2206
2004-02-21,-0.1392
2004-02-22,-0.0746
2004-02-23,-0.0676
2004-02-24,0.0085
2004-02-25,0.4067
2004-02-26,0.5521
2004-02-27,0.5836
2004-02-28,0.5801
2004-03-01,0.708
2004-03-02,0.6696
2004-03-03,0.5998
2004-03-04,0.3935
2004-03-05,0.2742
2004-03-06,0.2485
2004-03-07,0.2347
2004-03-08,0.2333
2004-03-09,0.2623
2004-03-10,0.2795
2004-03-11,0.3009
2004-03-12,0.3052
2004-03-13,0.245
2004-03-14,0.2624
2004-03-15,0.2697
2004-03-16,0.2694
2004-03-17,0.2701
2004-03-18,0.0596
2004-03-19,-0.1956
2004-03-20,-0.5464
2004-03-21,-0.5105
2004-03-22,-0.4897
2004-03-23,-0.5023
2004-03-24,-0.5502
2004-03-25,-0.4424
2004-03-26,-0.4955
2004-03-27,-0.9492
2004-03-28,-1.1973
2004-03-29,-1.2405
2004-03-30,-1.2366
2004-03-31,-1.4228
2004-04-01,-1.4322
2004-04-02,-1.4033
2004-04-03,-1.4027
2004-04-04,-1.3785
2004-04-05,-1.3572
2004-04-06,-1.3396
2004-04-07,-1.3837
2004-04-08,-1.3947
2004-04-09,-1.3977
2004-04-10,-1.3768
2004-04-11,-1.3682
2004-04-12,-1.3583
2004-04-13,-1.3292
2004-04-14,-1.3303
2004-04-15,-1.2693
2004-04-16,-1.257
2004-04-17,-1.2599
2004-04-18,-1.2345
2004-04-19,-1.2214
2004-04-20,-1.1694
2004-04-21,-1.106
2004-04-22,-1.1086
2004-04-23,-1.1797
2004-04-24,-1.4647
2004-04-25,-1.5014
2004-04-26,-1.547
2004-04-27,-1.5707
2004-04-28,-1.537
2004-04-29,-1.5497
2004-04-30,-1.5899
2004-05-01,-1.5945
2004-05-02,-1.6118
2004-05-03,-1.6099
2004-05-04,-1.5977
2004-05-05,-1.5954
2004-05-06,-1.6265
2004-05-07,-1.5838
2004-05-08,-1.5831
2004-05-09,-1.5505
2004-05-10,-1.4716
2004-05-11,-1.3542
2004-05-12,-1.2833
2004-05-13,-1.3164
2004-05-14,-1.3795
2004-05-15,-1.4233
2004-05-16,-1.3948
2004-05-17,-1.3917
2004-05-18,-1.3575
2004-05-19,-1.3675
2004-05-20,-1.3514
2004-05-21,-1.2693
2004-05-22,-1.1905
2004-05-23,-1.1221
2004-05-24,-1.0888
2004-05-25,-0.9952
2004-05-26,-0.9091
2004-05-27,-0.7969
2004-05-28,-0.6132
2004-05-29,-0.5502
2004-05-30,-0.5263
2004-05-31,-0.4813
2004-06-01,-0.4417
2004-06-02,-0.3886
2004-06-03,-0.3482
2004-06-04,-0.3626
2004-06-05,-0.3195
2004-06-06,-0.3441
2004-06-07,-0.3063
2004-06-08,-0.2237
2004-06-09,-0.2167
2004-06-10,-0.2387
2004-06-11,-0.2409
2004-06-12,-0.2163
2004-06-13,-0.1812
2004-06-14,-0.1833
2004-06-15,-0.1607
2004-06-16,-0.2269
2004-06-17,-0.165
2004-06-18,-0.095
2004-06-19,-0.0608
2004-06-20,-0.0279
2004-06-21,-0.0722
2004-06-22,-0.0858
2004-06-23,-0.0779
2004-06-24,-0.0575
2004-06-25,-0.0071
2004-06-26,-0.0294
2004-06-27,-0.2649
2004-06-28,-0.3258
2004-06-29,-0.1877
2004-06-30,-0.0135
2004-07-01,0.1082
2004-07-02,0.1787
2004-07-03,0.2217
2004-07-04,0.2842
2004-07-05,0.3298
2004-07-06,0.4209
2004-07-07,0.4597
2004-07-08,0.446
2004-07-09,0.5021
2004-07-10,0.5212
2004-07-11,0.5092
2004-07-12,0.5045
2004-07-13,0.5351
2004-07-14,0.5795
2004-07-15,0.6482
2004-07-16,0.7457
2004-07-17,0.7064
2004-07-18,0.6869
2004-07-19,0.6832
2004-07-20,0.6867
2004-07-21,0.6583
2004-07-22,0.6112
2004-07-23,0.5967
2004-07-24,0.6059
2004-07-25,0.5651
2004-07-26,0.5672
2004-07-27,0.6289
2004-07-28,0.7626
2004-07-29,0.7416
2004-07-30,0.7051
2004-07-31,0.7499
2004-08-01,0.8592
2004-08-02,1.0669
2004-08-03,1.1397
2004-08-04,1.1825
2004-08-05,1.2468
2004-08-06,1.128
2004-08-07,0.9853
2004-08-08,0.7648
2004-08-09,0.6786
2004-08-10,0.6578
2004-08-11,0.591
2004-08-12,0.4855
2004-08-13,0.4681
2004-08-14,0.5404
2004-08-15,0.6476
2004-08-16,0.6717
2004-08-17,0.6022
2004-08-18,0.4727
2004-08-19,0.4107
2004-08-20,0.4378
2004-08-21,0.4862
2004-08-22,0.6326
2004-08-23,0.7366
2004-08-24,0.8994
2004-08-25,1.0468
2004-08-26,1.1534
2004-08-27,1.1571
2004-08-28,1.0777
2004-08-29,0.9711
2004-08-30,0.8193
2004-08-31,0.6109
2004-09-01,0.4014
2004-09-02,0.4378
2004-09-03,0.5366
2004-09-04,0.5247
2004-09-05,0.4101
2004-09-06,0.4014
2004-09-07,0.3776
2004-09-08,0.2535
2004-09-09,0.2101
2004-09-10,0.2481
2004-09-11,0.2073
2004-09-12,0.2001
2004-09-13,0.1258
2004-09-14,0.0296
2004-09-15,-0.1439
2004-09-16,-0.2775
2004-09-17,-0.2173
2004-09-18,0.1186
2004-09-19,0.617
2004-09-20,0.7291
2004-09-21,0.6283
2004-09-22,0.46
2004-09-23,0.3593
2004-09-24,0.3314
2004-09-25,0.1979
2004-09-26,0.157
2004-09-27,0.1975
2004-09-28,0.3191
2004-09-29,0.4184
2004-09-30,0.479
2004-10-01,0.5051
2004-10-02,0.4318
2004-10-03,0.2761
2004-10-04,0.1223
2004-10-05,0.1383
2004-10-06,0.1281
2004-10-07,0.1607
2004-10-08,0.2126
2004-10-09,0.2587
2004-10-10,0.2174
2004-10-11,0.1825
2004-10-12,0.1178
2004-10-13,0.0077
2004-10-14,-0.0559
2004-10-15,-0.0784
2004-10-16,-0.0911
2004-10-17,0.3579
2004-10-18,0.5024
2004-10-19,1.1555
2004-10-20,1.2914
2004-10-21,1.2986
2004-10-22,1.3526
2004-10-23,1.359
2004-10-24,1.3567
2004-10-25,1.4556
2004-10-26,1.6997
2004-10-27,1.6898
2004-10-28,1.5974
2004-10-29,1.5413
2004-10-30,1.4854
2004-10-31,1.458
2004-11-01,1.4591
2004-11-02,1.4659
2004-11-03,1.6252
2004-11-04,1.6561
2004-11-05,1.663
2004-11-06,1.667
2004-11-07,1.6421
2004-11-08,1.6324
2004-11-09,1.6593
2004-11-10,1.6964
2004-11-11,1.8187
2004-11-12,1.8087
2004-11-13,1.7815
2004-11-14,1.77
2004-11-15,1.821
2004-11-16,1.6905
2004-11-17,1.5149
2004-11-18,1.1461
2004-11-19,0.9745
2004-11-20,0.9345
2004-11-21,0.8993
2004-11-22,0.8606
2004-11-23,0.7769
2004-11-24,0.6141
2004-11-25,0.1355
2004-11-26,0.0173
2004-11-27,0.1442
2004-11-28,0.1356
2004-11-29,0.0986
2004-11-30,0.0453
2004-12-01,-0.0296
2004-12-02,-0.0734
2004-12-03,-0.4313
2004-12-04,-0.5281
2004-12-05,-0.5503
2004-12-06,-0.5406
2004-12-07,-0.2828
2004-12-08,0.0952
2004-12-09,0.0724
2004-12-10,-0.0165
2004-12-11,-0.4013
2004-12-12,-0.4709
2004-12-13,-0.513
2004-12-14,-0.5722
2004-12-15,-0.6007
2004-12-16,-0.6124
2004-12-17,-0.6221
2004-12-18,-0.6991
2004-12-19,-0.6959
2004-12-20,-0.7241
2004-12-21,-0.7887
2004-12-22,-0.8181
2004-12-23,-0.8024
2004-12-24,-0.7987
2004-12-25,-0.7571
2004-12-26,-0.7212
2004-12-27,-0.653
2004-12-28,-0.4995
2004-12-29,-0.3318
2004-12-30,0.293
2004-12-31,0.6024
2005-01-01,0.6687
2005-01-02,0.723
2005-01-03,0.8262
2005-01-04,0.7674
2005-01-05,0.6949
2005-01-06,0.5646
2005-01-07,0.4744
2005-01-08,0.7046
2005-01-09,0.9713
2005-01-10,1.1551
2005-01-11,1.2771
2005-01-12,1.274
2005-01-13,1.2869
2005-01-14,1.2858
2005-01-15,1.2732
2005-01-16,1.3041
2005-01-17,1.2988
2005-01-18,1.2595
2005-01-19,1.2565
2005-01-20,1.3129
2005-01-21,1.3154
2005-01-22,1.2736
2005-01-23,1.2652
2005-01-24,1.2347
2005-01-25,1.2183
2005-01-26,1.2503
2005-01-27,1.1968
2005-01-28,1.2709
2005-01-29,1.0156
2005-01-30,0.8264
2005-01-31,0.7971
2005-02-01,0.7659
2005-02-02,0.6565
2005-02-03,0.6558
2005-02-04,0.6617
2005-02-05,0.6461
2005-02-06,0.4905
2005-02-07,0.3351
2005-02-08,0.0336
2005-02-09,-0.229
2005-02-10,-0.4525
2005-02-11,-0.468
2005-02-12,-0.5248
2005-02-13,-0.5251
2005-02-14,-0.5031
2005-02-15,-0.1598
2005-02-16,-0.0596
2005-02-17,-0.1019
2005-02-18,0.0025
2005-02-19,0.1171
2005-02-20,0.2042
2005-02-21,0.2614
2005-02-22,0.3043
2005-02-23,0.3155
2005-02-24,0.2997
2005-02-25,0.0564
2005-02-26,-0.0087
2005-02-27,-0.0343
2005-02-28,0.014
2005-03-01,0.066
2005-03-02,0.0483
2005-03-03,-0.0211
2005-03-04,0.0232
2005-03-05,-0.0237
2005-03-06,-0.0273
2005-03-07,-0.0364
2005-03-08,0.0028
2005-03-09,0.0035
2005-03-10,0.0329
2005-03-11,0.0729
2005-03-12,0.0883
2005-03-13,0.0085
2005-03-14,0.0089
2005-03-15,0.0099
2005-03-16,-0.0519
2005-03-17,-0.5006
2005-03-18,-0.6016
2005-03-19,-0.4543
2005-03-20,-0.432
2005-03-21,-0.3155
2005-03-22,0.3655
2005-03-23,0.6231
2005-03-24,0.6127
2005-03-25,0.5954
2005-03-26,0.5527
2005-03-27,0.6638
2005-03-28,0.7852
2005-03-29,0.7173
2005-03-30,0.6916
2005-03-31,0.6026
2005-04-01,0.6053
2005-04-02,0.6339
2005-04-03,0.6214
2005-04-04,0.6986
2005-04-05,0.7344
2005-04-06,0.7355
2005-04-07,0.7715
2005-04-08,0.8842
2005-04-09,0.9885
2005-04-10,1.0316
2005-04-11,1.036
2005-04-12,1.0712
2005-04-13,1.1197
2005-04-14,1.1763
2005-04-15,1.2355
2005-04-16,1.2788
2005-04-17,1.2877
2005-04-18,1.2558
2005-04-19,1.2341
2005-04-20,1.1397
2005-04-21,0.5975
2005-04-22,0.3041
2005-04-23,0.3716
2005-04-24,0.4247
2005-04-25,0.4628
2005-04-26,0.2569
2005-04-27,0.1214
2005-04-28,0.0726
2005-04-29,0.0927
2005-04-30,0.1472
2005-05-01,0.2087
2005-05-02,0.2062
2005-05-03,0.1456
2005-05-04,0.2405
2005-05-05,0.5359
2005-05-06,0.6955
2005-05-07,0.6907
2005-05-08,0.7225
2005-05-09,0.8095
2005-05-10,0.9032
2005-05-11,0.9964
2005-05-12,1.0377
2005-05-13,1.0577
2005-05-14,1.0535
2005-05-15,1.0504
2005-05-16,1.0342
2005-05-17,1.0919
2005-05-18,1.0852
2005-05-19,1.1583
2005-05-20,1.2293
2005-05-21,1.2146
2005-05-22,1.2319
2005-05-23,1.2479
2005-05-24,1.2755
2005-05-25,1.2737
2005-05-26,1.2289
2005-05-27,1.1567
2005-05-28,1.1011
2005-05-29,1.0947
2005-05-30,1.0831
2005-05-31,1.0332
2005-06-01,1.0359
2005-06-02,1.0403
2005-06-03,0.9757
2005-06-04,0.794
2005-06-05,0.7415
2005-06-06,0.7636
2005-06-07,0.6177
2005-06-08,0.5905
2005-06-09,0.5611
2005-06-10,0.5154
2005-06-11,0.5366
2005-06-12,0.579
2005-06-13,0.5967
2005-06-14,0.5615
2005-06-15,0.5569
2005-06-16,0.7232
2005-06-17,0.8281
2005-06-18,0.8221
2005-06-19,0.8594
2005-06-20,0.9397
2005-06-21,0.9885
2005-06-22,1.0298
2005-06-23,1.0913
2005-06-24,1.1871
2005-06-25,1.278
2005-06-26,1.3921
2005-06-27,1.5001
2005-06-28,1.4836
2005-06-29,1.4687
2005-06-30,1.4768
2005-07-01,1.4426
2005-07-02,1.4191
2005-07-03,1.4294
2005-07-04,1.5244
2005-07-05,1.6336
2005-07-06,1.6568
2005-07-07,1.6386
2005-07-08,1.4225
2005-07-09,1.3584
2005-07-10,1.3707
2005-07-11,1.3562
2005-07-12,1.269
2005-07-13,1.2625
2005-07-14,1.2733
2005-07-15,1.3421
2005-07-16,0.9241
2005-07-17,0.6093
2005-07-18,0.412
2005-07-19,0.2584
2005-07-20,0.1066
2005-07-21,0.0152
2005-07-22,-0.0427
2005-07-23,-0.1964
2005-07-24,-0.3388
2005-07-25,-0.4555
2005-07-26,-0.5594
2005-07-27,-0.7191
2005-07-28,-0.832
2005-07-29,-0.8495
2005-07-30,-0.8951
2005-07-31,-0.909
2005-08-01,-1.0158
2005-08-02,-1.0797
2005-08-03,-1.0675
2005-08-04,-1.1357
2005-08-05,-1.256
2005-08-06,-1.3808
2005-08-07,-1.6127
2005-08-08,-1.7216
2005-08-09,-1.7969
2005-08-10,-1.8856
2005-08-11,-1.8837
2005-08-12,-1.8813
2005-08-13,-1.7798
2005-08-14,-1.6338
2005-08-15,-1.2338
2005-08-16,-1.0163
2005-08-17,-0.9352
2005-08-18,-0.8135
2005-08-19,-0.6624
2005-08-20,-0.7111
2005-08-21,-0.7399
2005-08-22,-0.6558
2005-08-23,-0.6201
2005-08-24,-0.5984
2005-08-25,-0.57
2005-08-26,-0.6253
2005-08-27,-0.7113
2005-08-28,-0.7643
2005-08-29,-0.671
2005-08-30,-0.6197
2005-08-31,-0.6039
2005-09-01,-0.5723
2005-09-02,-0.543
2005-09-03,-0.4275
2005-09-04,-0.2043
2005-09-05,-0.023
2005-09-06,0.1702
2005-09-07,0.2784
2005-09-08,0.4449
2005-09-09,0.6394
2005-09-10,0.8308
2005-09-11,0.987
2005-09-12,0.999
2005-09-13,1.0295
2005-09-14,0.857
2005-09-15,0.8032
2005-09-16,0.6965
2005-09-17,0.6638
2005-09-18,0.6018
2005-09-19,0.5605
2005-09-20,0.9104
2005-09-21,0.9502
2005-09-22,0.9181
2005-09-23,0.9108
2005-09-24,0.8937
2005-09-25,0.9178
2005-09-26,0.938
2005-09-27,0.9794
2005-09-28,0.9296
2005-09-29,0.8722
2005-09-30,0.8281
2005-10-01,0.8245
2005-10-02,0.8445
2005-10-03,0.8279
2005-10-04,0.703
2005-10-05,0.6628
2005-10-06,0.6086
2005-10-07,0.5393
2005-10-08,0.5298
2005-10-09,0.4118
2005-10-10,0.2424
2005-10-11,0.1084
2005-10-12,0.0374
2005-10-13,-0.0949
2005-10-14,-0.1976
2005-10-15,-0.1756
2005-10-16,-0.2493
2005-10-17,-0.3212
2005-10-18,-0.3082
2005-10-19,-0.2469
2005-10-20,-0.4222
2005-10-21,-0.492
2005-10-22,-0.5089
2005-10-23,-0.5979
2005-10-24,-0.6257
2005-10-25,-0.6433
2005-10-26,-0.6487
2005-10-27,-0.6258
2005-10-28,-0.5901
2005-10-29,-0.5746
2005-10-30,-0.5757
2005-10-31,-0.6098
2005-11-01,-0.6888
2005-11-02,-0.723
2005-11-03,-0.7038
2005-11-04,-0.6705
2005-11-05,-0.6454
2005-11-06,-0.6267
2005-11-07,-0.688
2005-11-08,-0.7282
2005-11-09,-0.7505
2005-11-10,-0.8422
2005-11-11,-0.8708
2005-11-12,-0.8434
2005-11-13,-0.8846
2005-11-14,-0.9451
2005-11-15,-0.9834
2005-11-16,-1.0443
2005-11-17,-1.1018
2005-11-18,-1.174
2005-11-19,-1.2508
2005-11-20,-1.304
2005-11-21,-1.3936
2005-11-22,-1.4274
2005-11-23,-1.4425
2005-11-24,-1.4589
2005-11-25,-1.3745
2005-11-26,-1.4452
2005-11-27,-1.5039
2005-11-28,-1.3804
2005-11-29,-1.2921
2005-11-30,-1.2276
2005-12-01,-0.4363
2005-12-02,-0.3426
2005-12-03,-0.356
2005-12-04,-0.3757
2005-12-05,-0.3967
2005-12-06,-0.4623
2005-12-07,-0.4798
2005-12-08,-0.4781
2005-12-09,-0.4942
2005-12-10,-0.5445
2005-12-11,-0.6359
2005-12-12,-0.6767
2005-12-13,-0.7154
2005-12-14,-0.7636
2005-12-15,-0.7602
2005-12-16,-0.7246
2005-12-17,-0.2755
2005-12-18,0.3006
2005-12-19,0.4265
2005-12-20,0.3729
2005-12-21,0.5704
2005-12-22,0.8004
2005-12-23,0.8331
2005-12-24,0.8492
2005-12-25,1.0687
2005-12-26,1.2192
2005-12-27,1.2479
2005-12-28,1.3036
2005-12-29,1.2965
2005-12-30,1.4766
2005-12-31,1.4781
2006-01-01,1.4756
2006-01-02,1.7608
2006-01-03,1.7737
2006-01-04,1.8134
2006-01-05,1.843
2006-01-06,1.8409
2006-01-07,1.8312
2006-01-08,1.8723
2006-01-09,1.9973
2006-01-10,1.8511
2006-01-11,1.8467
2006-01-12,1.8213
2006-01-13,1.8274
2006-01-14,1.9196
2006-01-15,1.8724
2006-01-16,1.8106
2006-01-17,1.5931
2006-01-18,1.5436
2006-01-19,1.5343
2006-01-20,1.4396
2006-01-21,1.2894
2006-01-22,1.234
2006-01-23,1.211
2006-01-24,0.9193
2006-01-25,0.7773
2006-01-26,0.7568
2006-01-27,0.6577
2006-01-28,0.6849
2006-01-29,0.5828
2006-01-30,0.2997
2006-01-31,0.1477
2006-02-01,-0.5333
2006-02-02,-0.5748
2006-02-03,-0.5412
2006-02-04,-0.4871
2006-02-05,-0.5153
2006-02-06,-0.5601
2006-02-07,-0.5654
2006-02-08,-0.6343
2006-02-09,-0.6756
2006-02-10,-0.7554
2006-02-11,-0.809
2006-02-12,-0.8891
2006-02-13,-1.146
2006-02-14,-1.1558
2006-02-15,-1.1717
2006-02-16,-1.2835
2006-02-17,-1.351
2006-02-18,-1.3165
2006-02-19,-1.3012
2006-02-20,-1.2868
2006-02-21,-1.248
2006-02-22,-1.2435
2006-02-23,-1.2201
2006-02-24,-1.1826
2006-02-25,-1.1846
2006-02-26,-1.1114
2006-02-27,-0.7605
2006-02-28,-0.6458
2006-03-01,-0.8283
2006-03-02,-0.7259
2006-03-03,-0.6319
2006-03-04,-0.6379
2006-03-05,-0.5743
2006-03-06,-0.4494
2006-03-07,-0.351
2006-03-08,-0.2584
2006-03-09,-0.1795
2006-03-10,-0.0246
2006-03-11,0.1254
2006-03-12,0.2264
2006-03-13,0.2607
2006-03-14,0.6202
2006-03-15,0.7026
2006-03-16,0.7986
2006-03-17,0.9208
2006-03-18,1.011
2006-03-19,1.0496
2006-03-20,1.1631
2006-03-21,1.1508
2006-03-22,1.1089
2006-03-23,1.0624
2006-03-24,1.0532
2006-03-25,1.2601
2006-03-26,1.2279
2006-03-27,1.2795
2006-03-28,1.3809
2006-03-29,1.254
2006-03-30,1.2657
2006-03-31,1.4698
2006-04-01,1.4355
2006-04-02,1.4724
2006-04-03,1.7893
2006-04-04,1.9437
2006-04-05,1.9311
2006-04-06,1.9062
2006-04-07,1.8991
2006-04-08,1.9208
2006-04-09,1.9609
2006-04-10,1.9886
2006-04-11,1.9666
2006-04-12,1.9751
2006-04-13,1.9065
2006-04-14,1.9609
2006-04-15,2.0179
2006-04-16,2.0687
2006-04-17,2.1043
2006-04-18,2.1185
2006-04-19,2.1325
2006-04-20,2.174
2006-04-21,2.1824
2006-04-22,2.215
2006-04-23,2.2475
2006-04-24,2.1899
2006-04-25,2.1566
2006-04-26,2.1528
2006-04-27,2.0865
2006-04-28,2.0684
2006-04-29,2.0671
2006-04-30,2.0028
2006-05-01,2.0064
2006-05-02,1.9586
2006-05-03,1.5242
2006-05-04,0.8242
2006-05-05,0.586
2006-05-06,0.6175
2006-05-07,0.6192
2006-05-08,0.6465
2006-05-09,0.5755
2006-05-10,0.3362
2006-05-11,0.2933
2006-05-12,0.2302
2006-05-13,0.1865
2006-05-14,-0.1138
2006-05-15,-0.3611
2006-05-16,-0.7286
2006-05-17,-0.8623
2006-05-18,-0.9431
2006-05-19,-0.9179
2006-05-20,-0.8459
2006-05-21,-0.2321
2006-05-22,0.0947
2006-05-23,0.1222
2006-05-24,0.1279
2006-05-25,0.1449
2006-05-26,0.19
2006-05-27,0.2471
2006-05-28,0.3083
2006-05-29,0.3349
2006-05-30,0.3759
2006-05-31,0.4195
2006-06-01,0.4448
2006-06-02,0.4415
2006-06-03,0.4218
2006-06-04,0.42
2006-06-05,0.4241
2006-06-06,0.4396
2006-06-07,0.4343
2006-06-08,0.4724
2006-06-09,0.5154
2006-06-10,0.5402
2006-06-11,0.5897
2006-06-12,0.6888
2006-06-13,0.8062
2006-06-14,0.9573
2006-06-15,1.068
2006-06-16,1.1142
2006-06-17,1.1738
2006-06-18,1.1853
2006-06-19,1.2036
2006-06-20,0.8241
2006-06-21,0.4637
2006-06-22,0.3671
2006-06-23,0.305
2006-06-24,0.2147
2006-06-25,0.0926
2006-06-26,-0.0294
2006-06-27,-0.0843
2006-06-28,-0.1551
2006-06-29,-0.2551
2006-06-30,-0.2212
2006-07-01,-0.2568
2006-07-02,-0.2745
2006-07-03,-0.2635
2006-07-04,-0.2166
2006-07-05,-0.1595
2006-07-06,-0.0351
2006-07-07,0.0164
2006-07-08,-0.0335
2006-07-09,-0.0965
2006-07-10,-0.1096
2006-07-11,-0.1219
2006-07-12,-0.1899
2006-07-13,-0.3471
2006-07-14,-0.4635
2006-07-15,-0.6026
2006-07-16,-0.6572
2006-07-17,-0.7092
2006-07-18,-0.7482
2006-07-19,-0.8156
2006-07-20,-0.8986
2006-07-21,-0.9721
2006-07-22,-1.0032
2006-07-23,-1.0331
2006-07-24,-1.039
2006-07-25,-1.0794
2006-07-26,-1.1322
2006-07-27,-1.2198
2006-07-28,-1.2126
2006-07-29,-1.1099
2006-07-30,-1.0991
2006-07-31,-1.0476
2006-08-01,-1.0526
2006-08-02,-1.0927
2006-08-03,-1.173
2006-08-04,-1.1223
2006-08-05,-1.066
2006-08-06,-0.8921
2006-08-07,-0.5761
2006-08-08,-0.3823
2006-08-09,-0.3716
2006-08-10,-0.4855
2006-08-11,-0.5926
2006-08-12,-0.541
2006-08-13,-0.5172
2006-08-14,-0.3498
2006-08-15,-0.1557
2006-08-16,0.0913
2006-08-17,0.1972
2006-08-18,0.2336
2006-08-19,0.3589
2006-08-20,0.4764
2006-08-21,0.6238
2006-08-22,0.7314
2006-08-23,0.8591
2006-08-24,0.9987
2006-08-25,1.1842
2006-08-26,1.3125
2006-08-27,1.3402
2006-08-28,1.2457
2006-08-29,1.2133
2006-08-30,1.1625
2006-08-31,1.0363
2006-09-01,0.9046
2006-09-02,0.9165
2006-09-03,0.8774
2006-09-04,0.7649
2006-09-05,0.6829
2006-09-06,0.4173
2006-09-07,0.2615
2006-09-08,0.367
2006-09-09,0.6257
2006-09-10,0.6385
2006-09-11,0.5479
2006-09-12,0.4437
2006-09-13,0.1615
2006-09-14,0.1903
2006-09-15,0.2447
2006-09-16,0.1705
2006-09-17,0.1444
2006-09-18,0.0898
2006-09-19,0.1178
2006-09-20,0.2091
2006-09-21,0.2714
2006-09-22,0.2602
2006-09-23,0.2621
2006-09-24,0.1792
2006-09-25,0.1011
2006-09-26,0.0592
2006-09-27,0.0578
2006-09-28,0.03
2006-09-29,0.0261
2006-09-30,0.1614
2006-10-01,0.3583
2006-10-02,0.5347
2006-10-03,0.4983
2006-10-04,0.5832
2006-10-05,0.7294
2006-10-06,0.7998
2006-10-07,0.8256
2006-10-08,0.8427
2006-10-09,0.7252
2006-10-10,0.6456
2006-10-11,0.595
2006-10-12,0.5863
2006-10-13,0.5676
2006-10-14,0.549
2006-10-15,0.5129
2006-10-16,0.4538
2006-10-17,0.4562
2006-10-18,0.5024
2006-10-19,0.4498
2006-10-20,0.4053
2006-10-21,0.3632
2006-10-22,0.316
2006-10-23,0.2161
2006-10-24,0.1874
2006-10-25,0.2009
2006-10-26,0.1289
2006-10-27,0.0857
2006-10-28,0.051
2006-10-29,0.0058
2006-10-30,-0.0803
2006-10-31,-0.1627
2006-11-01,-0.2682
2006-11-02,-0.2498
2006-11-03,-0.2635
2006-11-04,-0.3421
2006-11-05,-0.4142
2006-11-06,-0.4657
2006-11-07,-0.5908
2006-11-08,-0.6001
2006-11-09,-0.6612
2006-11-10,-0.7782
2006-11-11,-0.6858
2006-11-12,-0.6103
2006-11-13,-0.2517
2006-11-14,-0.2851
2006-11-15,-0.3383
2006-11-16,-0.4411
2006-11-17,-0.507
2006-11-18,-0.4962
2006-11-19,-0.5027
2006-11-20,-0.4867
2006-11-21,-0.489
2006-11-22,-0.4279
2006-11-23,-0.4514
2006-11-24,-0.4849
2006-11-25,-0.4878
2006-11-26,-0.4242
2006-11-27,-0.3783
2006-11-28,-0.3723
2006-11-29,-0.3939
2006-11-30,-0.4284
2006-12-01,-0.5234
2006-12-02,-0.5994
2006-12-03,-0.6735
2006-12-04,-0.7091
2006-12-05,-0.7319
2006-12-06,-0.8103
2006-12-07,-0.8532
2006-12-08,-0.6743
2006-12-09,-0.2694
2006-12-10,-0.1419
2006-12-11,-0.2377
2006-12-12,-0.0162
2006-12-13,-0.3796
2006-12-14,-0.4312
2006-12-15,-0.424
2006-12-16,-0.4179
2006-12-17,-0.4058
2006-12-18,-0.4687
2006-12-19,-0.4714
2006-12-20,-0.5391
2006-12-21,-0.3892
2006-12-22,-0.4428
2006-12-23,-0.4209
2006-12-24,-0.4229
2006-12-25,-0.4115
2006-12-26,-0.1499
2006-12-27,0.1033
2006-12-28,0.0538
2006-12-29,0.0525
2006-12-30,0.0426
2006-12-31,0.0803
2007-01-01,0.1169
2007-01-02,0.1098
2007-01-03,0.0976
2007-01-04,0.2127
2007-01-05,0.1694
2007-01-06,0.192
2007-01-07,0.0457
2007-01-08,-0.281
2007-01-09,-0.4454
2007-01-10,-0.4069
2007-01-11,-0.6166
2007-01-12,-0.6089
2007-01-13,-0.5821
2007-01-14,-0.5921
2007-01-15,-0.5881
2007-01-16,-0.6687
2007-01-17,-0.6675
2007-01-18,-0.6664
2007-01-19,-0.6596
2007-01-20,-0.8509
2007-01-21,-0.7872
2007-01-22,-0.8168
2007-01-23,-0.8927
2007-01-24,-0.8944
2007-01-25,-1.1681
2007-01-26,-1.3729
2007-01-27,-1.2966
2007-01-28,-1.2532
2007-01-29,-1.2665
2007-01-30,-1.2854
2007-01-31,-1.2282
2007-02-01,-1.1583
2007-02-02,-1.2244
2007-02-03,-1.4857
2007-02-04,-1.4648
2007-02-05,-1.4681
2007-02-06,-1.5173
2007-02-07,-1.564
2007-02-08,-1.3615
2007-02-09,-1.0416
2007-02-10,-0.3693
2007-02-11,-0.3141
2007-02-12,-0.343
2007-02-13,-0.334
2007-02-14,-0.3549
2007-02-15,-0.3977
2007-02-16,-0.4323
2007-02-17,-0.4966
2007-02-18,-0.5081
2007-02-19,-0.4736
2007-02-20,-0.4617
2007-02-21,-0.3964
2007-02-22,-0.0153
2007-02-23,0.0345
2007-02-24,0.1704
2007-02-25,0.3547
2007-02-26,0.5999
2007-02-27,0.6778
2007-02-28,0.6973
2007-03-01,0.6658
2007-03-02,0.611
2007-03-03,0.5324
2007-03-04,0.5176
2007-03-05,0.4678
2007-03-06,0.4638
2007-03-07,0.4612
2007-03-08,0.5138
2007-03-09,0.557
2007-03-10,0.4562
2007-03-11,0.2386
2007-03-12,-0.3506
2007-03-13,-0.5111
2007-03-14,-0.5675
2007-03-15,-0.6167
2007-03-16,-0.6931
2007-03-17,-0.6881
2007-03-18,-0.6335
2007-03-19,-0.5994
2007-03-20,-0.4346
2007-03-21,-0.3702
2007-03-22,-0.3298
2007-03-23,-0.3365
2007-03-24,-0.73
2007-03-25,-0.7235
2007-03-26,-0.6694
2007-03-27,-0.8494
2007-03-28,-1.1361
2007-03-29,-1.2447
2007-03-30,-1.2938
2007-03-31,-1.2653
2007-04-01,-1.2577
2007-04-02,-1.224
2007-04-03,-1.2027
2007-04-04,-1.1487
2007-04-05,-1.1201
2007-04-06,-1.1329
2007-04-07,-1.1724
2007-04-08,-1.1923
2007-04-09,-1.1757
2007-04-10,-1.1176
2007-04-11,-0.8697
2007-04-12,-0.805
2007-04-13,-0.7894
2007-04-14,-0.5585
2007-04-15,-0.4857
2007-04-16,-0.476
2007-04-17,-0.4742
2007-04-18,-0.4303
2007-04-19,-0.5655
2007-04-20,-0.5517
2007-04-21,-0.1177
2007-04-22,0.1207
2007-04-23,0.2134
2007-04-24,0.2496
2007-04-25,0.0348
2007-04-26,0.0016
2007-04-27,-0.0509
2007-04-28,-0.0728
2007-04-29,-0.0766
2007-04-30,-0.0531
2007-05-01,-0.0183
2007-05-02,0.0307
2007-05-03,0.1456
2007-05-04,0.2471
2007-05-05,0.3534
2007-05-06,0.4154
2007-05-07,0.4519
2007-05-08,0.4802
2007-05-09,0.5005
2007-05-10,0.5184
2007-05-11,0.29
2007-05-12,0.3365
2007-05-13,0.3644
2007-05-14,0.0151
2007-05-15,-0.0632
2007-05-16,-0.0241
2007-05-17,-0.0105
2007-05-18,-0.0447
2007-05-19,-0.0828
2007-05-20,-0.0443
2007-05-21,-0.5288
2007-05-22,-0.7498
2007-05-23,-0.7687
2007-05-24,-0.8316
2007-05-25,-0.8537
2007-05-26,-0.8521
2007-05-27,-0.8283
2007-05-28,-0.7752
2007-05-29,-0.7076
2007-05-30,-0.6337
2007-05-31,-0.5897
2007-06-01,-0.6095
2007-06-02,-0.7641
2007-06-03,-0.8688
2007-06-04,-0.9015
2007-06-05,-0.7465
2007-06-06,-0.5802
2007-06-07,-0.467
2007-06-08,-0.3958
2007-06-09,-0.3857
2007-06-10,-0.39
2007-06-11,-0.4508
2007-06-12,-0.4774
2007-06-13,-0.4857
2007-06-14,-0.5481
2007-06-15,-0.5844
2007-06-16,-0.5296
2007-06-17,-0.4983
2007-06-18,-0.5016
2007-06-19,-0.4816
2007-06-20,-0.3859
2007-06-21,-0.3991
2007-06-22,-0.3683
2007-06-23,-0.2755
2007-06-24,-0.1701
2007-06-25,-0.1123
2007-06-26,-0.1411
2007-06-27,-0.0843
2007-06-28,-0.0343
2007-06-29,-0.0111
2007-06-30,0.0396
2007-07-01,0.0289
2007-07-02,0.0159
2007-07-03,-0.0022
2007-07-04,-0.103
2007-07-05,-0.3637
2007-07-06,-0.6011
2007-07-07,-0.6182
2007-07-08,-0.6489
2007-07-09,-0.5898
2007-07-10,-0.4359
2007-07-11,-0.288
2007-07-12,-0.1555
2007-07-13,-0.0593
2007-07-14,0.0047
2007-07-15,0.055
2007-07-16,0.0481
2007-07-17,0.1188
2007-07-18,0.3093
2007-07-19,0.3711
2007-07-20,0.3622
2007-07-21,0.3812
2007-07-22,0.373
2007-07-23,0.3993
2007-07-24,0.3635
2007-07-25,0.4036
2007-07-26,0.5321
2007-07-27,0.5219
2007-07-28,0.5022
2007-07-29,0.4529
2007-07-30,0.3757
2007-07-31,0.3023
2007-08-01,0.2773
2007-08-02,0.3368
2007-08-03,0.3631
2007-08-04,0.4351
2007-08-05,0.7045
2007-08-06,0.8295
2007-08-07,0.9554
2007-08-08,0.9844
2007-08-09,0.8774
2007-08-10,0.7585
2007-08-11,0.7477
2007-08-12,0.7651
2007-08-13,0.7693
2007-08-14,0.7813
2007-08-15,0.7781
2007-08-16,0.7605
2007-08-17,0.6138
2007-08-18,0.5572
2007-08-19,0.5373
2007-08-20,0.5148
2007-08-21,0.4606
2007-08-22,0.3349
2007-08-23,0.2668
2007-08-24,0.2723
2007-08-25,0.2371
2007-08-26,0.2771
2007-08-27,0.3204
2007-08-28,0.2839
2007-08-29,0.2198
2007-08-30,0.2528
2007-08-31,0.1878
2007-09-01,0.1025
2007-09-02,0.2105
2007-09-03,0.3342
2007-09-04,0.352
2007-09-05,0.2154
2007-09-06,0.0311
2007-09-07,0.1057
2007-09-08,0.0646
2007-09-09,0.1235
2007-09-10,0.0765
2007-09-11,0.0338
2007-09-12,0.1482
2007-09-13,0.2829
2007-09-14,0.3428
2007-09-15,0.3473
2007-09-16,0.2477
2007-09-17,0.2621
2007-09-18,0.2312
2007-09-19,0.4182
2007-09-20,0.6252
2007-09-21,0.7269
2007-09-22,1.0964
2007-09-23,1.1319
2007-09-24,1.0665
2007-09-25,1.0337
2007-09-26,1.0051
2007-09-27,1.0172
2007-09-28,1.1011
2007-09-29,1.1191
2007-09-30,1.1153
2007-10-01,1.1614
2007-10-02,1.1621
2007-10-03,1.1405
2007-10-04,1.0407
2007-10-05,1.0328
2007-10-06,1.0311
2007-10-07,0.9755
2007-10-08,0.9743
2007-10-09,1.1436
2007-10-10,1.1804
2007-10-11,1.1443
2007-10-12,1.2342
2007-10-13,1.1487
2007-10-14,1.1319
2007-10-15,1.1362
2007-10-16,1.1543
2007-10-17,1.16
2007-10-18,1.1788
2007-10-19,1.1319
2007-10-20,1.1085
2007-10-21,1.0874
2007-10-22,0.9078
2007-10-23,0.7531
2007-10-24,0.658
2007-10-25,0.6183
2007-10-26,0.5266
2007-10-27,0.4849
2007-10-28,0.4039
2007-10-29,0.3537
2007-10-30,0.3265
2007-10-31,0.3002
2007-11-01,0.2783
2007-11-02,0.2613
2007-11-03,0.2617
2007-11-04,0.2267
2007-11-05,0.1869
2007-11-06,0.1579
2007-11-07,0.1005
2007-11-08,-0.2225
2007-11-09,-0.443
2007-11-10,-0.1013
2007-11-11,-0.2241
2007-11-12,-0.2708
2007-11-13,-0.3744
2007-11-14,-0.4228
2007-11-15,-0.5549
2007-11-16,-0.6615
2007-11-17,-0.732
2007-11-18,-0.7802
2007-11-19,-0.8513
2007-11-20,-0.8842
2007-11-21,-0.923
2007-11-22,-0.8988
2007-11-23,-0.908
2007-11-24,-0.9123
2007-11-25,-0.9411
2007-11-26,-1.0018
2007-11-27,-1.0271
2007-11-28,-1.0638
2007-11-29,-1.0918
2007-11-30,-1.0855
2007-12-01,-1.107
2007-12-02,-1.0995
2007-12-03,-1.0765
2007-12-04,-1.0678
2007-12-05,-1.0518
2007-12-06,-0.5729
2007-12-07,-0.2743
2007-12-08,-0.2597
2007-12-09,-0.2722
2007-12-10,-0.6742
2007-12-11,-0.8422
2007-12-12,-0.8857
2007-12-13,-0.9263
2007-12-14,-0.9851
2007-12-15,-0.9859
2007-12-16,-0.9309
2007-12-17,-0.7364
2007-12-18,-0.3803
2007-12-19,-0.1881
2007-12-20,0.0024
2007-12-21,-0.087
2007-12-22,-0.1342
2007-12-23,-0.104
2007-12-24,-0.1115
2007-12-25,-0.124
2007-12-26,-0.0615
2007-12-27,-0.0128
2007-12-28,-0.0304
2007-12-29,-0.0082
2007-12-30,-0.0142
2007-12-31,0.023
2008-01-01,0.0604
2008-01-02,0.0547
2008-01-03,0.1899
2008-01-04,0.7743
2008-01-05,0.7541
2008-01-06,0.5812
2008-01-07,0.5518
2008-01-08,0.6277
2008-01-09,0.6597
2008-01-10,0.7399
2008-01-11,0.7686
2008-01-12,0.7623
2008-01-13,0.7829
2008-01-14,0.7703
2008-01-15,0.7405
2008-01-16,0.6062
2008-01-17,0.3548
2008-01-18,0.2239
2008-01-19,0.0562
2008-01-20,0.1048
2008-01-21,0.2741
2008-01-22,0.5149
2008-01-23,0.7498
2008-01-24,0.7456
2008-01-25,0.8031
2008-01-26,0.8457
2008-01-27,1.0042
2008-01-28,1.0276
2008-01-29,1.084
2008-01-30,1.0685
2008-01-31,1.1651
2008-02-01,1.2097
2008-02-02,1.2406
2008-02-03,0.9181
2008-02-04,0.6933
2008-02-05,0.7055
2008-02-06,0.7124
2008-02-07,0.6645
2008-02-08,0.6052
2008-02-09,0.5615
2008-02-10,0.5338
2008-02-11,0.5205
2008-02-12,0.4559
2008-02-13,0.4473
2008-02-14,0.4236
2008-02-15,0.3949
2008-02-16,0.3571
2008-02-17,0.3121
2008-02-18,0.2987
2008-02-19,0.479
2008-02-20,0.4227
2008-02-21,0.2744
2008-02-22,0.1269
2008-02-23,0.2056
2008-02-24,0.1632
2008-02-25,0.0527
2008-02-26,-0.186
2008-02-27,-0.2047
2008-02-28,-0.2934
2008-03-01,-0.3857
2008-03-02,-0.5958
2008-03-03,-0.6876
2008-03-04,-0.9642
2008-03-05,-1.139
2008-03-06,-1.1981
2008-03-07,-1.2192
2008-03-08,-1.214
2008-03-09,-1.2029
2008-03-10,-1.158
2008-03-11,-1.1423
2008-03-12,-1.1127
2008-03-13,-1.1445
2008-03-14,-1.1677
2008-03-15,-1.2107
2008-03-16,-1.302
2008-03-17,-1.2785
2008-03-18,-1.2359
2008-03-19,-1.2007
2008-03-20,-1.1587
2008-03-21,-1.3196
2008-03-22,-1.3325
2008-03-23,-1.3869
2008-03-24,-1.4666
2008-03-25,-1.573
2008-03-26,-1.6291
2008-03-27,-1.5591
2008-03-28,-1.4773
2008-03-29,-1.4186
2008-03-30,-1.406
2008-03-31,-1.35
2008-04-01,-1.3305
2008-04-02,-1.2827
2008-04-03,-1.2554
2008-04-04,-1.2048
2008-04-05,-1.176
2008-04-06,-1.1602
2008-04-07,-1.1885
2008-04-08,-1.1763
2008-04-09,-1.1576
2008-04-10,-1.1313
2008-04-11,-1.1339
2008-04-12,-1.1636
2008-04-13,-1.2211
2008-04-14,-1.2587
2008-04-15,-1.2363
2008-04-16,-1.2799
2008-04-17,-1.3583
2008-04-18,-1.437
2008-04-19,-1.5099
2008-04-20,-1.4503
2008-04-21,-1.3835
2008-04-22,-1.3213
2008-04-23,-1.3315
2008-04-24,-1.3065
2008-04-25,-1.2463
2008-04-26,-1.2539
2008-04-27,-1.2962
2008-04-28,-1.3605
2008-04-29,-1.3146
2008-04-30,-1.2955
2008-05-01,-1.2626
2008-05-02,-1.2556
2008-05-03,-1.2531
2008-05-04,-1.2311
2008-05-05,-1.1943
2008-05-06,-1.1888
2008-05-07,-1.1307
2008-05-08,-1.1619
2008-05-09,-1.144
2008-05-10,-1.1345
2008-05-11,-1.0308
2008-05-12,-0.8794
2008-05-13,-0.784
2008-05-14,-0.8576
2008-05-15,-0.9949
2008-05-16,-1.0014
2008-05-17,-1.0248
2008-05-18,-1.0412
2008-05-19,-1.1022
2008-05-20,-1.1365
2008-05-21,-1.1043
2008-05-22,-1.0904
2008-05-23,-1.0321
2008-05-24,-0.6644
2008-05-25,-0.5244
2008-05-26,-0.4077
2008-05-27,-0.2848
2008-05-28,-0.1678
2008-05-29,-0.1422
2008-05-30,-0.1555
2008-05-31,-0.1022
2008-06-01,-0.0788
2008-06-02,-0.057
2008-06-03,-0.0137
2008-06-04,0.0592
2008-06-05,0.1112
2008-06-06,0.1355
2008-06-07,0.1608
2008-06-08,0.1457
2008-06-09,0.1404
2008-06-10,0.144
2008-06-11,0.1417
2008-06-12,0.162
2008-06-13,0.1582
2008-06-14,0.2487
2008-06-15,0.3697
2008-06-16,0.4594
2008-06-17,0.5802
2008-06-18,0.6575
2008-06-19,0.677
2008-06-20,0.6624
2008-06-21,0.588
2008-06-22,0.5064
2008-06-23,0.1124
2008-06-24,0.0095
2008-06-25,-0.0208
2008-06-26,-0.0808
2008-06-27,-0.1731
2008-06-28,-0.2391
2008-06-29,-0.298
2008-06-30,-0.3315
2008-07-01,-0.3224
2008-07-02,-0.3354
2008-07-03,-0.3695
2008-07-04,-0.3794
2008-07-05,-0.3966
2008-07-06,-0.4534
2008-07-07,-0.519
2008-07-08,-0.5213
2008-07-09,-0.4982
2008-07-10,-0.6081
2008-07-11,-0.5855
2008-07-12,-0.4981
2008-07-13,-0.3644
2008-07-14,-0.3023
2008-07-15,-0.2264
2008-07-16,-0.206
2008-07-17,-0.1859
2008-07-18,-0.1712
2008-07-19,-0.1548
2008-07-20,0.0266
2008-07-21,0.2214
2008-07-22,0.2201
2008-07-23,0.1524
2008-07-24,0.1613
2008-07-25,0.1347
2008-07-26,0.1083
2008-07-27,0.1539
2008-07-28,0.2065
2008-07-29,0.2811
2008-07-30,0.2914
2008-07-31,0.2895
2008-08-01,0.3311
2008-08-02,0.2799
2008-08-03,0.1294
2008-08-04,0.0944
2008-08-05,0.1461
2008-08-06,0.2543
2008-08-07,0.3535
2008-08-08,0.4933
2008-08-09,0.6443
2008-08-10,0.635
2008-08-11,0.5564
2008-08-12,0.5203
2008-08-13,0.409
2008-08-14,0.2294
2008-08-15,0.1391
2008-08-16,0.1574
2008-08-17,0.2228
2008-08-18,0.3738
2008-08-19,0.3849
2008-08-20,0.2795
2008-08-21,0.3308
2008-08-22,0.3349
2008-08-23,0.3074
2008-08-24,0.2583
2008-08-25,0.266
2008-08-26,0.2186
2008-08-27,0.0608
2008-08-28,-0.0425
2008-08-29,-0.2448
2008-08-30,-0.4086
2008-08-31,-0.3275
2008-09-01,-0.2076
2008-09-02,-0.2245
2008-09-03,-0.2231
2008-09-04,-0.3235
2008-09-05,-0.4352
2008-09-06,-0.5675
2008-09-07,-0.873
2008-09-08,-1.1073
2008-09-09,-1.0406
2008-09-10,-0.8999
2008-09-11,-0.9187
2008-09-12,-0.8465
2008-09-13,-0.7506
2008-09-14,-0.6472
2008-09-15,-0.8355
2008-09-16,-0.9955
2008-09-17,-1.0207
2008-09-18,-1.0907
2008-09-19,-0.9592
2008-09-20,-0.8411
2008-09-21,-0.6903
2008-09-22,-0.6489
2008-09-23,-0.6252
2008-09-24,-0.6733
2008-09-25,-0.8266
2008-09-26,-0.8378
2008-09-27,-0.8865
2008-09-28,-0.8221
2008-09-29,-0.7061
2008-09-30,-0.8962
2008-10-01,-1.1152
2008-10-02,-1.016
2008-10-03,-0.3042
2008-10-04,-0.0235
2008-10-05,0.074
2008-10-06,0.1281
2008-10-07,0.168
2008-10-08,0.1841
2008-10-09,0.1003
2008-10-10,0.0814
2008-10-11,0.0959
2008-10-12,0.13
2008-10-13,0.1007
2008-10-14,0.0961
2008-10-15,0.0848
2008-10-16,0.0165
2008-10-17,-0.0642
2008-10-18,-0.0729
2008-10-19,-0.1484
2008-10-20,-0.1957
2008-10-21,-0.2499
2008-10-22,-0.3056
2008-10-23,-0.3786
2008-10-24,-0.3606
2008-10-25,-0.3728
2008-10-26,-0.4071
2008-10-27,-0.4053
2008-10-28,-0.3944
2008-10-29,-0.4395
2008-10-30,-0.2871
2008-10-31,-0.0318
2008-11-01,0.402
2008-11-02,0.2936
2008-11-03,0.4122
2008-11-04,0.4269
2008-11-05,0.4345
2008-11-06,0.4432
2008-11-07,0.4043
2008-11-08,0.3474
2008-11-09,0.2606
2008-11-10,0.1024
2008-11-11,0.0338
2008-11-12,-0.0022
2008-11-13,-0.1008
2008-11-14,-0.1097
2008-11-15,-0.1306
2008-11-16,-0.223
2008-11-17,-0.3082
2008-11-18,-0.3307
2008-11-19,-0.375
2008-11-20,-0.3964
2008-11-21,-0.3989
2008-11-22,-0.3548
2008-11-23,-0.383
2008-11-24,-0.3963
2008-11-25,-0.3689
2008-11-26,-0.2145
2008-11-27,-0.1903
2008-11-28,-0.1786
2008-11-29,-0.3309
2008-11-30,-0.5373
2008-12-01,-1.0151
2008-12-02,-1.0691
2008-12-03,-1.2199
2008-12-04,-1.2371
2008-12-05,-1.2399
2008-12-06,-1.3338
2008-12-07,-1.3826
2008-12-08,-1.3628
2008-12-09,-1.3727
2008-12-10,-1.445
2008-12-11,-1.526
2008-12-12,-1.5787
2008-12-13,-1.6105
2008-12-14,-1.4227
2008-12-15,-1.2837
2008-12-16,-1.2095
2008-12-17,-1.1876
2008-12-18,-1.2028
2008-12-19,-1.1453
2008-12-20,-1.1257
2008-12-21,-0.7617
2008-12-22,-0.7215
2008-12-23,-0.6728
2008-12-24,-0.3517
2008-12-25,-0.1791
2008-12-26,-0.2685
2008-12-27,-0.2516
2008-12-28,-0.2965
2008-12-29,-0.2953
2008-12-30,-0.2965
2008-12-31,-0.2574
2009-01-01,-0.2039
2009-01-02,-0.0957
2009-01-03,-0.1462
2009-01-04,-0.2545
2009-01-05,-0.2834
2009-01-06,-0.2654
2009-01-07,-0.2826
2009-01-08,-0.3044
2009-01-09,-0.3318
2009-01-10,-0.242
2009-01-11,-0.2168
2009-01-12,-0.2296
2009-01-13,-0.3648
2009-01-14,-0.4569
2009-01-15,-0.4766
2009-01-16,-0.5709
2009-01-17,-0.5947
2009-01-18,-0.6387
2009-01-19,-0.6531
2009-01-20,-1.0202
2009-01-21,-0.8341
2009-01-22,-0.5411
2009-01-23,-0.2373
2009-01-24,-0.3177
2009-01-25,-0.3227
2009-01-26,-0.3228
2009-01-27,-0.2726
2009-01-28,-0.2229
2009-01-29,-0.2115
2009-01-30,-0.2873
2009-01-31,-0.2748
2009-02-01,-0.3016
2009-02-02,-0.3023
2009-02-03,-0.2936
2009-02-04,-0.3001
2009-02-05,-0.2405
2009-02-06,-0.0919
2009-02-07,-0.0814
2009-02-08,-0.082
2009-02-09,-0.086
2009-02-10,-0.0483
2009-02-11,0.0805
2009-02-12,0.2558
2009-02-13,0.511
2009-02-14,0.5043
2009-02-15,0.5795
2009-02-16,0.7553
2009-02-17,0.8907
2009-02-18,0.8951
2009-02-19,0.9083
2009-02-20,0.7905
2009-02-21,0.6747
2009-02-22,0.4864
2009-02-23,0.5102
2009-02-24,0.5088
2009-02-25,0.5397
2009-02-26,0.5551
2009-02-27,0.5597
2009-02-28,0.5589
2009-03-01,0.6422
2009-03-02,0.7295
2009-03-03,0.9517
2009-03-04,1.0307
2009-03-05,1.0271
2009-03-06,1.0491
2009-03-07,1.0079
2009-03-08,0.9558
2009-03-09,1.043
2009-03-10,1.0223
2009-03-11,1.0306
2009-03-12,0.9806
2009-03-13,0.8395
2009-03-14,0.6848
2009-03-15,0.414
2009-03-16,0.4312
2009-03-17,0.321
2009-03-18,0.0297
2009-03-19,-0.2486
2009-03-20,-0.2588
2009-03-21,-0.0105
2009-03-22,0.07
2009-03-23,0.032
2009-03-24,-0.1974
2009-03-25,-0.277
2009-03-26,-0.318
2009-03-27,-0.3735
2009-03-28,-0.355
2009-03-29,-0.3344
2009-03-30,-0.3426
2009-03-31,-0.488
2009-04-01,-0.6506
2009-04-02,-1.0109
2009-04-03,-1.0504
2009-04-04,-0.9862
2009-04-05,-0.9818
2009-04-06,-1.0151
2009-04-07,-0.8458
2009-04-08,-0.8362
2009-04-09,-0.6738
2009-04-10,-0.5915
2009-04-11,-0.5643
2009-04-12,-0.5294
2009-04-13,-0.5222
2009-04-14,-0.4751
2009-04-15,-0.4221
2009-04-16,-0.428
2009-04-17,-0.461
2009-04-18,-0.4604
2009-04-19,-0.4995
2009-04-20,-0.8008
2009-04-21,-0.8629
2009-04-22,-0.9212
2009-04-23,-0.9408
2009-04-24,-0.8942
2009-04-25,-0.7853
2009-04-26,-0.7152
2009-04-27,-0.6622
2009-04-28,-0.6329
2009-04-29,-0.6007
2009-04-30,-0.5804
2009-05-01,0.3424
2009-05-02,0.4444
2009-05-03,0.515
2009-05-04,0.6391
2009-05-05,0.7234
2009-05-06,0.803
2009-05-07,0.6247
2009-05-08,0.6327
2009-05-09,0.447
2009-05-10,0.3988
2009-05-11,0.4346
2009-05-12,0.4878
2009-05-13,0.5096
2009-05-14,0.4526
2009-05-15,0.3309
2009-05-16,0.2861
2009-05-17,0.2586
2009-05-18,0.2227
2009-05-19,0.2672
2009-05-20,0.3786
2009-05-21,0.3793
2009-05-22,0.4443
2009-05-23,0.4836
2009-05-24,0.5151
2009-05-25,0.5292
2009-05-26,0.4933
2009-05-27,0.4398
2009-05-28,0.3775
2009-05-29,0.3694
2009-05-30,0.3725
2009-05-31,-0.8073
2009-06-01,-0.9336
2009-06-02,-0.9873
2009-06-03,-1.0714
2009-06-04,-1.0055
2009-06-05,-0.6717
2009-06-06,-0.612
2009-06-07,-0.5644
2009-06-08,-0.5074
2009-06-09,-0.4008
2009-06-10,-0.3156
2009-06-11,-0.2804
2009-06-12,-0.2113
2009-06-13,-0.1311
2009-06-14,-0.0154
2009-06-15,0.1968
2009-06-16,0.3658
2009-06-17,0.5207
2009-06-18,0.5689
2009-06-19,0.6049
2009-06-20,0.7369
2009-06-21,0.82
2009-06-22,0.8645
2009-06-23,0.8823
2009-06-24,0.9083
2009-06-25,0.974
2009-06-26,1.0755
2009-06-27,1.1637
2009-06-28,1.1027
2009-06-29,1.0093
2009-06-30,0.9816
2009-07-01,0.9271
2009-07-02,0.8336
2009-07-03,0.7578
2009-07-04,0.6802
2009-07-05,0.3958
2009-07-06,0.4056
2009-07-07,0.4444
2009-07-08,0.4916
2009-07-09,0.4647
2009-07-10,0.3944
2009-07-11,0.3901
2009-07-12,0.3405
2009-07-13,0.2298
2009-07-14,0.0935
2009-07-15,-0.1236
2009-07-16,-0.2762
2009-07-17,-0.4117
2009-07-18,-0.4592
2009-07-19,-0.5556
2009-07-20,-0.7
2009-07-21,-0.8336
2009-07-22,-0.8984
2009-07-23,-0.904
2009-07-24,-0.7948
2009-07-25,-0.7739
2009-07-26,-0.786
2009-07-27,-0.7293
2009-07-28,-0.5626
2009-07-29,-0.3238
2009-07-30,-0.1709
2009-07-31,-0.0716
2009-08-01,0.0051
2009-08-02,0.165
2009-08-03,0.2906
2009-08-04,0.2808
2009-08-05,0.3016
2009-08-06,0.4662
2009-08-07,0.4978
2009-08-08,0.446
2009-08-09,0.3715
2009-08-10,0.2251
2009-08-11,0.1539
2009-08-12,0.1194
2009-08-13,0.2008
2009-08-14,0.3883
2009-08-15,0.5221
2009-08-16,0.6261
2009-08-17,0.6826
2009-08-18,0.7759
2009-08-19,0.8119
2009-08-20,0.8419
2009-08-21,0.7207
2009-08-22,0.7192
2009-08-23,0.6613
2009-08-24,0.6674
2009-08-25,0.7171
2009-08-26,0.7463
2009-08-27,0.665
2009-08-28,0.5269
2009-08-29,0.2989
2009-08-30,0.1212
2009-08-31,0.1047
2009-09-01,-0.0107
2009-09-02,-0.1583
2009-09-03,-0.2907
2009-09-04,-0.4274
2009-09-05,-0.6745
2009-09-06,-0.7048
2009-09-07,-0.6863
2009-09-08,-0.6639
2009-09-09,-0.6183
2009-09-10,-0.7145
2009-09-11,-0.8036
2009-09-12,-0.8465
2009-09-13,-0.2978
2009-09-14,0.0296
2009-09-15,0.0282
2009-09-16,-0.0555
2009-09-17,-0.0559
2009-09-18,-0.1349
2009-09-19,-0.1885
2009-09-20,-0.0686
2009-09-21,-0.1119
2009-09-22,-0.2791
2009-09-23,-0.4057
2009-09-24,-0.4501
2009-09-25,-0.5603
2009-09-26,-0.6161
2009-09-27,-0.6737
2009-09-28,-0.5496
2009-09-29,-0.2752
2009-09-30,-0.2195
2009-10-01,-0.1792
2009-10-02,-0.2119
2009-10-03,-0.1586
2009-10-04,-0.1714
2009-10-05,-0.1696
2009-10-06,-0.2369
2009-10-07,-0.2832
2009-10-08,-0.2464
2009-10-09,-0.2702
2009-10-10,-0.2684
2009-10-11,-0.2116
2009-10-12,0.0872
2009-10-13,1.5794
2009-10-14,1.5512
2009-10-15,1.5679
2009-10-16,1.5533
2009-10-17,1.5633
2009-10-18,1.5909
2009-10-19,1.603
2009-10-20,1.6131
2009-10-21,1.6396
2009-10-22,1.6758
2009-10-23,1.6235
2009-10-24,1.5567
2009-10-25,1.5098
2009-10-26,1.4012
2009-10-27,1.3907
2009-10-28,1.3227
2009-10-29,1.2498
2009-10-30,1.1881
2009-10-31,1.1663
2009-11-01,1.1571
2009-11-02,1.1412
2009-11-03,1.1377
2009-11-04,1.1268
2009-11-05,1.1209
2009-11-06,1.1145
2009-11-07,1.0777
2009-11-08,1.0289
2009-11-09,0.9961
2009-11-10,0.9002
2009-11-11,0.7509
2009-11-12,-0.8218
2009-11-13,-0.9093
2009-11-14,-0.9245
2009-11-15,-0.9591
2009-11-16,-1.0216
2009-11-17,-1.0222
2009-11-18,-1.0747
2009-11-19,-1.1399
2009-11-20,-1.006
2009-11-21,-1.0575
2009-11-22,-1.0533
2009-11-23,-1.0678
2009-11-24,-1.0907
2009-11-25,-1.1363
2009-11-26,-1.2281
2009-11-27,-1.1032
2009-11-28,-1.1309
2009-11-29,-1.1363
2009-11-30,-1.1236
2009-12-01,-1.1462
2009-12-02,-1.1334
2009-12-03,-1.1024
2009-12-04,-1.1026
2009-12-05,-1.0977
2009-12-06,-1.0187
2009-12-07,-0.7675
2009-12-08,-0.7384
2009-12-09,-0.7398
2009-12-10,-0.662
2009-12-11,-0.3955
2009-12-12,0.047
2009-12-13,0.2737
2009-12-14,0.223
2009-12-15,0.1888
2009-12-16,0.1785
2009-12-17,0.1839
2009-12-18,0.147
2009-12-19,0.1658
2009-12-20,-0.014
2009-12-21,0.0189
2009-12-22,-0.0313
2009-12-23,-0.0117
2009-12-24,-0.0166
2009-12-25,-0.0361
2009-12-26,0.0772
2009-12-27,0.0253
2009-12-28,0.0469
2009-12-29,0.0804
2009-12-30,0.085
2009-12-31,0.1301
2010-01-01,0.1617
2010-01-02,0.1495
2010-01-03,0.1018
2010-01-04,-0.0106
2010-01-05,-0.1648
2010-01-06,-0.3412
2010-01-07,-0.3508
2010-01-08,-0.3663
2010-01-09,-0.4867
2010-01-10,-0.654
2010-01-11,-0.9645
2010-01-12,-0.8676
2010-01-13,-0.8196
2010-01-14,-0.8076
2010-01-15,-0.7976
2010-01-16,-0.8741
2010-01-17,-0.6653
2010-01-18,-0.3572
2010-01-19,-0.0197
2010-01-20,0.3445
2010-01-21,0.7234
2010-01-22,0.7676
2010-01-23,0.765
2010-01-24,0.7441
2010-01-25,0.7831
2010-01-26,0.7485
2010-01-27,0.7286
2010-01-28,0.7447
2010-01-29,0.8014
2010-01-30,0.7535
2010-01-31,0.7756
2010-02-01,0.825
2010-02-02,0.8462
2010-02-03,0.8641
2010-02-04,0.9873
2010-02-05,1.0374
2010-02-06,1.1119
2010-02-07,1.0979
2010-02-08,1.0937
2010-02-09,1.1514
2010-02-10,1.1341
2010-02-11,1.0058
2010-02-12,0.9509
2010-02-13,0.9328
2010-02-14,0.9127
2010-02-15,0.8975
2010-02-16,0.7317
2010-02-17,0.4871
2010-02-18,0.2092
2010-02-19,-0.122
2010-02-20,-0.4657
2010-02-21,-0.4188
2010-02-22,-0.4054
2010-02-23,-0.0287
2010-02-24,-0.1069
2010-02-25,-0.1158
2010-02-26,0.1981
2010-02-27,0.31
2010-02-28,0.2564
2010-03-01,0.2057
2010-03-02,0.2854
2010-03-03,0.5419
2010-03-04,0.5342
2010-03-05,0.4905
2010-03-06,0.3158
2010-03-07,0.2553
2010-03-08,0.1535
2010-03-09,0.2902
2010-03-10,0.2795
2010-03-11,0.1972
2010-03-12,0.4415
2010-03-13,0.4027
2010-03-14,0.4457
2010-03-15,0.4759
2010-03-16,0.4943
2010-03-17,0.5156
2010-03-18,0.5795
2010-03-19,0.6296
2010-03-20,0.5993
2010-03-21,0.5922
2010-03-22,0.5582
2010-03-23,0.4194
2010-03-24,0.3794
2010-03-25,0.0318
2010-03-26,-0.049
2010-03-27,-0.0653
2010-03-28,-0.3609
2010-03-29,-0.4564
2010-03-30,-0.2855
2010-03-31,-0.2094
2010-04-01,-0.324
2010-04-02,-0.584
2010-04-03,-0.5028
2010-04-04,0.0137
2010-04-05,0.0825
2010-04-06,0.0756
2010-04-07,0.0366
2010-04-08,-0.0619
2010-04-09,-0.0766
2010-04-10,-0.0126
2010-04-11,0.0784
2010-04-12,0.2979
2010-04-13,0.3376
2010-04-14,0.4029
2010-04-15,0.4738
2010-04-16,0.5057
2010-04-17,0.5192
2010-04-18,0.5567
2010-04-19,0.6927
2010-04-20,1.1066
2010-04-21,1.29
2010-04-22,1.3703
2010-04-23,1.456
2010-04-24,1.5109
2010-04-25,1.4868
2010-04-26,1.5041
2010-04-27,1.5901
2010-04-28,1.6789
2010-04-29,1.6214
2010-04-30,1.6849
2010-05-01,1.7165
2010-05-02,1.6832
2010-05-03,1.7582
2010-05-04,1.4461
2010-05-05,1.4031
2010-05-06,1.4115
2010-05-07,1.4389
2010-05-08,1.4776
2010-05-09,1.5472
2010-05-10,1.6404
2010-05-11,1.4597
2010-05-12,1.3384
2010-05-13,1.3511
2010-05-14,1.3643
2010-05-15,1.3024
2010-05-16,1.2737
2010-05-17,1.3521
2010-05-18,1.357
2010-05-19,1.3283
2010-05-20,0.8946
2010-05-21,0.6825
2010-05-22,0.7017
2010-05-23,0.769
2010-05-24,0.8576
2010-05-25,1.1215
2010-05-26,1.2389
2010-05-27,1.3686
2010-05-28,1.245
2010-05-29,1.2254
2010-05-30,1.2011
2010-05-31,1.207
2010-06-01,1.2325
2010-06-02,1.2485
2010-06-03,1.2558
2010-06-04,1.2612
2010-06-05,1.2592
2010-06-06,1.2575
2010-06-07,1.2488
2010-06-08,1.1975
2010-06-09,1.079
2010-06-10,1.0895
2010-06-11,1.1159
2010-06-12,1.1392
2010-06-13,1.1566
2010-06-14,1.2343
2010-06-15,1.2937
2010-06-16,1.2692
2010-06-17,1.286
2010-06-18,1.3063
2010-06-19,1.333
2010-06-20,1.3615
2010-06-21,1.3441
2010-06-22,1.3364
2010-06-23,1.3493
2010-06-24,1.2011
2010-06-25,1.0898
2010-06-26,0.6812
2010-06-27,0.6154
2010-06-28,0.5164
2010-06-29,0.4905
2010-06-30,0.479
2010-07-01,0.4197
2010-07-02,0.4245
2010-07-03,0.4118
2010-07-04,0.3916
2010-07-05,0.4248
2010-07-06,0.5699
2010-07-07,0.6158
2010-07-08,0.6385
2010-07-09,0.5756
2010-07-10,0.4172
2010-07-11,0.3749
2010-07-12,0.4086
2010-07-13,0.4922
2010-07-14,0.5723
2010-07-15,0.5155
2010-07-16,0.3928
2010-07-17,0.3252
2010-07-18,0.1967
2010-07-19,0.0127
2010-07-20,-0.0801
2010-07-21,-0.0836
2010-07-22,-0.1061
2010-07-23,-0.1232
2010-07-24,-0.2282
2010-07-25,-0.2935
2010-07-26,-0.1437
2010-07-27,0.0455
2010-07-28,0.2816
2010-07-29,0.3845
2010-07-30,0.4117
2010-07-31,0.4167
2010-08-01,0.3712
2010-08-02,0.3368
2010-08-03,0.3919
2010-08-04,0.4351
2010-08-05,0.3849
2010-08-06,0.3556
2010-08-07,0.3412
2010-08-08,0.4221
2010-08-09,0.5748
2010-08-10,0.6804
2010-08-11,0.7802
2010-08-12,0.7544
2010-08-13,0.7799
2010-08-14,0.894
2010-08-15,1.0289
2010-08-16,1.0774
2010-08-17,1.1498
2010-08-18,1.2594
2010-08-19,1.2618
2010-08-20,1.1975
2010-08-21,1.2939
2010-08-22,1.3768
2010-08-23,1.3917
2010-08-24,1.2928
2010-08-25,1.0213
2010-08-26,0.8415
2010-08-27,0.7959
2010-08-28,1.0512
2010-08-29,1.2133
2010-08-30,1.3484
2010-08-31,1.3688
2010-09-01,1.268
2010-09-02,1.1788
2010-09-03,1.1206
2010-09-04,1.0509
2010-09-05,1.1327
2010-09-06,1.1044
2010-09-07,1.0392
2010-09-08,1.1534
2010-09-09,1.1925
2010-09-10,1.0969
2010-09-11,1.0303
2010-09-12,0.9648
2010-09-13,0.9588
2010-09-14,0.9083
2010-09-15,0.9096
2010-09-16,0.6708
2010-09-17,0.6139
2010-09-18,0.6713
2010-09-19,0.7772
2010-09-20,0.7392
2010-09-21,0.7173
2010-09-22,0.7633
2010-09-23,0.848
2010-09-24,0.8602
2010-09-25,0.8025
2010-09-26,0.7228
2010-09-27,0.5015
2010-09-28,0.2811
2010-09-29,0.0586
2010-09-30,-0.067
2010-10-01,-0.0774
2010-10-02,-0.0137
2010-10-03,0.2678
2010-10-04,0.2345
2010-10-05,0.3398
2010-10-06,0.4468
2010-10-07,0.4615
2010-10-08,0.3688
2010-10-09,0.232
2010-10-10,0.1079
2010-10-11,0.0514
2010-10-12,0.0185
2010-10-13,-0.1134
2010-10-14,-0.1913
2010-10-15,-0.2567
2010-10-16,-0.2973
2010-10-17,-0.1502
2010-10-18,-0.1189
2010-10-19,-0.1771
2010-10-20,-0.2132
2010-10-21,-0.2439
2010-10-22,-0.1588
2010-10-23,0.5248
2010-10-24,1.5288
2010-10-25,1.497
2010-10-26,1.4012
2010-10-27,1.3866
2010-10-28,1.3208
2010-10-29,1.3193
2010-10-30,1.3138
2010-10-31,1.2981
2010-11-01,1.2876
2010-11-02,1.227
2010-11-03,1.2183
2010-11-04,1.184
2010-11-05,1.1398
2010-11-06,1.1542
2010-11-07,1.3767
2010-11-08,1.3536
2010-11-09,1.3556
2010-11-10,1.3153
2010-11-11,1.2858
2010-11-12,1.266
2010-11-13,1.224
2010-11-14,1.2188
2010-11-15,1.2417
2010-11-16,1.1226
2010-11-17,0.9941
2010-11-18,0.9768
2010-11-19,1.2066
2010-11-20,1.4252
2010-11-21,1.4356
2010-11-22,1.2696
2010-11-23,0.881
2010-11-24,0.8557
2010-11-25,0.8856
2010-11-26,0.8479
2010-11-27,1.0566
2010-11-28,1.0183
2010-11-29,0.9544
2010-11-30,0.8815
2010-12-01,0.8142
2010-12-02,0.7528
2010-12-03,0.734
2010-12-04,0.7894
2010-12-05,0.9125
2010-12-06,0.8766
2010-12-07,0.5737
2010-12-08,0.6949
2010-12-09,0.6875
2010-12-10,0.6895
2010-12-11,0.6326
2010-12-12,0.6328
2010-12-13,0.6452
2010-12-14,0.9181
2010-12-15,0.8821
2010-12-16,0.9599
2010-12-17,1.3796
2010-12-18,1.5491
2010-12-19,1.561
2010-12-20,1.3308
2010-12-21,1.2799
2010-12-22,1.1892
2010-12-23,1.003
2010-12-24,0.991
2010-12-25,1.234
2010-12-26,1.2337
2010-12-27,1.1002
2010-12-28,1.4511
2010-12-29,1.5077
2010-12-30,1.5464
2010-12-31,1.5896
2011-01-01,1.6362
2011-01-02,1.5865
2011-01-03,1.5297
2011-01-04,1.421
2011-01-05,1.4247
2011-01-06,1.4258
2011-01-07,1.3104
2011-01-08,1.3316
2011-01-09,1.4145
2011-01-10,1.3544
2011-01-11,1.3731
2011-01-12,1.347
2011-01-13,1.1706
2011-01-14,1.1594
2011-01-15,1.0787
2011-01-16,0.737
2011-01-17,0.5522
2011-01-18,0.2696
2011-01-19,0.2502
2011-01-20,0.1699
2011-01-21,0.1808
2011-01-22,0.1347
2011-01-23,0.0935
2011-01-24,-0.322
2011-01-25,-0.3373
2011-01-26,-0.3388
2011-01-27,-0.805
2011-01-28,-0.8536
2011-01-29,-0.6606
2011-01-30,-0.6091
2011-01-31,-0.8341
2011-02-01,-0.9479
2011-02-02,-0.9647
2011-02-03,-0.9541
2011-02-04,-0.9263
2011-02-05,-0.939
2011-02-06,-0.971
2011-02-07,-1.0382
2011-02-08,-1.0968
2011-02-09,-1.1457
2011-02-10,-1.2498
2011-02-11,-1.2823
2011-02-12,-1.3512
2011-02-13,-1.3349
2011-02-14,-1.3115
2011-02-15,-1.109
2011-02-16,-0.9149
2011-02-17,-0.4782
2011-02-18,-0.0655
2011-02-19,0.0044
2011-02-20,0.0155
2011-02-21,0.0738
2011-02-22,0.1251
2011-02-23,0.1642
2011-02-24,0.3803
2011-02-25,0.5699
2011-02-26,0.591
2011-02-27,0.5925
2011-02-28,0.4624
2011-03-01,0.3442
2011-03-02,0.3467
2011-03-03,0.2694
2011-03-04,0.2508
2011-03-05,0.2577
2011-03-06,0.4817
2011-03-07,0.4965
2011-03-08,0.5479
2011-03-09,0.6286
2011-03-10,0.6662
2011-03-11,0.6969
2011-03-12,0.7124
2011-03-13,0.7683
2011-03-14,0.8497
2011-03-15,1.0584
2011-03-16,1.136
2011-03-17,1.011
2011-03-18,1.165
2011-03-19,1.0937
2011-03-20,1.0199
2011-03-21,1.1274
2011-03-22,1.1165
2011-03-23,1.1919
2011-03-24,1.424
2011-03-25,1.4637
2011-03-26,1.4127
2011-03-27,1.2849
2011-03-28,1.2871
2011-03-29,1.303
2011-03-30,1.3291
2011-03-31,1.3306
2011-04-01,1.2987
2011-04-02,1.342
2011-04-03,1.3409
2011-04-04,1.3165
2011-04-05,1.1872
2011-04-06,1.1725
2011-04-07,1.1891
2011-04-08,1.2117
2011-04-09,1.2372
2011-04-10,1.2584
2011-04-11,1.2553
2011-04-12,1.2357
2011-04-13,1.2787
2011-04-14,1.2275
2011-04-15,1.2612
2011-04-16,1.2846
2011-04-17,1.1281
2011-04-18,0.9811
2011-04-19,0.7336
2011-04-20,0.5853
2011-04-21,0.6281
2011-04-22,0.5139
2011-04-23,-0.0773
2011-04-24,-0.3422
2011-04-25,-0.6441
2011-04-26,-0.6084
2011-04-27,-0.6238
2011-04-28,-0.6085
2011-04-29,-0.5494
2011-04-30,-0.5103
2011-05-01,-0.4629
2011-05-02,-0.4981
2011-05-03,-0.5401
2011-05-04,-0.5535
2011-05-05,-0.5037
2011-05-06,-0.4743
2011-05-07,-0.4652
2011-05-08,-0.3998
2011-05-09,-0.3069
2011-05-10,-0.2776
2011-05-11,-0.2206
2011-05-12,-0.1858
2011-05-13,-0.2396
2011-05-14,0.2955
2011-05-15,0.4104
2011-05-16,0.5906
2011-05-17,0.89
2011-05-18,0.8841
2011-05-19,0.8799
2011-05-20,0.9141
2011-05-21,0.8735
2011-05-22,0.8975
2011-05-23,0.9592
2011-05-24,0.9859
2011-05-25,1.0607
2011-05-26,1.0591
2011-05-27,1.0959
2011-05-28,1.1427
2011-05-29,1.1618
2011-05-30,1.1799
2011-05-31,1.2108
2011-06-01,1.2942
2011-06-02,1.3241
2011-06-03,1.3796
2011-06-04,1.6154
2011-06-05,1.8533
2011-06-06,1.8613
2011-06-07,1.8506
2011-06-08,1.8553
2011-06-09,1.8677
2011-06-10,1.8821
2011-06-11,1.9178
2011-06-12,1.9407
2011-06-13,1.8254
2011-06-14,1.8724
2011-06-15,1.8381
2011-06-16,1.7287
2011-06-17,1.7179
2011-06-18,1.74
2011-06-19,1.7526
2011-06-20,1.7727
2011-06-21,1.7577
2011-06-22,1.7475
2011-06-23,1.7873
2011-06-24,1.8046
2011-06-25,1.8458
2011-06-26,1.9275
2011-06-27,2.0257
2011-06-28,2.187
2011-06-29,2.2153
2011-06-30,2.214
2011-07-01,2.1761
2011-07-02,2.1956
2011-07-03,2.1821
2011-07-04,1.9841
2011-07-05,1.3163
2011-07-06,1.2512
2011-07-07,1.2133
2011-07-08,1.1936
2011-07-09,1.1826
2011-07-10,1.1719
2011-07-11,1.1527
2011-07-12,1.1898
2011-07-13,1.2625
2011-07-14,1.3842
2011-07-15,1.5955
2011-07-16,1.7194
2011-07-17,1.78
2011-07-18,1.8306
2011-07-19,1.8623
2011-07-20,1.8925
2011-07-21,1.9626
2011-07-22,2.0531
2011-07-23,2.0922
2011-07-24,2.0988
2011-07-25,2.07
2011-07-26,2.0408
2011-07-27,2.0593
2011-07-28,1.5586
2011-07-29,1.4569
2011-07-30,1.5011
2011-07-31,1.5921
2011-08-01,1.723
2011-08-02,1.8306
2011-08-03,1.9198
2011-08-04,1.9841
2011-08-05,1.9777
2011-08-06,1.7855
2011-08-07,1.8037
2011-08-08,1.8284
2011-08-09,1.8435
2011-08-10,1.7489
2011-08-11,1.6715
2011-08-12,1.5523
2011-08-13,1.4211
2011-08-14,1.3045
2011-08-15,1.2105
2011-08-16,1.1153
2011-08-17,1.0134
2011-08-18,0.9269
2011-08-19,0.9888
2011-08-20,1.0418
2011-08-21,1.0276
2011-08-22,1.0448
2011-08-23,0.9189
2011-08-24,0.8489
2011-08-25,0.7849
2011-08-26,0.7326
2011-08-27,0.7526
2011-08-28,0.7178
2011-08-29,0.5929
2011-08-30,0.5741
2011-08-31,0.5312
2011-09-01,0.5521
2011-09-02,0.5108
2011-09-03,0.4079
2011-09-04,0.4107
2011-09-05,0.4101
2011-09-06,0.3043
2011-09-07,0.2104
2011-09-08,0.1692
2011-09-09,0.0879
2011-09-10,-0.1267
2011-09-11,-0.0023
2011-09-12,0.0048
2011-09-13,-0.079
2011-09-14,-0.1586
2011-09-15,-0.2229
2011-09-16,-0.2601
2011-09-17,-0.2338
2011-09-18,-0.3256
2011-09-19,-0.4423
2011-09-20,-0.543
2011-09-21,-0.7073
2011-09-22,-0.7425
2011-09-23,-0.8416
2011-09-24,-0.8494
2011-09-25,-0.624
2011-09-26,-0.5212
2011-09-27,-0.4809
2011-09-28,-0.5655
2011-09-29,-0.6566
2011-09-30,-0.6021
2011-10-01,-0.5407
2011-10-02,-0.4896
2011-10-03,-0.4243
2011-10-04,1.101
2011-10-05,1.3392
2011-10-06,1.4772
2011-10-07,1.4948
2011-10-08,1.5182
2011-10-09,1.5103
2011-10-10,1.5691
2011-10-11,1.4973
2011-10-12,1.4606
2011-10-13,1.3791
2011-10-14,1.3702
2011-10-15,1.3696
2011-10-16,1.3315
2011-10-17,1.3141
2011-10-18,1.3141
2011-10-19,1.3089
2011-10-20,1.3155
2011-10-21,1.3435
2011-10-22,1.3645
2011-10-23,1.3002
2011-10-24,1.2325
2011-10-25,1.1587
2011-10-26,1.0342
2011-10-27,0.9885
2011-10-28,0.9444
2011-10-29,0.8997
2011-10-30,0.8355
2011-10-31,0.8058
2011-11-01,0.7834
2011-11-02,0.7529
2011-11-03,0.0303
2011-11-04,-0.2234
2011-11-05,-0.1581
2011-11-06,-0.1751
2011-11-07,-0.2247
2011-11-08,-0.3092
2011-11-09,-0.5646
2011-11-10,-0.7195
2011-11-11,-0.6297
2011-11-12,-0.6186
2011-11-13,-0.6777
2011-11-14,-0.6666
2011-11-15,-0.7033
2011-11-16,-0.7659
2011-11-17,-0.8032
2011-11-18,-0.773
2011-11-19,-0.6014
2011-11-20,-0.5432
2011-11-21,-0.5516
2011-11-22,-0.5066
2011-11-23,-0.5284
2011-11-24,-0.5463
2011-11-25,-0.5602
2011-11-26,-0.6192
2011-11-27,-0.6307
2011-11-28,-0.6225
2011-11-29,-0.615
2011-11-30,-0.6208
2011-12-01,-0.6752
2011-12-02,-0.6944
2011-12-03,-0.7072
2011-12-04,-0.7605
2011-12-05,-0.9698
2011-12-06,-1.082
2011-12-07,-1.1544
2011-12-08,-1.1277
2011-12-09,-1.1435
2011-12-10,-1.198
2011-12-11,-1.3827
2011-12-12,-1.4479
2011-12-13,-1.512
2011-12-14,-1.5701
2011-12-15,-1.5118
2011-12-16,-1.4629
2011-12-17,-1.4606
2011-12-18,-1.5543
2011-12-19,-1.7354
2011-12-20,-1.7128
2011-12-21,-1.7264
2011-12-22,-1.7261
2011-12-23,-1.7356
2011-12-24,-1.757
2011-12-25,-1.6458
2011-12-26,-1.6326
2011-12-27,-1.6512
2011-12-28,-1.6572
2011-12-29,-1.6694
2011-12-30,-1.6572
2011-12-31,-1.6551
2012-01-01,-1.6598
2012-01-02,-1.6542
2012-01-03,-1.6453
2012-01-04,-1.6113
2012-01-05,-1.6065
2012-01-06,-1.5905
2012-01-07,-1.5847
2012-01-08,-1.644
2012-01-09,-1.6619
2012-01-10,-1.6565
2012-01-11,-1.6517
2012-01-12,-1.6629
2012-01-13,-1.6573
2012-01-14,-1.6554
2012-01-15,-1.6665
2012-01-16,-1.6887
2012-01-17,-1.7029
2012-01-18,-1.7084
2012-01-19,-1.6748
2012-01-20,-1.0154
2012-01-21,-0.8862
2012-01-22,-0.7024
2012-01-23,-0.4984
2012-01-24,-0.5043
2012-01-25,-0.5192
2012-01-26,-0.5153
2012-01-27,-0.4622
2012-01-28,-0.418
2012-01-29,-0.4005
2012-01-30,-0.4549
2012-01-31,-0.4158
2012-02-01,-0.3317
2012-02-02,-0.3105
2012-02-03,-0.2833
2012-02-04,-0.2467
2012-02-05,-0.2241
2012-02-06,-0.1993
2012-02-07,-0.1701
2012-02-08,-0.2289
2012-02-09,-0.2504
2012-02-10,-0.2884
2012-02-11,-0.3007
2012-02-12,-0.1978
2012-02-13,-0.038
2012-02-14,-0.0354
2012-02-15,-0.0669
2012-02-16,-0.1008
2012-02-17,-0.1585
2012-02-18,-0.2264
2012-02-19,-0.8443
2012-02-20,-0.8823
2012-02-21,-1.0335
2012-02-22,-1.2979
2012-02-23,-1.2868
2012-02-24,-1.2515
2012-02-25,-1.196
2012-02-26,-1.1907
2012-02-27,-1.1943
2012-02-28,-1.1493
2012-03-01,-1.1381
2012-03-02,-1.172
2012-03-03,-1.2132
2012-03-04,-1.2667
2012-03-05,-1.3254
2012-03-06,-1.3611
2012-03-07,-1.3673
2012-03-08,-1.3682
2012-03-09,-1.3755
2012-03-10,-1.3196
2012-03-11,-1.2967
2012-03-12,-1.2521
2012-03-13,-1.0255
2012-03-14,-0.9429
2012-03-15,-1.0701
2012-03-16,-0.4487
2012-03-17,-0.102
2012-03-18,0.0322
2012-03-19,0.1029
2012-03-20,0.1018
2012-03-21,0.1265
2012-03-22,0.1477
2012-03-23,0.1547
2012-03-24,0.2774
2012-03-25,0.3539
2012-03-26,0.357
2012-03-27,0.4935
2012-03-28,0.534
2012-03-29,0.5439
2012-03-30,0.5248
2012-03-31,0.6886
2012-04-01,0.7345
2012-04-02,0.7849
2012-04-03,0.8318
2012-04-04,0.9132
2012-04-05,0.9305
2012-04-06,0.9223
2012-04-07,0.9116
2012-04-08,0.9133
2012-04-09,0.9304
2012-04-10,1.0429
2012-04-11,1.2113
2012-04-12,1.3402
2012-04-13,1.3919
2012-04-14,1.4034
2012-04-15,1.1494
2012-04-16,1.0047
2012-04-17,0.9857
2012-04-18,1.0076
2012-04-19,1.0657
2012-04-20,1.068
2012-04-21,1.1039
2012-04-22,1.1312
2012-04-23,1.1137
2012-04-24,1.1022
2012-04-25,1.2684
2012-04-26,1.1929
2012-04-27,1.1705
2012-04-28,1.1717
2012-04-29,1.1836
2012-04-30,0.9988
2012-05-01,1.0073
2012-05-02,1.0239
2012-05-03,1.0762
2012-05-04,1.1611
2012-05-05,1.1497
2012-05-06,1.1556
2012-05-07,1.1818
2012-05-08,1.2083
2012-05-09,1.209
2012-05-10,1.0827
2012-05-11,0.7677
2012-05-12,0.0891
2012-05-13,-0.4926
2012-05-14,-0.5381
2012-05-15,-0.6013
2012-05-16,-0.5817
2012-05-17,-0.559
2012-05-18,-0.5563
2012-05-19,-0.5543
2012-05-20,-0.5126
2012-05-21,-0.4518
2012-05-22,-0.3587
2012-05-23,-0.3304
2012-05-24,-0.3415
2012-05-25,-0.6719
2012-05-26,-0.7552
2012-05-27,-0.7709
2012-05-28,-0.7274
2012-05-29,-0.6808
2012-05-30,-0.6494
2012-05-31,-0.6863
2012-06-01,-0.75
2012-06-02,-0.7939
2012-06-03,-0.8486
2012-06-04,-0.4558
2012-06-05,-0.3149
2012-06-06,-0.2182
2012-06-07,-0.1472
2012-06-08,-0.0557
2012-06-09,0.0077
2012-06-10,0.023
2012-06-11,0.0379
2012-06-12,0.0337
2012-06-13,0.0029
2012-06-14,0.0295
2012-06-15,0.0933
2012-06-16,0.0646
2012-06-17,0.0629
2012-06-18,0.1341
2012-06-19,0.2383
2012-06-20,0.2754
2012-06-21,0.3176
2012-06-22,0.4008
2012-06-23,0.5183
2012-06-24,0.3974
2012-06-25,0.4438
2012-06-26,0.5066
2012-06-27,0.5405
2012-06-28,0.5461
2012-06-29,0.6189
2012-06-30,0.7373
2012-07-01,0.8565
2012-07-02,0.8483
2012-07-03,0.8848
2012-07-04,0.4375
2012-07-05,0.4031
2012-07-06,0.4132
2012-07-07,0.4291
2012-07-08,0.4231
2012-07-09,0.3495
2012-07-10,0.3096
2012-07-11,0.3133
2012-07-12,0.2944
2012-07-13,0.3068
2012-07-14,0.3664
2012-07-15,0.4196
2012-07-16,0.6172
2012-07-17,0.8793
2012-07-18,1.0008
2012-07-19,1.0544
2012-07-20,1.0929
2012-07-21,1.0104
2012-07-22,0.8579
2012-07-23,0.676
2012-07-24,0.5793
2012-07-25,0.4759
2012-07-26,0.4878
2012-07-27,0.5579
2012-07-28,0.6643
2012-07-29,0.6542
2012-07-30,0.5658
2012-07-31,0.3914
2012-08-01,0.3445
2012-08-02,0.2512
2012-08-03,0.2906
2012-08-04,0.3654
2012-08-05,0.3711
2012-08-06,0.3804
2012-08-07,0.3166
2012-08-08,0.2639
2012-08-09,0.2728
2012-08-10,0.3003
2012-08-11,0.2922
2012-08-12,0.22
2012-08-13,0.0478
2012-08-14,-0.0006
2012-08-15,-0.142
2012-08-16,-0.4368
2012-08-17,-0.6443
2012-08-18,-0.7432
2012-08-19,-0.8204
2012-08-20,-0.8398
2012-08-21,-0.8654
2012-08-22,-0.8366
2012-08-23,-0.8631
2012-08-24,-0.8927
2012-08-25,-1.0002
2012-08-26,-1.0042
2012-08-27,-1.0751
2012-08-28,-1.1204
2012-08-29,-1.144
2012-08-30,-1.1846
2012-08-31,-0.9899
2012-09-01,-0.7695
2012-09-02,-0.7286
2012-09-03,-0.9695
2012-09-04,-1.0137
2012-09-05,-0.7669
2012-09-06,-0.587
2012-09-07,-0.4428
2012-09-08,-0.2335
2012-09-09,-0.0405
2012-09-10,0.1638
2012-09-11,0.2239
2012-09-12,0.317
2012-09-13,0.2488
2012-09-14,0.1903
2012-09-15,0.0653
2012-09-16,-0.1226
2012-09-17,-0.1683
2012-09-18,-0.0887
2012-09-19,0.0334
2012-09-20,0.1016
2012-09-21,0.0673
2012-09-22,-0.0482
2012-09-23,-0.121
2012-09-24,-0.1058
2012-09-25,-0.2676
2012-09-26,-0.3018
2012-09-27,-0.3622
2012-09-28,-0.3677
2012-09-29,-0.3289
2012-09-30,-0.5719
2012-10-01,-0.8489
2012-10-02,-1.0877
2012-10-03,-1.2046
2012-10-04,-1.1741
2012-10-05,-1.2561
2012-10-06,-1.1876
2012-10-07,-1.1455
2012-10-08,-1.1081
2012-10-09,-1.0566
2012-10-10,-1.0128
2012-10-11,-0.881
2012-10-12,-0.7676
2012-10-13,-0.6812
2012-10-14,-0.6555
2012-10-15,-0.6391
2012-10-16,-0.6517
2012-10-17,-0.6727
2012-10-18,-0.7079
2012-10-19,-0.7423
2012-10-20,-0.7476
2012-10-21,-0.6141
2012-10-22,0.0847
2012-10-23,0.1175
2012-10-24,0.1431
2012-10-25,0.1719
2012-10-26,0.1154
2012-10-27,0.0989
2012-10-28,0.0808
2012-10-29,0.0351
2012-10-30,0.008
2012-10-31,0.1301
2012-11-01,0.198
2012-11-02,0.2284
2012-11-03,0.2691
2012-11-04,0.2637
2012-11-05,0.2284
2012-11-06,0.185
2012-11-07,0.1005
2012-11-08,0.2407
2012-11-09,0.2606
2012-11-10,0.0952
2012-11-11,0.0086
2012-11-12,-0.0305
2012-11-13,-0.122
2012-11-14,-0.1378
2012-11-15,-0.1556
2012-11-16,-0.0167
2012-11-17,0.3207
2012-11-18,0.3559
2012-11-19,0.3122
2012-11-20,0.3102
2012-11-21,0.0517
2012-11-22,0.0351
2012-11-23,-0.0421
2012-11-24,-0.0942
2012-11-25,-0.0922
2012-11-26,-0.1673
2012-11-27,-0.1526
2012-11-28,0.1478
2012-11-29,0.3468
2012-11-30,0.9856
2012-12-01,1.0967
2012-12-02,1.5111
2012-12-03,1.4789
2012-12-04,1.4819
2012-12-05,1.5649
2012-12-06,1.5766
2012-12-07,1.5716
2012-12-08,1.4998
2012-12-09,1.45
2012-12-10,1.4916
2012-12-11,1.4914
2012-12-12,1.5603
2012-12-13,1.5977
2012-12-14,1.5921
2012-12-15,1.5656
2012-12-16,1.5037
2012-12-17,1.4558
2012-12-18,1.4422
2012-12-19,1.4659
2012-12-20,1.421
2012-12-21,1.3851
2012-12-22,1.6124
2012-12-23,1.7809
2012-12-24,1.7794
2012-12-25,1.8537
2012-12-26,1.8742
2012-12-27,1.8863
2012-12-28,1.7544
2012-12-29,1.6579
2012-12-30,1.194
2012-12-31,1.031
2013-01-01,0.3334
2013-01-02,0.3055
2013-01-03,0.2
2013-01-04,-0.1327
2013-01-05,0.1327
2013-01-06,0.2696
2013-01-07,0.2457
2013-01-08,0.2379
2013-01-09,0.2395
2013-01-10,0.2561
2013-01-11,0.1919
2013-01-12,0.1945
2013-01-13,0.2258
2013-01-14,0.1954
2013-01-15,0.1774
2013-01-16,-0.0026
2013-01-17,-0.0082
2013-01-18,-0.0217
2013-01-19,-0.0116
2013-01-20,-0.0819
2013-01-21,-0.4254
2013-01-22,-0.7546
2013-01-23,-0.797
2013-01-24,-0.9722
2013-01-25,-0.9958
2013-01-26,-0.9737
2013-01-27,-0.9257
2013-01-28,-0.8937
2013-01-29,-0.8924
2013-01-30,-0.9375
2013-01-31,-0.9006
2013-02-01,-0.8369
2013-02-02,-0.8433
2013-02-03,-0.8292
2013-02-04,-1.1756
2013-02-05,-1.3218
2013-02-06,-1.3556
2013-02-07,-1.4143
2013-02-08,-1.44
2013-02-09,-1.4864
2013-02-10,-1.5545
2013-02-11,-1.5755
2013-02-12,-1.5954
2013-02-13,-1.5715
2013-02-14,-1.5605
2013-02-15,-1.5732
2013-02-16,-1.5646
2013-02-17,-1.5674
2013-02-18,-1.5609
2013-02-19,-1.3645
2013-02-20,-1.3384
2013-02-21,-1.2913
2013-02-22,-1.3078
2013-02-23,-1.4143
2013-02-24,-1.3715
2013-02-25,-1.3176
2013-02-26,-1.3369
2013-02-27,-1.3726
2013-02-28,-1.386
2013-03-01,-1.4445
2013-03-02,-1.4728
2013-03-03,-1.4297
2013-03-04,-1.4616
2013-03-05,-1.4333
2013-03-06,-1.4301
2013-03-07,-1.4318
2013-03-08,-1.4256
2013-03-09,-1.4302
2013-03-10,-1.3823
2013-03-11,-1.3924
2013-03-12,-1.3905
2013-03-13,-1.4434
2013-03-14,-1.5171
2013-03-15,-1.6034
2013-03-16,-1.7414
2013-03-17,-1.7
2013-03-18,-1.6582
2013-03-19,-1.5186
2013-03-20,-1.4586
2013-03-21,-1.5829
2013-03-22,-1.5324
2013-03-23,-1.482
2013-03-24,-1.4497
2013-03-25,-1.4368
2013-03-26,-1.4178
2013-03-27,-1.3682
2013-03-28,-1.3031
2013-03-29,-1.2819
2013-03-30,-0.8371
2013-03-31,-0.6764
2013-04-01,-0.6226
2013-04-02,-0.6259
2013-04-03,-0.5369
2013-04-04,-0.3727
2013-04-05,-0.3863
2013-04-06,-0.4031
2013-04-07,-0.3117
2013-04-08,-0.309
2013-04-09,-0.3104
2013-04-10,-0.28
2013-04-11,-0.2578
2013-04-12,-0.2141
2013-04-13,-0.1859
2013-04-14,-0.1391
2013-04-15,-0.0468
2013-04-16,-0.0225
2013-04-17,-0.0228
2013-04-18,-0.1018
2013-04-19,-0.1232
2013-04-20,-0.162
2013-04-21,-0.1205
2013-04-22,-0.0941
2013-04-23,-0.0497
2013-04-24,-0.0395
2013-04-25,0.0137
2013-04-26,0.0196
2013-04-27,-0.0329
2013-04-28,-0.0455
2013-04-29,-0.7821
2013-04-30,-1.006
2013-05-01,-1.0252
2013-05-02,-1.0614
2013-05-03,-1.1878
2013-05-04,-1.3996
2013-05-05,-1.3509
2013-05-06,-1.2214
2013-05-07,-1.3357
2013-05-08,-1.3495
2013-05-09,-1.335
2013-05-10,-1.3131
2013-05-11,-1.3434
2013-05-12,-1.3374
2013-05-13,-1.3662
2013-05-14,-1.4221
2013-05-15,-1.4672
2013-05-16,-1.3422
2013-05-17,-1.3276
2013-05-18,-1.2599
2013-05-19,-1.1957
2013-05-20,-1.1696
2013-05-21,-1.0822
2013-05-22,-0.9647
2013-05-23,-0.883
2013-05-24,-0.8608
2013-05-25,-0.8139
2013-05-26,-0.7452
2013-05-27,-0.6032
2013-05-28,-0.449
2013-05-29,-0.3478
2013-05-30,-0.3274
2013-05-31,-0.303
2013-06-01,-0.2827
2013-06-02,-0.2581
2013-06-03,-0.2236
2013-06-04,-0.2547
2013-06-05,-0.3854
2013-06-06,-0.4923
2013-06-07,-0.5907
2013-06-08,-0.7013
2013-06-09,-0.661
2013-06-10,-0.5301
2013-06-11,-0.4669
2013-06-12,-0.4161
2013-06-13,-0.3502
2013-06-14,-0.3414
2013-06-15,-0.4237
2013-06-16,-0.4287
2013-06-17,-0.3482
2013-06-18,-0.1988
2013-06-19,-0.049
2013-06-20,0.0603
2013-06-21,0.0191
2013-06-22,-0.0353
2013-06-23,0.1422
2013-06-24,0.5227
2013-06-25,0.5845
2013-06-26,0.5442
2013-06-27,0.4928
2013-06-28,0.3797
2013-06-29,0.2789
2013-06-30,0.2609
2013-07-01,0.2595
2013-07-02,0.231
2013-07-03,0.2217
2013-07-04,0.1733
2013-07-05,0.2173
2013-07-06,0.3207
2013-07-07,0.4673
2013-07-08,0.6169
2013-07-09,0.5538
2013-07-10,0.4473
2013-07-11,0.4428
2013-07-12,0.4606
2013-07-13,0.4193
2013-07-14,0.4115
2013-07-15,0.4758
2013-07-16,0.5599
2013-07-17,0.5436
2013-07-18,0.4035
2013-07-19,0.2584
2013-07-20,0.1509
2013-07-21,0.1139
2013-07-22,0.1839
2013-07-23,0.0513
2013-07-24,-0.5928
2013-07-25,-0.7185
2013-07-26,-0.737
2013-07-27,-0.6986
2013-07-28,-0.5953
2013-07-29,-0.3929
2013-07-30,-0.2073
2013-07-31,-0.0457
2013-08-01,0.1689
2013-08-02,0.2799
2013-08-03,0.4349
2013-08-04,0.4351
2013-08-05,0.4397
2013-08-06,0.5022
2013-08-07,0.6474
2013-08-08,0.8399
2013-08-09,0.941
2013-08-10,1.0215
2013-08-11,1.0567
2013-08-12,1.1054
2013-08-13,1.0869
2013-08-14,1.0302
2013-08-15,0.9615
2013-08-16,0.9396
2013-08-17,0.9628
2013-08-18,0.9993
2013-08-19,0.9673
2013-08-20,0.9658
2013-08-21,0.861
2013-08-22,0.7435
2013-08-23,0.7984
2013-08-24,0.8616
2013-08-25,0.9047
2013-08-26,0.9612
2013-08-27,0.9938
2013-08-28,0.9567
2013-08-29,0.9431
2013-08-30,0.8491
2013-08-31,0.7208
2013-09-01,0.754
2013-09-02,0.929
2013-09-03,0.9966
2013-09-04,1.0397
2013-09-05,1.1207
2013-09-06,0.9956
2013-09-07,0.7819
2013-09-08,0.5784
2013-09-09,0.3423
2013-09-10,0.2148
2013-09-11,0.2405
2013-09-12,0.2676
2013-09-13,0.2488
2013-09-14,0.2421
2013-09-15,0.2272
2013-09-16,0.0431
2013-09-17,0.1294
2013-09-18,0.2992
2013-09-19,0.2791
2013-09-20,0.3737
2013-09-21,1.2293
2013-09-22,1.2292
2013-09-23,1.1774
2013-09-24,1.0893
2013-09-25,1.0927
2013-09-26,1.1133
2013-09-27,1.123
2013-09-28,1.0915
2013-09-29,1.0918
2013-09-30,1.0934
2013-10-01,1.0815
2013-10-02,1.006
2013-10-03,0.947
2013-10-04,0.8027
2013-10-05,0.7294
2013-10-06,0.6752
2013-10-07,0.6681
2013-10-08,0.7286
2013-10-09,0.7504
2013-10-10,0.7
2013-10-11,0.6147
2013-10-12,0.5815
2013-10-13,0.5306
2013-10-14,0.5257
2013-10-15,0.4985
2013-10-16,0.4198
2013-10-17,0.3629
2013-10-18,0.3464
2013-10-19,0.3133
2013-10-20,0.2619
2013-10-21,-0.3354
2013-10-22,-0.4637
2013-10-23,-0.567
2013-10-24,-0.5776
2013-10-25,-0.6881
2013-10-26,-0.7722
2013-10-27,-0.8298
2013-10-28,-0.7811
2013-10-29,-0.795
2013-10-30,-0.8565
2013-10-31,-0.9276
2013-11-01,-0.9942
2013-11-02,-1.0628
2013-11-03,-1.0169
2013-11-04,-0.9569
2013-11-05,-0.9204
2013-11-06,-0.9254
2013-11-07,-1.0383
2013-11-08,-1.1565
2013-11-09,-1.1913
2013-11-10,-1.2849
2013-11-11,-1.3244
2013-11-12,-1.3363
2013-11-13,-1.4015
2013-11-14,-1.4136
2013-11-15,-1.4111
2013-11-16,-1.4194
2013-11-17,-1.425
2013-11-18,-1.4292
2013-11-19,-0.9366
2013-11-20,-0.2414
2013-11-21,-0.232
2013-11-22,-0.1796
2013-11-23,-0.2196
2013-11-24,-0.2486
2013-11-25,-0.2327
2013-11-26,-0.2899
2013-11-27,-0.3204
2013-11-28,-0.3578
2013-11-29,-0.401
2013-11-30,-0.4318
2013-12-01,-0.4877
2013-12-02,-0.4938
2013-12-03,-0.5048
2013-12-04,-0.5193
2013-12-05,-0.5249
2013-12-06,-0.2874
2013-12-07,-0.2828
2013-12-08,-0.2459
2013-12-09,-0.2422
2013-12-10,-0.2607
2013-12-11,-0.3413
2013-12-12,-0.3708
2013-12-13,-0.3886
2013-12-14,-0.4464
2013-12-15,-0.4714
2013-12-16,-0.4841
2013-12-17,-0.4823
2013-12-18,-0.546
2013-12-19,-0.9694
2013-12-20,-1.5267
2013-12-21,-1.5551
2013-12-22,-1.5699
2013-12-23,-1.5773
2013-12-24,-1.5922
2013-12-25,-1.4964
2013-12-26,-1.4794
2013-12-27,-1.4924
2013-12-28,-1.4956
2013-12-29,-1.4959
2013-12-30,-1.4931
2013-12-31,-1.4884
2014-01-01,-1.4943
2014-01-02,-1.4963
2014-01-03,-1.5085
2014-01-04,-1.5047
2014-01-05,-1.7034
2014-01-06,-1.6993
2014-01-07,-1.6982
2014-01-08,-1.7647
2014-01-09,-1.7778
2014-01-10,-1.7854
2014-01-11,-1.7699
2014-01-12,-1.7813
2014-01-13,-1.7627
2014-01-14,-1.719
2014-01-15,-1.7297
2014-01-16,-1.7539
2014-01-17,-1.7736
2014-01-18,-1.7909
2014-01-19,-1.8288
2014-01-20,-1.9695
2014-01-21,-1.9958
2014-01-22,-1.9914
2014-01-23,-2.088
2014-01-24,-2.0124
2014-01-25,-1.9474
2014-01-26,-1.8842
2014-01-27,-1.8544
2014-01-28,-1.867
2014-01-29,-1.7183
2014-01-30,-1.6449
2014-01-31,-1.5708
2014-02-01,-1.5152
2014-02-02,-1.5171
2014-02-03,-1.4934
2014-02-04,-1.4491
2014-02-05,-1.364
2014-02-06,-1.2966
2014-02-07,-0.9613
2014-02-08,-0.4119
2014-02-09,-0.193
2014-02-10,-0.2122
2014-02-11,-0.2303
2014-02-12,-0.2845
2014-02-13,-0.279
2014-02-14,-0.2924
2014-02-15,-0.2758
2014-02-16,-0.2965
2014-02-17,-0.3434
2014-02-18,-0.3496
2014-02-19,-0.3029
2014-02-20,-0.2902
2014-02-21,-0.2409
2014-02-22,-0.2067
2014-02-23,-0.1793
2014-02-24,-0.1661
2014-02-25,-0.1524
2014-02-26,0.1037
2014-02-27,0.2728
2014-02-28,0.4592
2014-03-01,0.386
2014-03-02,0.3701
2014-03-03,0.4504
2014-03-04,0.4176
2014-03-05,0.5544
2014-03-06,0.5541
2014-03-07,0.4965
2014-03-08,0.4739
2014-03-09,0.2763
2014-03-10,-0.1388
2014-03-11,-0.3272
2014-03-12,-0.3314
2014-03-13,-0.4036
2014-03-14,-0.4153
2014-03-15,-0.4336
2014-03-16,-0.4875
2014-03-17,-0.5136
2014-03-18,-0.4505
2014-03-19,-0.4302
2014-03-20,-0.4346
2014-03-21,-0.3852
2014-03-22,-0.349
2014-03-23,-0.3296
2014-03-24,-0.328
2014-03-25,-0.258
2014-03-26,-0.0606
2014-03-27,-0.039
2014-03-28,-0.2457
2014-03-29,-0.0582
2014-03-30,-0.3981
2014-03-31,-0.2649
2014-04-01,-0.0719
2014-04-02,-0.1977
2014-04-03,-0.1525
2014-04-04,-0.2407
2014-04-05,-0.194
2014-04-06,-0.2145
2014-04-07,-0.2528
2014-04-08,-0.2865
2014-04-09,-0.3394
2014-04-10,-0.3196
2014-04-11,-0.3011
2014-04-12,-0.2557
2014-04-13,-0.2346
2014-04-14,-0.2005
2014-04-15,-0.1472
2014-04-16,-0.1628
2014-04-17,-0.2021
2014-04-18,-0.1746
2014-04-19,-0.1473
2014-04-20,-0.1647
2014-04-21,-0.0901
2014-04-22,0.0044
2014-04-23,0.1041
2014-04-24,0.1956
2014-04-25,0.4653
2014-04-26,0.4863
2014-04-27,0.4852
2014-04-28,-0.0007
2014-04-29,-0.0493
2014-04-30,-0.2779
2014-05-01,-0.6943
2014-05-02,-0.7621
2014-05-03,-0.7946
2014-05-04,-0.7991
2014-05-05,-0.6912
2014-05-06,-0.557
2014-05-07,-0.432
2014-05-08,-0.2927
2014-05-09,-0.1678
2014-05-10,-0.0531
2014-05-11,0.033
2014-05-12,0.0629
2014-05-13,0.0521
2014-05-14,0.0032
2014-05-15,-0.0981
2014-05-16,-0.0799
2014-05-17,-0.0068
2014-05-18,0.0235
2014-05-19,0.0782
2014-05-20,0.2134
2014-05-21,0.2806
2014-05-22,0.287
2014-05-23,0.2929
2014-05-24,0.1542
2014-05-25,-0.6816
2014-05-26,-0.7958
2014-05-27,-0.8865
2014-05-28,-0.8564
2014-05-29,-0.8171
2014-05-30,-0.7503
2014-05-31,-0.6402
2014-06-01,-0.6095
2014-06-02,-0.6045
2014-06-03,-0.6276
2014-06-04,-0.7326
2014-06-05,-0.8398
2014-06-06,-0.9033
2014-06-07,-1.0177
2014-06-08,-1.1672
2014-06-09,-1.3757
2014-06-10,-1.4994
2014-06-11,-1.5414
2014-06-12,-1.4896
2014-06-13,-1.3822
2014-06-14,-1.2831
2014-06-15,-1.1676
2014-06-16,-1.0516
2014-06-17,-0.987
2014-06-18,-1.0296
2014-06-19,-1.1474
2014-06-20,-1.3352
2014-06-21,-1.2706
2014-06-22,-1.1781
2014-06-23,-1.1697
2014-06-24,-1.0669
2014-06-25,-0.7781
2014-06-26,-0.6119
2014-06-27,-0.6247
2014-06-28,-0.6023
2014-06-29,-0.627
2014-06-30,-0.6688
2014-07-01,-0.6252
2014-07-02,-0.5948
2014-07-03,-0.6119
2014-07-04,-0.6176
2014-07-05,-0.6123
2014-07-06,-0.5837
2014-07-07,-0.4292
2014-07-08,-0.296
2014-07-09,-0.0965
2014-07-10,0.1009
2014-07-11,0.2108
2014-07-12,0.2318
2014-07-13,0.2064
2014-07-14,0.1572
2014-07-15,0.1644
2014-07-16,0.1526
2014-07-17,0.1534
2014-07-18,0.2488
2014-07-19,0.2932
2014-07-20,0.4144
2014-07-21,0.4601
2014-07-22,0.5326
2014-07-23,0.6496
2014-07-24,0.7108
2014-07-25,0.5651
2014-07-26,0.4521
2014-07-27,0.4395
2014-07-28,0.4712
2014-07-29,0.5767
2014-07-30,0.6821
2014-07-31,0.7259
2014-08-01,0.6591
2014-08-02,0.6691
2014-08-03,0.9392
2014-08-04,1.1711
2014-08-05,1.3211
2014-08-06,1.2368
2014-08-07,1.2641
2014-08-08,1.2695
2014-08-09,1.1919
2014-08-10,1.1677
2014-08-11,1.0952
2014-08-12,1.1333
2014-08-13,1.2043
2014-08-14,1.1496
2014-08-15,1.0851
2014-08-16,1.0194
2014-08-17,0.8796
2014-08-18,0.8525
2014-08-19,0.8119
2014-08-20,0.7484
2014-08-21,0.6115
2014-08-22,0.4667
2014-08-23,0.4543
2014-08-24,0.5607
2014-08-25,0.7443
2014-08-26,0.7873
2014-08-27,0.8103
2014-08-28,0.8178
2014-08-29,0.9008
2014-08-30,0.9516
2014-08-31,1.1081
2014-09-01,1.0735
2014-09-02,0.8784
2014-09-03,0.7127
2014-09-04,0.6073
2014-09-05,0.5947
2014-09-06,0.6307
2014-09-07,0.6106
2014-09-08,0.6628
2014-09-09,0.5977
2014-09-10,0.5693
2014-09-11,0.3845
2014-09-12,0.1307
2014-09-13,-0.079
2014-09-14,-0.2366
2014-09-15,-0.427
2014-09-16,-0.528
2014-09-17,-0.6091
2014-09-18,-0.5932
2014-09-19,-0.6091
2014-09-20,-0.543
2014-09-21,-0.4758
2014-09-22,-0.5269
2014-09-23,-0.6102
2014-09-24,-0.7203
2014-09-25,0.1769
2014-09-26,0.2785
2014-09-27,0.3806
2014-09-28,0.4611
2014-09-29,0.5069
2014-09-30,0.5017
2014-10-01,0.5124
2014-10-02,0.4621
2014-10-03,0.3007
2014-10-04,0.0721
2014-10-05,-0.0528
2014-10-06,-0.1481
2014-10-07,-0.2214
2014-10-08,-0.327
2014-10-09,-0.4326
2014-10-10,-0.4488
2014-10-11,-0.4543
2014-10-12,-0.4275
2014-10-13,-0.4608
2014-10-14,-0.4331
2014-10-15,-0.3849
2014-10-16,-0.4008
2014-10-17,-0.3694
2014-10-18,-0.3812
2014-10-19,-0.4501
2014-10-20,-0.4589
2014-10-21,-0.4983
2014-10-22,-0.5284
2014-10-23,-0.567
2014-10-24,-0.5716
2014-10-25,-0.7856
2014-10-26,-0.8201
2014-10-27,-0.8647
2014-10-28,-0.9405
2014-10-29,-1.013
2014-10-30,-1.1022
2014-10-31,-0.3955
2014-11-01,-0.3109
2014-11-02,-0.2639
2014-11-03,-0.1636
2014-11-04,-0.0888
2014-11-05,-0.0502
2014-11-06,-0.0441
2014-11-07,-0.0658
2014-11-08,-0.1433
2014-11-09,-0.2138
2014-11-10,-0.3525
2014-11-11,-0.3751
2014-11-12,-0.1913
2014-11-13,-0.1149
2014-11-14,-0.1449
2014-11-15,-0.1699
2014-11-16,-0.2512
2014-11-17,-0.3217
2014-11-18,-0.3171
2014-11-19,-0.3209
2014-11-20,-0.2779
2014-11-21,-0.2695
2014-11-22,-0.0505
2014-11-23,-0.0773
2014-11-24,-0.2553
2014-11-25,-0.268
2014-11-26,-0.3564
2014-11-27,-0.371
2014-11-28,-0.3434
2014-11-29,-0.2012
2014-11-30,-0.3552
2014-12-01,-0.4172
2014-12-02,0.0612
2014-12-03,0.32
2014-12-04,0.3013
2014-12-05,0.3402
2014-12-06,0.316
2014-12-07,0.3128
2014-12-08,0.3237
2014-12-09,0.3223
2014-12-10,0.3845
2014-12-11,1.4028
2014-12-12,1.4358
2014-12-13,1.4126
2014-12-14,1.4181
2014-12-15,1.5494
2014-12-16,1.6797
2014-12-17,1.7515
2014-12-18,1.7699
2014-12-19,1.9455
2014-12-20,2.0146
2014-12-21,1.9388
2014-12-22,1.788
2014-12-23,1.7728
2014-12-24,1.7929
2014-12-25,1.6995
2014-12-26,1.7069
2014-12-27,1.7262
2014-12-28,1.6893
2014-12-29,1.6306
2014-12-30,1.5435
2014-12-31,1.5492
2015-01-01,1.2007
2015-01-02,0.9399
2015-01-03,0.8905
2015-01-04,0.764
2015-01-05,0.7309
2015-01-06,0.729
2015-01-07,0.6914
2015-01-08,0.6865
2015-01-09,0.6538
2015-01-10,-0.5796
2015-01-11,-0.6871
2015-01-12,-0.6951
2015-01-13,-0.6951
2015-01-14,-0.969
2015-01-15,-1.1761
2015-01-16,-1.2491
2015-01-17,-1.2483
2015-01-18,-1.5296
2015-01-19,-1.5836
2015-01-20,-1.6681
2015-01-21,-1.6462
2015-01-22,-1.6408
2015-01-23,-1.7679
2015-01-24,-1.7
2015-01-25,-1.6502
2015-01-26,-1.5967
2015-01-27,-1.5595
2015-01-28,-1.5603
2015-01-29,-1.5943
2015-01-30,-1.5931
2015-01-31,-1.5391
2015-02-01,-1.4986
2015-02-02,-1.5555
2015-02-03,-1.5533
2015-02-04,-1.5308
2015-02-05,-1.5223
2015-02-06,-1.0574
2015-02-07,-0.6659
2015-02-08,-0.2079
2015-02-09,-0.2269
2015-02-10,-0.2599
2015-02-11,-0.2874
2015-02-12,-0.3583
2015-02-13,-0.3704
2015-02-14,-0.4079
2015-02-15,-0.4591
2015-02-16,-0.5009
2015-02-17,-0.5644
2015-02-18,-0.594
2015-02-19,-0.5614
2015-02-20,-0.5439
2015-02-21,-0.4912
2015-02-22,-0.4075
2015-02-23,-0.3793
2015-02-24,-0.3662
2015-02-25,-0.349
2015-02-26,-0.3433
2015-02-27,-0.3376
2015-02-28,-0.2955
2015-03-01,-0.3504
2015-03-02,-0.4043
2015-03-03,-0.4718
2015-03-04,-0.5066
2015-03-05,-0.5782
2015-03-06,-0.6124
2015-03-07,-0.627
2015-03-08,-0.9937
2015-03-09,-1.306
2015-03-10,-1.7099
2015-03-11,-1.642
2015-03-12,-1.6345
2015-03-13,-1.6639
2015-03-14,-1.746
2015-03-15,-1.8496
2015-03-16,-1.9905
2015-03-17,-1.947
2015-03-18,-1.9121
2015-03-19,-1.8872
2015-03-20,-1.8468
2015-03-21,-1.7865
2015-03-22,-1.7433
2015-03-23,-1.6916
2015-03-24,-1.7127
2015-03-25,-1.7081
2015-03-26,-1.6946
2015-03-27,-1.6506
2015-03-28,-1.5968
2015-03-29,-1.5865
2015-03-30,-1.664
2015-03-31,-1.5956
2015-04-01,-1.5854
2015-04-02,-1.5496
2015-04-03,-1.5433
2015-04-04,-1.5265
2015-04-05,-1.4741
2015-04-06,-1.4069
2015-04-07,-0.8726
2015-04-08,-0.8606
2015-04-09,-0.8471
2015-04-10,-0.9032
2015-04-11,-0.8832
2015-04-12,-0.8604
2015-04-13,-0.8482
2015-04-14,-0.801
2015-04-15,-0.7765
2015-04-16,-0.809
2015-04-17,-0.8722
2015-04-18,-0.8952
2015-04-19,-0.9454
2015-04-20,-0.948
2015-04-21,-0.9094
2015-04-22,-0.8788
2015-04-23,-0.9054
2015-04-24,-0.3075
2015-04-25,-0.1198
2015-04-26,-0.0533
2015-04-27,-0.0659
2015-04-28,-0.0546
2015-04-29,-0.0252
2015-04-30,-0.0278
2015-05-01,-0.0628
2015-05-02,-0.1
2015-05-03,-0.1252
2015-05-04,-0.1056
2015-05-05,-0.0617
2015-05-06,-0.0306
2015-05-07,-0.6674
2015-05-08,-0.6005
2015-05-09,-0.5338
2015-05-10,-0.4973
2015-05-11,-0.4191
2015-05-12,-0.3038
2015-05-13,-0.193
2015-05-14,0.0464
2015-05-15,0.0282
2015-05-16,0.095
2015-05-17,0.211
2015-05-18,0.2686
2015-05-19,0.3316
2015-05-20,0.4322
2015-05-21,0.447
2015-05-22,0.4984
2015-05-23,0.5775
2015-05-24,0.0937
2015-05-25,0.0276
2015-05-26,0.041
2015-05-27,0.0676
2015-05-28,0.1317
2015-05-29,0.1564
2015-05-30,0.1728
2015-05-31,0.2388
2015-06-01,0.2996
2015-06-02,0.3282
2015-06-03,0.3508
2015-06-04,0.3841
2015-06-05,0.3948
2015-06-06,0.2572
2015-06-07,0.1906
2015-06-08,0.1265
2015-06-09,0.1597
2015-06-10,0.2205
2015-06-11,0.1777
2015-06-12,0.1032
2015-06-13,-0.3067
2015-06-14,-0.4005
2015-06-15,-0.4173
2015-06-16,-0.5159
2015-06-17,-0.599
2015-06-18,-0.6579
2015-06-19,-0.7108
2015-06-20,-0.8269
2015-06-21,-0.9311
2015-06-22,-1.0162
2015-06-23,-1.0522
2015-06-24,-1.1421
2015-06-25,-1.2772
2015-06-26,-1.4483
2015-06-27,-1.4893
2015-06-28,-1.4639
2015-06-29,-1.4484
2015-06-30,-1.5173
2015-07-01,-1.4922
2015-07-02,-1.374
2015-07-03,-1.4071
2015-07-04,-1.4705
2015-07-05,-1.4631
2015-07-06,-1.4052
2015-07-07,-1.2662
2015-07-08,-0.9787
2015-07-09,-0.8206
2015-07-10,-0.8098
2015-07-11,-0.6864
2015-07-12,-0.4713
2015-07-13,-0.2698
2015-07-14,-0.1681
2015-07-15,-0.1493
2015-07-16,-0.1095
2015-07-17,-0.0464
2015-07-18,0.0658
2015-07-19,0.1534
2015-07-20,0.2393
2015-07-21,0.2481
2015-07-22,0.2833
2015-07-23,0.372
2015-07-24,0.4991
2015-07-25,0.6787
2015-07-26,0.8762
2015-07-27,0.9227
2015-07-28,0.9977
2015-07-29,1.0356
2015-07-30,1.1646
2015-07-31,1.2697
2015-08-01,1.3835
2015-08-02,1.5105
2015-08-03,1.6551
2015-08-04,1.7002
2015-08-05,1.6629
2015-08-06,1.5238
2015-08-07,1.4398
2015-08-08,1.3314
2015-08-09,1.1919
2015-08-10,1.1771
2015-08-11,1.1142
2015-08-12,1.096
2015-08-13,1.0682
2015-08-14,1.0953
2015-08-15,1.0943
2015-08-16,1.0774
2015-08-17,0.9215
2015-08-18,0.8199
2015-08-19,0.7659
2015-08-20,0.772
2015-08-21,0.7087
2015-08-22,0.6201
2015-08-23,0.5718
2015-08-24,0.5066
2015-08-25,0.3668
2015-08-26,0.2625
2015-08-27,0.2747
2015-08-28,0.3453
2015-08-29,0.5167
2015-08-30,0.5741
2015-08-31,0.4668
2015-09-01,0.386
2015-09-02,0.423
2015-09-03,0.3933
2015-09-04,0.4252
2015-09-05,0.3943
2015-09-06,0.3854
2015-09-07,0.2784
2015-09-08,0.0999
2015-09-09,-0.2351
2015-09-10,-0.5149
2015-09-11,-0.7358
2015-09-12,-0.6442
2015-09-13,-0.7282
2015-09-14,-0.4585
2015-09-15,-0.263
2015-09-16,-0.0721
2015-09-17,0.1143
2015-09-18,0.1614
2015-09-19,0.0759
2015-09-20,-0.054
2015-09-21,-0.1989
2015-09-22,-0.3074
2015-09-23,-0.3217
2015-09-24,-0.2981
2015-09-25,-0.3229
2015-09-26,-0.3296
2015-09-27,-0.2506
2015-09-28,-0.339
2015-09-29,-0.2752
2015-09-30,0.0617
2015-10-01,0.4065
2015-10-02,0.312
2015-10-03,0.1194
2015-10-04,-0.0505
2015-10-05,-0.1148
2015-10-06,-0.1136
2015-10-07,-0.111
2015-10-08,-0.0604
2015-10-09,-0.0857
2015-10-10,-0.1344
2015-10-11,-0.1834
2015-10-12,-0.3185
2015-10-13,-0.4265
2015-10-14,-0.5428
2015-10-15,-0.6117
2015-10-16,-0.5944
2015-10-17,-0.4917
2015-10-18,-0.4489
2015-10-19,-0.4197
2015-10-20,-0.3676
2015-10-21,-0.3539
2015-10-22,-0.3682
2015-10-23,-0.4387
2015-10-24,-0.4299
2015-10-25,-0.4326
2015-10-26,-0.4564
2015-10-27,-0.3535
2015-10-28,-0.3137
2015-10-29,-0.3992
2015-10-30,-0.6074
2015-10-31,-0.8851
2015-11-01,-0.4903
2015-11-02,0.2577
2015-11-03,0.3052
2015-11-04,0.3283
2015-11-05,0.3296
2015-11-06,0.3282
2015-11-07,0.2953
2015-11-08,0.6828
2015-11-09,0.8309
2015-11-10,0.7565
2015-11-11,0.7353
2015-11-12,0.7289
2015-11-13,0.6619
2015-11-14,0.6592
2015-11-15,0.7718
2015-11-16,0.6326
2015-11-17,0.5242
2015-11-18,0.5079
2015-11-19,0.4627
2015-11-20,0.4428
2015-11-21,0.4432
2015-11-22,0.4681
2015-11-23,0.4418
2015-11-24,0.5539
2015-11-25,0.6192
2015-11-26,0.5111
2015-11-27,0.5023
2015-11-28,0.4981
2015-11-29,0.4695
2015-11-30,0.4284
2015-12-01,0.1592
2015-12-02,-0.3665
2015-12-03,-0.2819
2015-12-04,-0.3139
2015-12-05,-0.3394
2015-12-06,-0.4108
2015-12-07,-0.4413
2015-12-08,-0.853
2015-12-09,-1.0538
2015-12-10,-0.7231
2015-12-11,-0.7688
2015-12-12,-0.8165
2015-12-13,-0.6056
2015-12-14,-0.6784
2015-12-15,-0.8693
2015-12-16,-0.8678
2015-12-17,-0.8697
2015-12-18,-0.5999
2015-12-19,-0.4805
2015-12-20,-0.4367
2015-12-21,0.4165
2015-12-22,0.4445
2015-12-23,0.4832
2015-12-24,0.5151
2015-12-25,0.4435
2015-12-26,0.4873
2015-12-27,0.5383
2015-12-28,0.5256
2015-12-29,0.5282
2015-12-30,0.5272
2015-12-31,0.5662
2016-01-01,0.5685
2016-01-02,0.459
2016-01-03,0.4072
2016-01-04,0.4624
2016-01-05,0.7948
2016-01-06,0.9665
2016-01-07,0.9361
2016-01-08,0.952
2016-01-09,0.7574
2016-01-10,0.7538
2016-01-11,0.7754
2016-01-12,0.6395
2016-01-13,0.6912
2016-01-14,0.7291
2016-01-15,0.7899
2016-01-16,0.7868
2016-01-17,0.9393
2016-01-18,1.0358
2016-01-19,1.2818
2016-01-20,0.8389
2016-01-21,0.8201
2016-01-22,0.9594
2016-01-23,0.8682
2016-01-24,0.8244
2016-01-25,0.7817
2016-01-26,0.7259
2016-01-27,0.7163
2016-01-28,0.7554
2016-01-29,0.9271
2016-01-30,0.9166
2016-01-31,0.9676
2016-02-01,1.0099
2016-02-02,1.0295
2016-02-03,0.9493
2016-02-04,0.7122
2016-02-05,0.5934
2016-02-06,0.5973
2016-02-07,0.5912
2016-02-08,0.5276
2016-02-09,0.5134
2016-02-10,0.4871
2016-02-11,0.4609
2016-02-12,0.3657
2016-02-13,0.2967
2016-02-14,0.189
2016-02-15,0.1267
2016-02-16,-0.2985
2016-02-17,-0.3434
2016-02-18,-0.7793
2016-02-19,-0.7521
2016-02-20,-0.7405
2016-02-21,-1.0127
2016-02-22,-1.0491
2016-02-23,-1.0378
2016-02-24,-1.0136
2016-02-25,-0.9858
2016-02-26,-0.9984
2016-02-27,-1.0318
2016-02-28,-1.3208
2016-03-01,-1.4445
2016-03-02,-1.5386
2016-03-03,-1.5245
2016-03-04,-1.2997
2016-03-05,-0.8325
2016-03-06,-0.4474
2016-03-07,-0.3245
2016-03-08,-0.2832
2016-03-09,-0.2221
2016-03-10,-0.1262
2016-03-11,0.3508
2016-03-12,0.4724
2016-03-13,0.9009
2016-03-14,0.9722
2016-03-15,1.0286
2016-03-16,1.0855
2016-03-17,1.1186
2016-03-18,1.1891
2016-03-19,1.0204
2016-03-20,0.9895
2016-03-21,1.054
2016-03-22,1.0165
2016-03-23,0.9761
2016-03-24,0.9188
2016-03-25,0.879
2016-03-26,0.8385
2016-03-27,0.8291
2016-03-28,0.8612
2016-03-29,0.8828
2016-03-30,0.9037
2016-03-31,0.9238
2016-04-01,0.9595
2016-04-02,0.9773
2016-04-03,0.794
2016-04-04,0.4472
2016-04-05,0.1064
2016-04-06,-0.0455
2016-04-07,-0.0868
2016-04-08,0.2058
2016-04-09,0.5693
2016-04-10,0.2832
2016-04-11,0.2091
2016-04-12,-0.2578
2016-04-13,-0.207
2016-04-14,-0.1413
2016-04-15,-0.091
2016-04-16,-0.0838
2016-04-17,-0.1124
2016-04-18,-0.1117
2016-04-19,-0.1473
2016-04-20,-0.3084
2016-04-21,-0.2507
2016-04-22,0.0319
2016-04-23,0.1156
2016-04-24,0.1696
2016-04-25,0.2416
2016-04-26,0.2758
2016-04-27,0.4532
2016-04-28,0.4496
2016-04-29,0.4683
2016-04-30,0.5098
2016-05-01,0.5186
2016-05-02,0.519
2016-05-03,0.5238
2016-05-04,0.5898
2016-05-05,0.7178
2016-05-06,0.9509
2016-05-07,1.0676
2016-05-08,0.7464
2016-05-09,0.1282
2016-05-10,0.0847
2016-05-11,0.117
2016-05-12,0.1114
2016-05-13,0.0598
2016-05-14,-0.0007
2016-05-15,-0.067
2016-05-16,-0.0315
2016-05-17,0.0117
2016-05-18,0.0093
2016-05-19,0.0572
2016-05-20,0.1997
2016-05-21,0.2381
2016-05-22,0.024
2016-05-23,0.0751
2016-05-24,0.1241
2016-05-25,0.1525
2016-05-26,0.1452
2016-05-27,-0.222
2016-05-28,-0.2208
2016-05-29,-0.2405
2016-05-30,-0.2627
2016-05-31,-0.2714
2016-06-01,-0.3093
2016-06-02,-0.3357
2016-06-03,-0.4103
2016-06-04,-0.5519
2016-06-05,-0.8904
2016-06-06,-1.1105
2016-06-07,-1.2271
2016-06-08,-1.2537
2016-06-09,-1.2152
2016-06-10,-1.1885
2016-06-11,-1.1714
2016-06-12,-1.2014
2016-06-13,-1.2483
2016-06-14,-1.2116
2016-06-15,-1.0672
2016-06-16,-0.8898
2016-06-17,-0.7117
2016-06-18,-0.5748
2016-06-19,-0.6475
2016-06-20,-0.7402
2016-06-21,-0.9126
2016-06-22,-1.0557
2016-06-23,-1.2139
2016-06-24,-1.2647
2016-06-25,-1.3579
2016-06-26,-1.4603
2016-06-27,-1.5482
2016-06-28,-1.6868
2016-06-29,-1.6669
2016-06-30,-1.5527
2016-07-01,-1.3755
2016-07-02,-1.1729
2016-07-03,-1.0612
2016-07-04,-0.9902
2016-07-05,-0.8864
2016-07-06,-0.7316
2016-07-07,-0.5731
2016-07-08,-0.494
2016-07-09,-0.4344
2016-07-10,-0.3463
2016-07-11,-0.3235
2016-07-12,-0.303
2016-07-13,-0.3471
2016-07-14,-0.5146
2016-07-15,-0.7539
2016-07-16,-0.8666
2016-07-17,-0.9142
2016-07-18,-0.9606
2016-07-19,-0.9292
2016-07-20,-0.9067
2016-07-21,-0.8253
2016-07-22,-0.8244
2016-07-23,-0.904
2016-07-24,-1.0061
2016-07-25,-1.0089
2016-07-26,-0.9991
2016-07-27,-1.0125
2016-07-28,-0.9893
2016-07-29,-1.0283
2016-07-30,-1.0358
2016-07-31,-1.0018
2016-08-01,-1.0158
2016-08-02,-1.0797
2016-08-03,-1.1599
2016-08-04,-1.202
2016-08-05,-1.2158
2016-08-06,-1.2811
2016-08-07,-1.3065
2016-08-08,-1.3707
2016-08-09,-1.4438
2016-08-10,-1.5141
2016-08-11,-1.5604
2016-08-12,-1.5201
2016-08-13,-1.5563
2016-08-14,-1.6069
2016-08-15,-1.6781
2016-08-16,-1.7131
2016-08-17,-1.8455
2016-08-18,-1.9782
2016-08-19,-2.0818
2016-08-20,-2.1312
2016-08-21,-2.0543
2016-08-22,-1.9018
2016-08-23,-1.7182
2016-08-24,-1.6325
2016-08-25,-1.5604
2016-08-26,-1.4109
2016-08-27,-1.275
2016-08-28,-1.1341
2016-08-29,-1.0299
2016-08-30,-1.0232
2016-08-31,-1.0047
2016-09-01,-0.9154
2016-09-02,-0.7455
2016-09-03,-0.601
2016-09-04,-0.4797
2016-09-05,-0.3986
2016-09-06,-0.3935
2016-09-07,-0.4428
2016-09-08,-0.4951
2016-09-09,-0.5959
2016-09-10,-0.6024
2016-09-11,-0.5382
2016-09-12,-0.2848
2016-09-13,0.0896
2016-09-14,0.225
2016-09-15,0.262
2016-09-16,0.2016
2016-09-17,0.0991
2016-09-18,0.0166
2016-09-19,-0.0978
2016-09-20,-0.0833
2016-09-21,-0.0695
2016-09-22,0.0291
2016-09-23,0.0899
2016-09-24,0.1254
2016-09-25,-0.0134
2016-09-26,-0.2075
2016-09-27,-0.3478
2016-09-28,-0.487
2016-09-29,-0.5155
2016-09-30,-0.4701
2016-10-01,-0.4434
2016-10-02,-0.4096
2016-10-03,-0.412
2016-10-04,-0.557
2016-10-05,-0.5518
2016-10-06,-0.5151
2016-10-07,-0.4878
2016-10-08,-0.5355
2016-10-09,-0.6041
2016-10-10,-0.6393
2016-10-11,-0.634
2016-10-12,-0.6719
2016-10-13,-0.7474
2016-10-14,-0.1725
2016-10-15,0.1466
2016-10-16,1.2405
2016-10-17,1.2825
2016-10-18,1.3356
2016-10-19,1.3481
2016-10-20,1.3422
2016-10-21,1.3287
2016-10-22,1.304
2016-10-23,1.2171
2016-10-24,1.168
2016-10-25,1.1476
2016-10-26,1.0478
2016-10-27,1.3472
2016-10-28,1.6596
2016-10-29,1.6188
2016-10-30,1.6975
2016-10-31,1.6746
2016-11-01,1.6731
2016-11-02,1.6657
2016-11-03,1.6556
2016-11-04,1.6459
2016-11-05,1.6426
2016-11-06,1.6466
2016-11-07,1.6229
2016-11-08,1.6179
2016-11-09,1.6294
2016-11-10,1.5992
2016-11-11,1.5585
2016-11-12,1.5164
2016-11-13,1.3051
2016-11-14,1.1711
2016-11-15,0.5679
2016-11-16,0.4742
2016-11-17,0.3665
2016-11-18,0.3502
2016-11-19,0.6307
2016-11-20,0.8637
2016-11-21,0.8631
2016-11-22,0.938
2016-11-23,0.9149
2016-11-24,0.8945
2016-11-25,0.9389
2016-11-26,0.9701
2016-11-27,0.5153
2016-11-28,0.4903
2016-11-29,0.1645
2016-11-30,0.0886
2016-12-01,0.0017
2016-12-02,-0.046
2016-12-03,-0.0656
2016-12-04,-0.0867
2016-12-05,-0.105
2016-12-06,-0.1518
2016-12-07,-0.0301
2016-12-08,0.0828
2016-12-09,0.1568
2016-12-10,0.4692
2016-12-11,0.4168
2016-12-12,0.4192
2016-12-13,0.4268
2016-12-14,0.3923
2016-12-15,1.0367
2016-12-16,1.03
2016-12-17,1.0791
2016-12-18,1.0751
2016-12-19,0.8521
2016-12-20,0.5449
2016-12-21,0.4385
2016-12-22,0.2888
2016-12-23,0.6674
2016-12-24,0.6605
2016-12-25,0.5984
2016-12-26,0.2556
2016-12-27,0.2375
2016-12-28,0.1758
2016-12-29,0.1699
2016-12-30,0.1691
2016-12-31,0.2632
2017-01-01,0.2907
2017-01-02,0.3428
2017-01-03,0.6284
2017-01-04,0.793
2017-01-05,0.7613
2017-01-06,0.7413
2017-01-07,0.9987
2017-01-08,1.2102
2017-01-09,1.2812
2017-01-10,1.7695
2017-01-11,1.817
2017-01-12,1.8173
2017-01-13,1.8177
2017-01-14,1.4485
2017-01-15,1.4222
2017-01-16,1.463
2017-01-17,1.4619
2017-01-18,1.6505
2017-01-19,1.7186
2017-01-20,1.9268
2017-01-21,1.9263
2017-01-22,1.8617
2017-01-23,1.8831
2017-01-24,1.8486
2017-01-25,1.8227
2017-01-26,1.7746
2017-01-27,1.7438
2017-01-28,1.7396
2017-01-29,1.7449
2017-01-30,1.7242
2017-01-31,1.7431
2017-02-01,1.7498
2017-02-02,1.6339
2017-02-03,1.6092
2017-02-04,1.6038
2017-02-05,1.6381
2017-02-06,1.6119
2017-02-07,1.5876
2017-02-08,1.5274
2017-02-09,1.4135
2017-02-10,1.4401
2017-02-11,1.4437
2017-02-12,1.4114
2017-02-13,1.3854
2017-02-14,1.3718
2017-02-15,1.3832
2017-02-16,1.3754
2017-02-17,1.2549
2017-02-18,1.1711
2017-02-19,1.0816
2017-02-20,1.3065
2017-02-21,1.3021
2017-02-22,1.347
2017-02-23,1.3907
2017-02-24,1.4008
2017-02-25,1.3989
2017-02-26,1.4142
2017-02-27,1.4166
2017-02-28,1.4328
2017-03-01,1.4267
2017-03-02,1.4078
2017-03-03,1.3386
2017-03-04,1.429
2017-03-05,1.3513
2017-03-06,1.3687
2017-03-07,1.261
2017-03-08,1.0127
2017-03-09,0.7845
2017-03-10,0.6944
2017-03-11,0.2327
2017-03-12,0.0703
2017-03-13,-0.0038
2017-03-14,-0.0127
2017-03-15,-0.0151
2017-03-16,-0.02
2017-03-17,-0.03
2017-03-18,-0.0609
2017-03-19,-0.2089
2017-03-20,0.0672
2017-03-21,0.1521
2017-03-22,-0.2747
2017-03-23,-0.4905
2017-03-24,-0.3369
2017-03-25,-0.3194
2017-03-26,-0.2995
2017-03-27,-0.2937
2017-03-28,-0.2825
2017-03-29,-0.2819
2017-03-30,-0.2738
2017-03-31,-0.2649
2017-04-01,-0.2364
2017-04-02,-0.2035
2017-04-03,-0.31
2017-04-04,-0.281
2017-04-05,-0.2605
2017-04-06,-0.0247
2017-04-07,0.2476
2017-04-08,0.3417
2017-04-09,0.3624
2017-04-10,0.4166
2017-04-11,0.444
2017-04-12,0.6121
2017-04-13,0.7698
2017-04-14,0.841
2017-04-15,0.9106
2017-04-16,1.1103
2017-04-17,1.2732
2017-04-18,1.349
2017-04-19,1.2994
2017-04-20,1.1172
2017-04-21,0.9667
2017-04-22,1.0237
2017-04-23,1.0065
2017-04-24,1.0674
2017-04-25,1.0432
2017-04-26,1.0781
2017-04-27,1.0786
2017-04-28,1.088
2017-04-29,1.0851
2017-04-30,1.1459
2017-05-01,1.1696
2017-05-02,1.1877
2017-05-03,1.238
2017-05-04,1.3012
2017-05-05,1.3034
2017-05-06,1.0965
2017-05-07,0.781
2017-05-08,0.6903
2017-05-09,0.7067
2017-05-10,0.7396
2017-05-11,0.7982
2017-05-12,0.6929
2017-05-13,0.5404
2017-05-14,0.5366
2017-05-15,0.4778
2017-05-16,0.144
2017-05-17,-0.2142
2017-05-18,-0.373
2017-05-19,-0.4326
2017-05-20,-0.4536
2017-05-21,-0.5084
2017-05-22,-0.5588
2017-05-23,-0.6433
2017-05-24,-0.7641
2017-05-25,-0.74
2017-05-26,-0.7552
2017-05-27,-0.7761
2017-05-28,-0.7913
2017-05-29,-0.7619
2017-05-30,-0.6078
2017-05-31,-0.3167
2017-06-01,-0.2607
2017-06-02,-0.22
2017-06-03,-0.1737
2017-06-04,-0.1937
2017-06-05,-0.3195
2017-06-06,-0.3974
2017-06-07,-0.3828
2017-06-08,-0.21
2017-06-09,-0.1526
2017-06-10,-0.1327
2017-06-11,-0.0762
2017-06-12,-0.0384
2017-06-13,-0.0392
2017-06-14,-0.0561
2017-06-15,-0.1151
2017-06-16,-0.15
2017-06-17,-0.1054
2017-06-18,-0.0772
2017-06-19,-0.0608
2017-06-20,0.0138
2017-06-21,0.0427
2017-06-22,0.085
2017-06-23,0.1124
2017-06-24,0.0486
2017-06-25,-0.0485
2017-06-26,-0.0513
2017-06-27,-0.0063
2017-06-28,-0.0343
2017-06-29,-0.2296
2017-06-30,-0.6592
2017-07-01,-0.6252
2017-07-02,-0.5948
2017-07-03,-0.5722
2017-07-04,-0.5695
2017-07-05,-0.5292
2017-07-06,-0.4794
2017-07-07,-0.537
2017-07-08,-0.8504
2017-07-09,-1.043
2017-07-10,-1.2055
2017-07-11,-1.5006
2017-07-12,-1.6412
2017-07-13,-1.6537
2017-07-14,-1.6012
2017-07-15,-1.5523
2017-07-16,-1.5916
2017-07-17,-1.6129
2017-07-18,-1.5577
2017-07-19,-1.4638
2017-07-20,-1.3742
2017-07-21,-1.3107
2017-07-22,-1.287
2017-07-23,-1.3008
2017-07-24,-1.2854
2017-07-25,-1.2769
2017-07-26,-1.3
2017-07-27,-1.3934
2017-07-28,-1.4927
2017-07-29,-1.521
2017-07-30,-1.5695
2017-07-31,-1.7496
2017-08-01,-1.9061
2017-08-02,-2.0602
2017-08-03,-2.0249
2017-08-04,-1.921
2017-08-05,-1.8249
2017-08-06,-1.718
2017-08-07,-1.5072
2017-08-08,-1.3334
2017-08-09,-1.1918
2017-08-10,-1.0968
2017-08-11,-1.0793
2017-08-12,-1.0919
2017-08-13,-1.1113
2017-08-14,-0.9901
2017-08-15,-0.7252
2017-08-16,-0.4799
2017-08-17,-0.4219
2017-08-18,-0.3909
2017-08-19,-0.4605
2017-08-20,-0.4083
2017-08-21,-0.2029
2017-08-22,-0.1049
2017-08-23,-0.1196
2017-08-24,-0.1792
2017-08-25,-0.2856
2017-08-26,-0.3828
2017-08-27,-0.4373
2017-08-28,-0.5544
2017-08-29,-0.5935
2017-08-30,-0.6517
2017-08-31,-0.6675
2017-09-01,-0.6548
2017-09-02,-0.8128
2017-09-03,-1.075
2017-09-04,-1.0676
2017-09-05,-1.0067
2017-09-06,-1.0625
2017-09-07,-0.8939
2017-09-08,-0.882
2017-09-09,-0.9676
2017-09-10,-1.0438
2017-09-11,-1.0363
2017-09-12,-1.0562
2017-09-13,-1.1928
2017-09-14,-1.2188
2017-09-15,-1.3323
2017-09-16,-1.303
2017-09-17,-1.3323
2017-09-18,-1.2197
2017-09-19,-1.0864
2017-09-20,-1.0633
2017-09-21,-0.7759
2017-09-22,-0.5875
2017-09-23,-0.4774
2017-09-24,-0.366
2017-09-25,-0.2405
2017-09-26,-0.1431
2017-09-27,-0.0467
2017-09-28,-0.0638
2017-09-29,0.004
2017-09-30,0.1223
2017-10-01,0.2118
2017-10-02,0.2867
2017-10-03,0.2925
2017-10-04,0.1223
2017-10-05,0.041
2017-10-06,0.0028
2017-10-07,-0.1276
2017-10-08,-0.1347
2017-10-09,-0.1884
2017-10-10,-0.238
2017-10-11,-0.2329
2017-10-12,-0.2062
2017-10-13,-0.266
2017-10-14,-0.3133
2017-10-15,-0.3914
2017-10-16,-0.4751
2017-10-17,-0.4917
2017-10-18,-0.505
2017-10-19,-0.2999
2017-10-20,-0.2957
2017-10-21,-0.3787
2017-10-22,-0.4573
2017-10-23,-0.567
2017-10-24,-0.6076
2017-10-25,-0.6817
2017-10-26,-0.7188
2017-10-27,-0.7323
2017-10-28,-0.7238
2017-10-29,-0.7553
2017-10-30,-0.8164
2017-10-31,-0.8491
2017-11-01,-0.8848
2017-11-02,-0.8851
2017-11-03,-0.7939
2017-11-04,-0.718
2017-11-05,-0.6686
2017-11-06,-0.6498
2017-11-07,-0.7173
2017-11-08,-0.5433
2017-11-09,-0.4111
2017-11-10,-0.5604
2017-11-11,-0.6211
2017-11-12,-0.6311
2017-11-13,-0.6379
2017-11-14,-0.6311
2017-11-15,-0.4134
2017-11-16,0.3092
2017-11-17,0.2357
2017-11-18,0.095
2017-11-19,0.0325
2017-11-20,0.0096
2017-11-21,0.0023
2017-11-22,0.0351
2017-11-23,0.0052
2017-11-24,-0.0152
2017-11-25,0.0193
2017-11-26,0.3359
2017-11-27,0.4148
2017-11-28,0.4129
2017-11-29,0.3741
2017-11-30,0.303
2017-12-01,0.223
2017-12-02,0.1749
2017-12-03,0.1249
2017-12-04,0.0841
2017-12-05,0.042
2017-12-06,-0.0061
2017-12-07,-0.0301
2017-12-08,-0.1457
2017-12-09,-0.2585
2017-12-10,-0.3058
2017-12-11,-0.4013
2017-12-12,-0.4412
2017-12-13,-0.5437
2017-12-14,-0.6189
2017-12-15,-0.8255
2017-12-16,-1.5365
2017-12-17,-1.5527
2017-12-18,-1.6116
2017-12-19,-1.5853
2017-12-20,-1.4896
2017-12-21,-1.5103
2017-12-22,-1.5075
2017-12-23,-1.4959
2017-12-24,-1.4887
2017-12-25,-1.3921
2017-12-26,-1.6556
2017-12-27,-1.7251
2017-12-28,-1.7234
2017-12-29,-1.7288
2017-12-30,-1.714
2017-12-31,-1.718
2018-01-01,-1.7572
2018-01-02,-1.7603
2018-01-03,-1.5867
2018-01-04,-1.5581
2018-01-05,-1.3884
2018-01-06,-1.3342
2018-01-07,-1.2747
2018-01-08,-0.5818
2018-01-09,-0.3908
2018-01-10,-0.2766
2018-01-11,-0.2383
2018-01-12,-0.2253
2018-01-13,-0.1755
2018-01-14,-0.1697
2018-01-15,-0.1512
2018-01-16,-0.2187
2018-01-17,-0.2032
2018-01-18,-0.0945
2018-01-19,-0.1131
2018-01-20,-0.0711
2018-01-21,0.0184
2018-01-22,0.0114
2018-01-23,-0.0313
2018-01-24,0.0997
2018-01-25,0.1155
2018-01-26,0.1022
2018-01-27,0.1419
2018-01-28,0.1896
2018-01-29,0.2208
2018-01-30,0.162
2018-01-31,0.1876
2018-02-01,0.253
2018-02-02,0.1606
2018-02-03,0.1735
2018-02-04,0.0424
2018-02-05,0.0327
2018-02-06,-0.0042
2018-02-07,-0.8262
2018-02-08,-1.1697
2018-02-09,-1.244
2018-02-10,-1.3154
2018-02-11,-1.3435
2018-02-12,-1.3734
2018-02-13,-1.3513
2018-02-14,-1.3557
2018-02-15,-1.3782
2018-02-16,-1.3865
2018-02-17,-1.5606
2018-02-18,-1.5609
2018-02-19,-1.5693
2018-02-20,-1.5656
2018-02-21,-1.5724
2018-02-22,-1.5505
2018-02-23,-1.7175
2018-02-24,-1.7033
2018-02-25,-1.6309
2018-02-26,-1.3798
2018-02-27,-1.3899
2018-02-28,-1.2394
2018-03-01,-0.9291
2018-03-02,-0.8107
2018-03-03,-0.7734
2018-03-04,-0.7954
2018-03-05,-0.8461
2018-03-06,-0.8841
2018-03-07,-0.8908
2018-03-08,-0.8738
2018-03-09,-0.8292
2018-03-10,-0.7507
2018-03-11,-0.7139
2018-03-12,-0.6284
2018-03-13,-0.2162
2018-03-14,-0.1242
2018-03-15,0.0733
2018-03-16,0.349
2018-03-17,0.4073
2018-03-18,0.4977
2018-03-19,0.5638
2018-03-20,0.7534
2018-03-21,1.0418
2018-03-22,1.1089
2018-03-23,1.0639
2018-03-24,1.0411
2018-03-25,0.9976
2018-03-26,0.954
2018-03-27,0.936
2018-03-28,0.7935
2018-03-29,0.7898
2018-03-30,0.7021
2018-03-31,0.4532
2018-04-01,0.3516
2018-04-02,0.3091
2018-04-03,0.3266
2018-04-04,0.4127
2018-04-05,0.5598
2018-04-06,1.1008
2018-04-07,1.1704
2018-04-08,1.1816
2018-04-09,1.1983
2018-04-10,1.2272
2018-04-11,1.2168
2018-04-12,1.0041
2018-04-13,0.9889
2018-04-14,0.9258
2018-04-15,0.843
2018-04-16,1.0705
2018-04-17,1.093
2018-04-18,1.1415
2018-04-19,1.0806
2018-04-20,0.8196
2018-04-21,0.7459
2018-04-22,0.7851
2018-04-23,0.7717
2018-04-24,0.7938
2018-04-25,0.7943
2018-04-26,0.8096
2018-04-27,0.8208
2018-04-28,0.8604
2018-04-29,0.9155
2018-04-30,1.0112
2018-05-01,1.0575
2018-05-02,1.0843
2018-05-03,1.1573
2018-05-04,1.2334
2018-05-05,1.0577
2018-05-06,-0.0952
2018-05-07,-0.2716
2018-05-08,-0.255
2018-05-09,-0.183
2018-05-10,-0.1593
2018-05-11,-0.1639
2018-05-12,-0.1611
2018-05-13,-0.1306
2018-05-14,-0.1386
2018-05-15,-0.2415
2018-05-16,-0.7593
2018-05-17,-0.7668
2018-05-18,-0.7897
2018-05-19,-0.7803
2018-05-20,-0.6855
2018-05-21,-0.6442
2018-05-22,-0.5755
2018-05-23,-0.4992
2018-05-24,-0.2208
2018-05-25,0.0712
2018-05-26,0.1338
2018-05-27,0.107
2018-05-28,0.0574
2018-05-29,-0.0186
2018-05-30,-0.024
2018-05-31,0.032
2018-06-01,0.0366
2018-06-02,-0.0023
2018-06-03,-0.0292
2018-06-04,-0.0395
2018-06-05,-0.015
2018-06-06,0.0577
2018-06-07,0.1037
2018-06-08,0.1071
2018-06-09,0.1788
2018-06-10,0.1903
2018-06-11,0.1856
2018-06-12,0.137
2018-06-13,0.08
2018-06-14,0.0686
2018-06-15,0.0105
2018-06-16,0.0646
2018-06-17,0.1972
2018-06-18,0.2459
2018-06-19,0.2333
2018-06-20,0.2804
2018-06-21,0.257
2018-06-22,0.1919
2018-06-23,-0.1812
2018-06-24,-0.7111
2018-06-25,-0.7876
2018-06-26,-0.8508
2018-06-27,-0.7997
2018-06-28,-0.6508
2018-06-29,-0.7443
2018-06-30,-0.8856
2018-07-01,-0.9233
2018-07-02,-0.758
2018-07-03,-0.5801
2018-07-04,-0.4266
2018-07-05,-0.3966
2018-07-06,-0.41
2018-07-07,-0.4382
2018-07-08,-0.4126
2018-07-09,-0.5439
2018-07-10,-0.6173
2018-07-11,-0.6221
2018-07-12,-0.5071
2018-07-13,-0.3385
2018-07-14,-0.3023
2018-07-15,-0.3122
2018-07-16,-0.4248
2018-07-17,-0.6253
2018-07-18,-0.7398
2018-07-19,-0.7909
2018-07-20,-0.8002
2018-07-21,-0.7418
2018-07-22,-0.6644
2018-07-23,-0.6514
2018-07-24,-0.6017
2018-07-25,-0.6813
2018-07-26,-0.6582
2018-07-27,-0.6782
2018-07-28,-0.7788
2018-07-29,-0.7083
2018-07-30,-0.6585
2018-07-31,-0.607
2018-08-01,-0.698
2018-08-02,-0.8662
2018-08-03,-1.0004
2018-08-04,-1.082
2018-08-05,-1.066
2018-08-06,-0.9356
2018-08-07,-0.8681
2018-08-08,-0.8332
2018-08-09,-0.8534
2018-08-10,-0.8472
2018-08-11,-0.8915
2018-08-12,-0.9856
2018-08-13,-0.9739
2018-08-14,-0.9482
2018-08-15,-0.8124
2018-08-16,-0.6969
2018-08-17,-0.6304
2018-08-18,-0.6586
2018-08-19,-0.7918
2018-08-20,-0.8967
2018-08-21,-0.8237
2018-08-22,-0.7118
2018-08-23,-0.5514
2018-08-24,-0.3625
2018-08-25,-0.2422
2018-08-26,-0.1638
2018-08-27,-0.0155
2018-08-28,0.1291
2018-08-29,0.2673
2018-08-30,0.4472
2018-08-31,0.5472
2018-09-01,0.6399
2018-09-02,0.6522
2018-09-03,0.7646
2018-09-04,0.7522
2018-09-05,0.8102
2018-09-06,0.8542
2018-09-07,0.8361
2018-09-08,0.8588
2018-09-09,0.8941
2018-09-10,0.9361
2018-09-11,0.9536
2018-09-12,1.0325
2018-09-13,1.1084
2018-09-14,1.1112
2018-09-15,1.1845
2018-09-16,1.1012
2018-09-17,1.1353
2018-09-18,1.1849
2018-09-19,1.168
2018-09-20,1.089
2018-09-21,0.9585
2018-09-22,0.7901
2018-09-23,0.6434
2018-09-24,0.5236
2018-09-25,0.4389
2018-09-26,0.2978
2018-09-27,0.1022
2018-09-28,-0.0162
2018-09-29,-0.0527
2018-09-30,-0.067
2018-10-01,-0.0884
2018-10-02,-0.0346
2018-10-03,0.6582
2018-10-04,0.7314
2018-10-05,0.724
2018-10-06,0.7127
2018-10-07,0.726
2018-10-08,0.744
2018-10-09,0.6786
2018-10-10,0.6152
2018-10-11,0.5851
2018-10-12,0.5071
2018-10-13,0.3852
2018-10-14,0.3394
2018-10-15,0.2713
2018-10-16,0.1694
2018-10-17,0.1239
2018-10-18,0.1111
2018-10-19,0.0579
2018-10-20,0.0353
2018-10-21,0.0297
2018-10-22,0.0397
2018-10-23,0.0049
2018-10-24,0.006
2018-10-25,0.0109
2018-10-26,-0.0384
2018-10-27,-0.05
2018-10-28,-0.0629
2018-10-29,-0.1201
2018-10-30,-0.1859
2018-10-31,-0.2128
2018-11-01,-0.3014
2018-11-02,-0.8614
2018-11-03,-1.0842
2018-11-04,-1.1272
2018-11-05,-1.1851
2018-11-06,-1.2412
2018-11-07,-1.3367
2018-11-08,-1.3449
2018-11-09,-1.3457
2018-11-10,-1.4041
2018-11-11,-1.4158
2018-11-12,-1.4014
2018-11-13,-1.432
2018-11-14,-1.4396
2018-11-15,-1.4445
2018-11-16,-1.4535
2018-11-17,-1.4687
2018-11-18,-1.4813
2018-11-19,-1.5275
2018-11-20,-1.5769
2018-11-21,-0.7998
2018-11-22,-0.4539
2018-11-23,0.1334
2018-11-24,0.1393
2018-11-25,0.1691
2018-11-26,0.1068
2018-11-27,0.2075
2018-11-28,0.6844
2018-11-29,1.1969
2018-11-30,1.1473
2018-12-01,1.2629
2018-12-02,1.196
2018-12-03,1.1677
2018-12-04,1.1648
2018-12-05,1.1406
2018-12-06,1.1399
2018-12-07,1.1379
2018-12-08,1.1373
2018-12-09,1.1252
2018-12-10,1.1595
2018-12-11,1.1156
2018-12-12,1.1226
2018-12-13,1.1423
2018-12-14,1.1204
2018-12-15,1.0759
2018-12-16,1.4142
2018-12-17,1.5174
2018-12-18,1.523
2018-12-19,1.545
2018-12-20,1.5777
2018-12-21,1.1234
2018-12-22,0.8799
2018-12-23,0.4901
2018-12-24,0.7553
2018-12-25,0.6886
2018-12-26,0.7304
2018-12-27,0.6962
2018-12-28,0.2571
2018-12-29,-0.3831
2018-12-30,-0.4334
2018-12-31,-0.6706
2019-01-01,-0.6199
2019-01-02,-0.6023
2019-01-03,-0.6792
2019-01-04,-0.7834
2019-01-05,-0.6513
2019-01-06,-0.2003
2019-01-07,-0.2187
2019-01-08,-0.232
2019-01-09,-0.1982
2019-01-10,-0.1008
2019-01-11,-0.0635
2019-01-12,-0.0624
2019-01-13,-0.0286
2019-01-14,-0.0014
2019-01-15,-0.2152
2019-01-16,0.1316
2019-01-17,0.1834
2019-01-18,0.1757
2019-01-19,0.1775
2019-01-20,0.4933
2019-01-21,0.5443
2019-01-22,0.4963
2019-01-23,0.2231
2019-01-24,0.1873
2019-01-25,0.147
2019-01-26,0.1255
2019-01-27,0.1558
2019-01-28,0.1982
2019-01-29,0.2208
2019-01-30,0.1585
2019-01-31,0.1807
2019-02-01,0.4551
2019-02-02,0.7405
2019-02-03,0.9302
2019-02-04,0.9804
2019-02-05,0.7864
2019-02-06,0.7961
2019-02-07,0.7911
2019-02-08,0.761
2019-02-09,0.9187
2019-02-10,0.9381
2019-02-11,0.9517
2019-02-12,0.9626
2019-02-13,1.0912
2019-02-14,1.1158
2019-02-15,0.9302
2019-02-16,0.9172
2019-02-17,0.9394
2019-02-18,0.9406
2019-02-19,0.7809
2019-02-20,0.7742
2019-02-21,0.8118
2019-02-22,0.8819
2019-02-23,0.9234
2019-02-24,0.9361
2019-02-25,0.9707
2019-02-26,1.0961
2019-02-27,1.1196
2019-02-28,1.1392
2019-03-01,1.2051
2019-03-02,1.4754
2019-03-03,1.378
2019-03-04,1.2083
2019-03-05,1.0823
2019-03-06,1.0697
2019-03-07,1.1072
2019-03-08,1.1701
2019-03-09,1.2846
2019-03-10,1.2469
2019-03-11,1.0589
2019-03-12,1.0264
2019-03-13,1.0072
2019-03-14,0.9885
2019-03-15,0.7738
2019-03-16,0.5072
2019-03-17,0.3576
2019-03-18,0.3163
2019-03-19,0.4092
2019-03-20,0.4856
2019-03-21,0.4955
2019-03-22,0.7366
2019-03-23,0.7934
2019-03-24,0.7433
2019-03-25,0.7184
2019-03-26,0.6953
2019-03-27,0.7135
2019-03-28,0.6381
2019-03-29,0.6261
2019-03-30,0.6227
2019-03-31,0.5044
2019-04-01,0.1119
2019-04-02,0.1693
2019-04-03,0.2055
2019-04-04,0.232
2019-04-05,0.1246
2019-04-06,-0.0003
2019-04-07,-0.0503
2019-04-08,-0.1105
2019-04-09,-0.1081
2019-04-10,-0.0635
2019-04-11,-0.0439
2019-04-12,-0.0142
2019-04-13,0.0007
2019-04-14,0.0386
2019-04-15,0.1899
2019-04-16,0.2562
2019-04-17,0.2668
2019-04-18,0.1678
2019-04-19,0.0759
2019-04-20,0.0656
2019-04-21,-0.2391
2019-04-22,-0.3824
2019-04-23,-0.4006
2019-04-24,-0.4524
2019-04-25,-0.4898
2019-04-26,-0.6855
2019-04-27,-0.8259
2019-04-28,-0.8537
2019-04-29,-0.8318
2019-04-30,-0.7945
2019-05-01,-0.9129
2019-05-02,-1.1355
2019-05-03,-1.1845
2019-05-04,-1.2061
2019-05-05,-1.1943
2019-05-06,-1.149
2019-05-07,-1.0767
2019-05-08,-1.0733
2019-05-09,-1.048
2019-05-10,-1.0233
2019-05-11,-1.0106
2019-05-12,-0.9749
2019-05-13,-0.945
2019-05-14,-0.9268
2019-05-15,-0.0555
2019-05-16,0.3414
2019-05-17,0.4428
2019-05-18,0.9244
2019-05-19,1.2928
2019-05-20,1.3743
2019-05-21,1.5109
2019-05-22,1.5564
2019-05-23,1.642
2019-05-24,1.7244
2019-05-25,1.796
2019-05-26,1.8294
2019-05-27,1.872
2019-05-28,1.8462
2019-05-29,1.8343
2019-05-30,1.8279
2019-05-31,1.825
2019-06-01,1.8303
2019-06-02,1.8472
2019-06-03,1.8477
2019-06-04,1.8372
2019-06-05,1.8035
2019-06-06,1.7905
2019-06-07,1.7922
2019-06-08,1.7989
2019-06-09,1.7977
2019-06-10,1.7968
2019-06-11,1.8049
2019-06-12,1.8112
2019-06-13,1.8341
2019-06-14,1.619
2019-06-15,1.4593
2019-06-16,1.443
2019-06-17,1.0887
2019-06-18,0.5926
2019-06-19,0.5287
2019-06-20,0.2242
2019-06-21,0.2047
2019-06-22,0.1477
2019-06-23,0.1064
2019-06-24,-0.0237
2019-06-25,-0.4638
2019-06-26,-0.5663
2019-06-27,-0.5495
2019-06-28,-0.4887
2019-06-29,-0.5042
2019-06-30,-0.4551
2019-07-01,-0.3809
2019-07-02,-0.3584
2019-07-03,-0.3238
2019-07-04,-0.2627
2019-07-05,-0.1837
2019-07-06,-0.1613
2019-07-07,-0.1465
2019-07-08,-0.0506
2019-07-09,0.0907
2019-07-10,0.2466
2019-07-11,0.3749
2019-07-12,0.4606
2019-07-13,0.4486
2019-07-14,0.4264
2019-07-15,0.4034
2019-07-16,0.4097
2019-07-17,0.4184
2019-07-18,0.4882
2019-07-19,0.5417
2019-07-20,0.5349
2019-07-21,0.4689
2019-07-22,0.4354
2019-07-23,0.4625
2019-07-24,0.4901
2019-07-25,0.5207
2019-07-26,0.47
2019-07-27,0.3177
2019-07-28,0.1633
2019-07-29,0.0953
2019-07-30,0.1093
2019-07-31,0.0836
2019-08-01,0.1008
2019-08-02,0.0637
2019-08-03,-0.0037
2019-08-04,-0.0072
2019-08-05,0.0312
2019-08-06,-0.0369
2019-08-07,-0.1771
2019-08-08,-0.184
2019-08-09,-0.1097
2019-08-10,0.046
2019-08-11,0.1793
2019-08-12,0.2448
2019-08-13,0.2258
2019-08-14,0.1412
2019-08-15,0.0604
2019-08-16,-0.0163
2019-08-17,-0.0527
2019-08-18,-0.0722
2019-08-19,-0.1315
2019-08-20,-0.0932
2019-08-21,-0.0768
2019-08-22,-0.0768
2019-08-23,-0.0777
2019-08-24,-0.0659
2019-08-25,-0.1407
2019-08-26,-0.1344
2019-08-27,-0.0765
2019-08-28,0.0355
2019-08-29,0.0762
2019-08-30,0.055
2019-08-31,-0.1451
2019-09-01,-0.1911
2019-09-02,-0.1748
2019-09-03,-0.09
2019-09-04,-0.1371
2019-09-05,-0.1107
2019-09-06,-0.0582
2019-09-07,0.016
2019-09-08,-0.0256
2019-09-09,-0.0783
2019-09-10,-0.0139
2019-09-11,0.0158
2019-09-12,-0.0137
2019-09-13,-0.0598
2019-09-14,-0.1393
2019-09-15,-0.0856
2019-09-16,0.9718
2019-09-17,0.9302
2019-09-18,0.9761
2019-09-19,1.0068
2019-09-20,1.0566
2019-09-21,1.0312
2019-09-22,0.9825
2019-09-23,0.9637
2019-09-24,0.9003
2019-09-25,0.8743
2019-09-26,0.8727
2019-09-27,0.9055
2019-09-28,0.9239
2019-09-29,0.9594
2019-09-30,1.0059
2019-10-01,1.0367
2019-10-02,1.0382
2019-10-03,0.9904
2019-10-04,0.9003
2019-10-05,0.8732
2019-10-06,0.8146
2019-10-07,0.7104
2019-10-08,0.6379
2019-10-09,0.5645
2019-10-10,0.4379
2019-10-11,0.3577
2019-10-12,0.3381
2019-10-13,0.3083
2019-10-14,0.3342
2019-10-15,0.2977
2019-10-16,-0.2196
2019-10-17,-0.2379
2019-10-18,-0.2841
2019-10-19,-0.3535
2019-10-20,-0.3797
2019-10-21,-0.4413
2019-10-22,-0.483
2019-10-23,-0.5731
2019-10-24,-0.5776
2019-10-25,-0.6116
2019-10-26,-0.6487
2019-10-27,-0.6984
2019-10-28,-0.7409
2019-10-29,-0.8294
2019-10-30,-0.9265
2019-10-31,-1.0083
2019-11-01,-1.0631
2019-11-02,-1.1009
2019-11-03,-1.1323
2019-11-04,-1.1343
2019-11-05,-1.1286
2019-11-06,-1.141
2019-11-07,-1.1974
2019-11-08,-1.2983
2019-11-09,-1.3051
2019-11-10,-1.3691
2019-11-11,-1.4061
2019-11-12,-1.4108
2019-11-13,-1.4538
2019-11-14,-1.4439
2019-11-15,-1.457
2019-11-16,-1.499
2019-11-17,-1.5381
2019-11-18,-1.5857
2019-11-19,-1.6667
2019-11-20,-1.7151
2019-11-21,-1.8278
2019-11-22,-1.8865
2019-11-23,-1.8315
2019-11-24,-1.7914
2019-11-25,-1.8746
2019-11-26,-1.3378
2019-11-27,-1.2236
2019-11-28,-1.0057
2019-11-29,-0.972
2019-11-30,-0.3717
2019-12-01,0.6906
2019-12-02,0.9479
2019-12-03,1.0135
2019-12-04,1.1735
2019-12-05,1.1377
2019-12-06,1.203
2019-12-07,1.3734
2019-12-08,1.4297
2019-12-09,1.4151
2019-12-10,1.4806
2019-12-11,1.4641
2019-12-12,1.4794
2019-12-13,1.5668
2019-12-14,1.5656
2019-12-15,1.5229
2019-12-16,1.5329
2019-12-17,1.5971
2019-12-18,1.6251
2019-12-19,1.6469
2019-12-20,1.6763
2019-12-21,1.5991
2019-12-22,1.6926
2019-12-23,1.6899
2019-12-24,1.6912
2019-12-25,1.6017
2019-12-26,1.4381
2019-12-27,1.405
2019-12-28,1.2881
2019-12-29,1.2825
2019-12-30,1.0226
2019-12-31,0.1772
2020-01-01,-0.1824
2020-01-02,-0.3101
2020-01-03,-0.6436
2020-01-04,-0.7332
2020-01-05,-0.8677
2020-01-06,-1.111
2020-01-07,-1.193
2020-01-08,-1.2013
2020-01-09,-1.104
2020-01-10,-1.037
2020-01-11,-1.0039
2020-01-12,-1.0792
2020-01-13,-1.0397
2020-01-14,-1.0055
2020-01-15,-0.9969
2020-01-16,-0.8361
2020-01-17,-0.8469
2020-01-18,-0.8325
2020-01-19,-0.8115
2020-01-20,-0.8058
2020-01-21,-0.9888
2020-01-22,-1.0134
2020-01-23,-1.0822
2020-01-24,-1.0768
2020-01-25,-0.9935
2020-01-26,-0.9134
2020-01-27,-0.8652
2020-01-28,-0.8469
2020-01-29,-0.8439
2020-01-30,-0.8804
2020-01-31,-0.8405
2020-02-01,-0.7733
2020-02-02,-0.7697
2020-02-03,-0.7413
2020-02-04,-0.6993
2020-02-05,-0.6791
2020-02-06,-0.6833
2020-02-07,-0.7594
2020-02-08,-1.0172
2020-02-09,-1.0722
2020-02-10,-1.145
2020-02-11,-1.1879
2020-02-12,-1.258
2020-02-13,-1.2569
2020-02-14,-1.2548
2020-02-15,-1.5552
2020-02-16,-1.5572
2020-02-17,-1.5788
2020-02-18,-1.5964
2020-02-19,-1.6394
2020-02-20,-1.6561
2020-02-21,-1.6435
2020-02-22,-1.6621
2020-02-23,-1.6314
2020-02-24,-1.6583
2020-02-25,-1.6642
2020-02-26,-1.7004
2020-02-27,-1.7629
2020-02-28,-1.7717
2020-03-01,-1.7898
2020-03-02,-1.7899
2020-03-03,-1.7641
2020-03-04,-1.8012
2020-03-05,-1.8286
2020-03-06,-1.92
2020-03-07,-1.8792
2020-03-08,-1.8642
2020-03-09,-1.8514
2020-03-10,-1.7965
2020-03-11,-1.8236
2020-03-12,-1.8186
2020-03-13,-1.8024
2020-03-14,-1.5667
2020-03-15,-0.8729
2020-03-16,-0.4771
2020-03-17,-0.41
2020-03-18,-0.3189
2020-03-19,-0.2619
2020-03-20,-0.2433
2020-03-21,-0.1725
2020-03-22,-0.1123
2020-03-23,-0.0199
2020-03-24,0.162
2020-03-25,0.2027
2020-03-26,0.1876
2020-03-27,0.1937
2020-03-28,0.2703
2020-03-29,0.3046
2020-03-30,0.3271
2020-03-31,0.3228
2020-04-01,0.3722
2020-04-02,0.422
2020-04-03,0.4718
2020-04-04,0.6942
2020-04-05,1.2374
2020-04-06,1.2559
2020-04-07,1.247
2020-04-08,1.2628
2020-04-09,1.321
2020-04-10,1.3529
2020-04-11,1.3554
2020-04-12,1.3748
2020-04-13,1.2555
2020-04-14,0.8923
2020-04-15,0.6753
2020-04-16,0.6744
2020-04-17,0.6799
2020-04-18,0.7248
2020-04-19,0.7896
2020-04-20,0.8014
2020-04-21,0.8617
2020-04-22,0.8541
2020-04-23,0.7616
2020-04-24,0.736
2020-04-25,0.7194
2020-04-26,0.709
2020-04-27,0.6311
2020-04-28,0.6056
2020-04-29,0.6115
2020-04-30,0.6573
2020-05-01,0.6659
2020-05-02,0.6827
2020-05-03,0.7013
2020-05-04,0.4802
2020-05-05,-0.8709
2020-05-06,-1.0801
2020-05-07,-1.0806
2020-05-08,-1.1577
2020-05-09,-1.3162
2020-05-10,-1.3638
2020-05-11,-1.3542
2020-05-12,-1.2671
2020-05-13,-1.2076
2020-05-14,-1.1545
2020-05-15,-1.1025
2020-05-16,-1.0334
2020-05-17,-0.6685
2020-05-18,-0.2434
2020-05-19,-0.1682
2020-05-20,-0.1086
2020-05-21,-0.1192
2020-05-22,-0.0447
2020-05-23,-0.0027
2020-05-24,0.0279
2020-05-25,0.0554
2020-05-26,0.0331
2020-05-27,-0.0089
2020-05-28,-0.0193
2020-05-29,-0.0062
2020-05-30,0.0609
2020-05-31,0.1361
2020-06-01,0.1575
2020-06-02,0.1219
2020-06-03,0.1035
2020-06-04,0.0669
2020-06-05,0.1226
2020-06-06,0.2066
2020-06-07,0.3117
2020-06-08,0.3816
2020-06-09,0.3863
2020-06-10,0.3573
2020-06-11,0.2778
2020-06-12,0.3045
2020-06-13,0.3399
2020-06-14,0.3923
2020-06-15,0.4702
2020-06-16,0.1757
2020-06-17,-0.3681
2020-06-18,-0.4729
2020-06-19,-0.5035
2020-06-20,-0.43
2020-06-21,-0.4821
2020-06-22,-0.5138
2020-06-23,-0.4704
2020-06-24,-0.408
2020-06-25,-0.3007
2020-06-26,-0.2032
2020-06-27,-0.1486
2020-06-28,-0.0739
2020-06-29,-0.122
2020-06-30,-0.2129
2020-07-01,-0.2976
2020-07-02,-0.2072
2020-07-03,-0.1017
2020-07-04,0.0081
2020-07-05,0.0004
2020-07-06,-0.0185
2020-07-07,-0.0688
2020-07-08,-0.1024
2020-07-09,-0.0792
2020-07-10,-0.0582
2020-07-11,-0.0364
2020-07-12,-0.2071
2020-07-13,-0.3557
2020-07-14,-0.3784
2020-07-15,-0.4237
2020-07-16,-0.4942
2020-07-17,-0.5319
2020-07-18,-0.5367
2020-07-19,-0.5127
2020-07-20,-0.486
2020-07-21,-0.4138
2020-07-22,-0.3314
2020-07-23,-0.3056
2020-07-24,-0.2004
2020-07-25,-0.1501
2020-07-26,-0.0752
2020-07-27,0.0356
2020-07-28,-0.0552
2020-07-29,-0.1729
2020-07-30,-0.1709
2020-07-31,-0.2138
2020-08-01,-0.3096
2020-08-02,-0.4304
2020-08-03,-0.4482
2020-08-04,-0.4026
2020-08-05,-0.3044
2020-08-06,-0.2026
2020-08-07,-0.1501
2020-08-08,-0.1315
2020-08-09,-0.1227
2020-08-10,-0.006
2020-08-11,0.1666
2020-08-12,0.1447
2020-08-13,0.0736
2020-08-14,-0.0532
2020-08-15,-0.2111
2020-08-16,-0.3938
2020-08-17,-0.4913
2020-08-18,-0.6021
2020-08-19,-0.7774
2020-08-20,-0.8825
2020-08-21,-0.8654
2020-08-22,-0.9053
2020-08-23,-0.9685
2020-08-24,-0.9316
2020-08-25,-0.8697
2020-08-26,-0.8989
2020-08-27,-0.877
2020-08-28,-0.881
2020-08-29,-0.8981
2020-08-30,-0.8406
2020-08-31,-0.8082
2020-09-01,-0.6383
2020-09-02,-0.4082
2020-09-03,-0.3417
2020-09-04,-0.4797
2020-09-05,-0.7669
2020-09-06,-1.0226
2020-09-07,-1.2107
2020-09-08,-1.1993
2020-09-09,-1.0406
2020-09-10,-0.8295
2020-09-11,-0.669
2020-09-12,-0.6003
2020-09-13,-0.4867
2020-09-14,-0.2762
2020-09-15,-0.0856
2020-09-16,-0.0889
2020-09-17,-0.0244
2020-09-18,0.1472
2020-09-19,0.1862
2020-09-20,0.1289
2020-09-21,0.0673
2020-09-22,0.0164
2020-09-23,-0.0571
2020-09-24,-0.1181
2020-09-25,-0.0737
2020-09-26,-0.081
2020-09-27,-0.083
2020-09-28,-0.1634
2020-09-29,-0.2752
2020-09-30,-0.3736
2020-10-01,-0.5124
2020-10-02,-0.7359
2020-10-03,-0.8778
2020-10-04,-1.0237
2020-10-05,-1.0144
2020-10-06,-0.907
2020-10-07,-0.8154
2020-10-08,-0.7394
2020-10-09,-0.7555
2020-10-10,-0.8309
2020-10-11,-0.8557
2020-10-12,-0.9068
2020-10-13,-0.9366
2020-10-14,-0.9953
2020-10-15,-1.0357
2020-10-16,-1.0757
2020-10-17,-1.129
2020-10-18,-1.2138
2020-10-19,-1.2863
2020-10-20,-1.3336
2020-10-21,-1.417
2020-10-22,-1.4652
2020-10-23,-1.4457
2020-10-24,-1.4138
2020-10-25,-1.5054
2020-10-26,-1.4287
2020-10-27,-1.3802
2020-10-28,-1.368
2020-10-29,-1.3648
2020-10-30,-1.395
2020-10-31,-1.4566
2020-11-01,-1.477
2020-11-02,-1.4963
2020-11-03,-1.4804
2020-11-04,-1.4256
2020-11-05,-1.409
2020-11-06,-1.3915
2020-11-07,-1.4603
2020-11-08,-1.468
2020-11-09,-1.4103
2020-11-10,-1.4393
2020-11-11,-1.4303
2020-11-12,-1.3874
2020-11-13,-1.3884
2020-11-14,-1.3618
2020-11-15,-1.3529
2020-11-16,-1.3587
2020-11-17,-0.8819
2020-11-18,-0.4164
2020-11-19,-0.4264
2020-11-20,-0.4275
2020-11-21,-0.4419
2020-11-22,-0.4169
2020-11-23,-0.4586
2020-11-24,-0.5101
2020-11-25,-0.5258
2020-11-26,-0.6004
2020-11-27,-0.6113
2020-11-28,-0.6148
2020-11-29,-0.6299
2020-11-30,-0.6384
2020-12-01,-0.6785
2020-12-02,-0.688
2020-12-03,-0.6796
2020-12-04,-0.694
2020-12-05,-0.6998
2020-12-06,-0.7889
2020-12-07,-0.866
2020-12-08,-0.8624
2020-12-09,-0.8933
2020-12-10,-0.9635
2020-12-11,-0.5056
2020-12-12,-0.3157
2020-12-13,0.2334
2020-12-14,0.1817
2020-12-15,0.1533
2020-12-16,0.2308
2020-12-17,-0.018
2020-12-18,-0.4333
2020-12-19,-0.4265
2020-12-20,-0.4822
2020-12-21,-0.5553
2020-12-22,-0.5876
2020-12-23,-0.556
2020-12-24,-0.558
2020-12-25,-0.5065
2020-12-26,-0.3858
2020-12-27,-0.3236
2020-12-28,-0.3574
2020-12-29,-0.3514
2020-12-30,-0.3014
2020-12-31,-0.2673
