date,standard_index_gamma
1981-01-30,1.001565872169416
1981-01-31,1.0282284326243198
1981-02-01,1.0638266068678437
1981-02-02,1.0666677815327883
1981-02-03,1.0536598039282474
1981-02-04,1.0567755914845134
1981-02-05,1.0725128559287658
1981-02-06,1.0730669138897353
1981-02-07,1.0692915917118881
1981-02-08,1.0742401453684338
1981-02-09,1.094715475430432
1981-02-10,1.0853244946645253
1981-02-11,1.1066390734866314
1981-02-12,1.1237024708392997
1981-02-13,1.1175298694278328
1981-02-14,1.1482507493864655
1981-02-15,1.1490916294206004
1981-02-16,1.1572004542431276
1981-02-17,1.178748649551526
1981-02-18,1.1908389748809007
1981-02-19,1.2227611765960513
1981-02-20,1.17328330155028
1981-02-21,0.9746793934915488
1981-02-22,0.730899724389444
1981-02-23,0.6957242275313421
1981-02-24,0.7457351623191575
1981-02-25,0.6708438529687953
1981-02-26,0.2895245160857127
1981-02-27,-0.2099188934860161
1981-02-28,-0.6947387181261899
1981-03-01,-0.8149238793160168
1981-03-02,-0.7802138809359775
1981-03-03,-0.8110232932398933
1981-03-04,-0.5443430775383475
1981-03-05,-0.24625465326694695
1981-03-06,-0.2843015659457877
1981-03-07,-0.1953249965870658
1981-03-08,-0.15626770509818289
1981-03-09,-0.08429008297251528
1981-03-10,-0.05365918019164306
1981-03-11,-0.11252048931796343
1981-03-12,-0.06432984002376774
1981-03-13,-0.07454391220434631
1981-03-14,-0.13044035356867734
1981-03-15,-0.0155557427594879
1981-03-16,0.11290160831452578
1981-03-17,0.13863255566581278
1981-03-18,0.3511568901090276
1981-03-19,0.6866014741234623
1981-03-20,0.8960018736232223
1981-03-21,0.9570642644898563
1981-03-22,0.9556450185178201
1981-03-23,0.9245495775445213
1981-03-24,0.8690161289705584
1981-03-25,0.9270387914551032
1981-03-26,0.9331900689564528
1981-03-27,0.9039331696417355
1981-03-28,0.930105552852444
1981-03-29,0.9565736560911183
1981-03-30,0.9683500106838507
1981-03-31,0.9597758238431401
1981-04-01,0.9474656481030739
1981-04-02,0.9649358684628584
1981-04-03,0.8334009931414607
1981-04-04,0.6841420402912359
1981-04-05,0.6979694648651902
1981-04-06,0.6756753322973864
1981-04-07,0.6431901126120714
1981-04-08,0.619274875548578
1981-04-09,0.6192687286554632
1981-04-10,0.642647842899905
1981-04-11,0.6245405740508578
1981-04-12,0.6203254793836759
1981-04-13,0.637505025754423
1981-04-14,0.546134612209805
1981-04-15,0.37773547977636746
1981-04-16,0.36726195377036297
1981-04-17,0.1920532861310551
1981-04-18,0.12179833958143971
1981-04-19,0.2831506079414041
1981-04-20,0.25231457009307023
1981-04-21,0.2780844458157157
1981-04-22,0.33160016982880713
1981-04-23,0.4058640778488387
1981-04-24,0.1908166103871063
1981-04-25,-0.0550289765183134
1981-04-26,-0.023855708728602654
1981-04-27,0.01148735808514978
1981-04-28,0.02670568677206453
1981-04-29,0.0505865353618391
1981-04-30,0.09053861157408982
1981-05-01,0.10603529232426001
1981-05-02,0.1259185727898231
1981-05-03,0.15829377981074333
1981-05-04,0.21292865790140714
1981-05-05,0.27155133029541645
1981-05-06,0.32603453131761007
1981-05-07,0.39994373641690895
1981-05-08,0.4521260869285961
1981-05-09,0.48493741821068825
1981-05-10,0.49535577198824066
1981-05-11,0.540650324689254
1981-05-12,0.6189212724607387
1981-05-13,0.6562836955533701
1981-05-14,0.6613750313519107
1981-05-15,0.5699243580185154
1981-05-16,0.5875626094389348
1981-05-17,0.6560533605041546
1981-05-18,0.3846927726933038
1981-05-19,-0.06579009395120394
1981-05-20,-0.1612824424206405
1981-05-21,-0.14652692200810602
1981-05-22,-0.16441800784916794
1981-05-23,-0.15438406353996403
1981-05-24,-0.2889328152338968
1981-05-25,-0.2616947573056496
1981-05-26,-0.24306886385376947
1981-05-27,-0.1946010446373756
1981-05-28,-0.21319632437923275
1981-05-29,-0.2116260635511098
1981-05-30,-0.22790675046969433
1981-05-31,-0.20947528632144796
1981-06-01,-0.1590264726694819
1981-06-02,-0.08918908683986482
1981-06-03,-0.09351575088943687
1981-06-04,-0.13635110729491218
1981-06-05,-0.08414280101387694
1981-06-06,-0.07510547534841905
1981-06-07,-0.05192923628455537
1981-06-08,-0.0450278762347045
1981-06-09,-0.03409506893090675
1981-06-10,-0.033167540978162435
1981-06-11,-0.03027181927602829
1981-06-12,-0.009537228826316246
1981-06-13,0.04880280473256615
1981-06-14,0.10090325959310609
1981-06-15,0.17891280978459623
1981-06-16,0.15693266271602768
1981-06-17,0.12805694570197734
1981-06-18,-0.8647495503780054
1981-06-19,-0.8647495503780054
1981-06-20,-0.7524900609505645
1981-06-21,-0.6490045722599415
1981-06-22,-0.6490045722599415
1981-06-23,-0.5520592965897126
1981-06-24,-0.4600679959189109
1981-06-25,-0.5520592965897126
1981-06-26,-0.5520592965897126
1981-06-27,-0.6490045722599415
1981-06-28,-0.5520592965897126
1981-06-29,-0.5520592965897126
1981-06-30,-0.5520592965897126
1981-07-01,-0.5520592965897126
1981-07-02,-0.5520592965897126
1981-07-03,-0.4600679959189109
1981-07-04,-0.2864638840293281
1981-07-05,-0.2031677405400667
1981-07-06,-0.2031677405400667
1981-07-07,-0.2031677405400667
1981-07-08,-0.0403306146232707
1981-07-09,-0.0403306146232707
1981-07-10,0.12131350227884008
1981-07-11,0.2864638840293281
1981-07-12,0.2864638840293281
1981-07-13,0.3718451951014077
1981-07-14,0.3718451951014077
1981-07-15,0.3718451951014077
1981-07-16,0.3718451951014077
1981-07-17,0.3718451951014077
1981-07-18,0.3718451951014077
1981-07-19,0.3718451951014077
1981-07-20,0.3718451951014077
1981-07-21,0.4600679959189107
1981-07-22,0.3718451951014077
1981-07-23,0.3718451951014077
1981-07-24,0.4600679959189107
1981-07-25,0.6490045722599415
1981-07-26,0.8647495503780054
1981-07-27,0.8647495503780054
1981-07-28,0.7524900609505645
1981-07-29,0.8647495503780054
1981-07-30,0.9891282028409888
1981-07-31,0.9891282028409888
1981-08-01,0.9891282028409888
1981-08-02,0.9891282028409888
1981-08-03,0.9891282028409888
1981-08-04,0.9891282028409888
1981-08-05,0.9891282028409888
1981-08-06,0.9891282028409888
1981-08-07,0.9891282028409888
1981-08-08,0.9891282028409888
1981-08-09,0.9891282028409888
1981-08-10,0.9891282028409888
1981-08-11,0.9891282028409888
1981-08-12,0.8647495503780054
1981-08-13,0.8647495503780054
1981-08-14,1.1310494079581983
1981-08-15,1.1310494079581983
1981-08-16,1.1310494079581983
1981-08-17,1.1310494079581983
1981-08-18,1.1310494079581983
1981-08-19,0.9891282028409888
1981-08-20,0.9891282028409888
1981-08-21,1.1310494079581983
1981-08-22,1.1310494079581983
1981-08-23,1.1310494079581983
1981-08-24,1.1310494079581983
1981-08-25,1.1310494079581983
1981-08-26,1.1310494079581983
1981-08-27,1.1310494079581983
1981-08-28,1.1310494079581983
1981-08-29,1.1310494079581983
1981-08-30,1.1310494079581983
1981-08-31,1.1310494079581983
1981-09-01,0.9891282028409888
1981-09-02,0.9891282028409888
1981-09-03,0.9891282028409888
1981-09-04,0.9891282028409888
1981-09-05,0.9891282028409888
1981-09-06,0.9891282028409888
1981-09-07,0.9891282028409888
1981-09-08,0.8647495503780054
1981-09-09,0.8647495503780054
1981-09-10,0.8647495503780054
1981-09-11,0.8647495503780054
1981-09-12,0.9891282028409888
1981-09-13,0.8647495503780054
1981-09-14,0.8647495503780054
1981-09-15,0.8647495503780054
1981-09-16,0.7524900609505645
1981-09-17,0.7524900609505645
1981-09-18,0.8647495503780054
1981-09-19,0.7524900609505645
1981-09-20,0.5520592965897126
1981-09-21,0.4600679959189107
1981-09-22,0.4600679959189107
1981-09-23,0.4600679959189107
1981-09-24,0.41454381727222667
1981-09-25,0.32337586106070093
1981-09-26,0.32337586106070093
1981-09-27,0.32349788590433426
1981-09-28,0.22841703886611953
1981-09-29,0.22841703886611953
1981-09-30,0.14594047544235877
1981-10-01,0.1037881859447276
1981-10-02,0.33370313050142864
1981-10-03,0.745340723778842
1981-10-04,0.39298192769788454
1981-10-05,0.3023892613220214
1981-10-06,0.3946771702361289
1981-10-07,0.6927863965301767
1981-10-08,0.6911216632058442
1981-10-09,0.6150757225632952
1981-10-10,0.6425015657251525
1981-10-11,0.9466197872198825
1981-10-12,1.0287364865734583
1981-10-13,0.8655761222594862
1981-10-14,0.85154126120241
1981-10-15,0.8463946519490614
1981-10-16,0.7944819629790062
1981-10-17,0.7523323010728646
1981-10-18,0.7462340280731494
1981-10-19,0.6579270116488565
1981-10-20,0.6804510199508014
1981-10-21,0.6595851131385021
1981-10-22,0.6223248981017064
1981-10-23,0.5826342424967952
1981-10-24,0.5146513441674323
1981-10-25,0.41544607571851766
1981-10-26,0.3345038870964889
1981-10-27,0.6920057934624535
1981-10-28,1.0139000156528755
1981-10-29,1.0610605744218726
1981-10-30,1.004613770660106
1981-10-31,0.9562130714558535
1981-11-01,0.8986416155502364
1981-11-02,0.851126865758599
1981-11-03,0.8610767466387009
1981-11-04,0.8721485848832946
1981-11-05,0.8695607635639038
1981-11-06,0.8506949552398128
1981-11-07,0.7946554456746662
1981-11-08,0.7377008890784057
1981-11-09,0.6896260878611712
1981-11-10,0.4948554028429659
1981-11-11,0.42891097059628813
1981-11-12,0.733406002565984
1981-11-13,1.2367368240214054
1981-11-14,1.5111711938798713
1981-11-15,1.5503136422230284
1981-11-16,1.5643271230121902
1981-11-17,1.7508561261866957
1981-11-18,2.005162452625978
1981-11-19,1.9269989711925204
1981-11-20,2.0100218461481036
1981-11-21,1.9996624149376903
1981-11-22,2.1983074237428175
1981-11-23,2.2772355485855074
1981-11-24,2.4349582028557246
1981-11-25,2.106578481040357
1981-11-26,1.9641408513153977
1981-11-27,1.9828814871346454
1981-11-28,2.0416366761465747
1981-11-29,1.9733805567470295
1981-11-30,1.8379259758342847
1981-12-01,1.728627673362904
1981-12-02,1.624551793675024
1981-12-03,1.554288775950778
1981-12-04,1.510989567474223
1981-12-05,1.433643419276738
1981-12-06,1.431474582621422
1981-12-07,1.4139820123330322
1981-12-08,1.3935205170373441
1981-12-09,1.428458057571217
1981-12-10,1.4673359529332226
1981-12-11,1.345167201159885
1981-12-12,1.178411848908902
1981-12-13,0.8223713706221791
1981-12-14,0.5034030037391592
1981-12-15,0.4327016910772954
1981-12-16,0.3571349993090036
1981-12-17,0.04465009152921562
1981-12-18,0.03447404745861382
1981-12-19,0.24205940037637919
1981-12-20,0.39750586086332307
1981-12-21,0.3536333038044086
1981-12-22,0.11635175448202473
1981-12-23,0.09838430832051315
1981-12-24,-0.01814327191166143
1981-12-25,-0.06949196512918121
1981-12-26,-0.09134653922393832
1981-12-27,-0.2278639157918454
1981-12-28,-0.44955685194248884
1981-12-29,-0.31315155755459867
1981-12-30,0.06401866867190908
1981-12-31,0.1840231547871578
1982-01-01,0.37016123146266877
1982-01-02,0.3442873224928893
1982-01-03,0.5586307753918769
1982-01-04,0.8073640770620275
1982-01-05,0.8193271454020284
1982-01-06,0.8449271466465068
1982-01-07,0.8275491611724755
1982-01-08,0.7575878949098207
1982-01-09,0.7303454781286141
1982-01-10,0.74247291101511
1982-01-11,0.7690949115317399
1982-01-12,0.7248418014425002
1982-01-13,0.7285168149592314
1982-01-14,0.7776955007410637
1982-01-15,0.8230956213899522
1982-01-16,0.8284578962778482
1982-01-17,0.8035916938604758
1982-01-18,0.6975782343274556
1982-01-19,0.6941546967761416
1982-01-20,0.7627111646064496
1982-01-21,0.8080291919288299
1982-01-22,0.7694017284751984
1982-01-23,0.7371242495486213
1982-01-24,0.7044350336503338
1982-01-25,0.6857496760882155
1982-01-26,0.6624139073773655
1982-01-27,0.703248206794111
1982-01-28,0.6705484666893797
1982-01-29,0.4952668656493746
1982-01-30,0.431148668335815
1982-01-31,0.3485185982217238
1982-02-01,0.3978171598056879
1982-02-02,0.1252564807058203
1982-02-03,-0.2609639183230006
1982-02-04,-0.3270629298447123
1982-02-05,-0.3053061204628502
1982-02-06,-0.3290195779016316
1982-02-07,-0.37131459531431776
1982-02-08,-0.40196464632436224
1982-02-09,-0.40300447664146977
1982-02-10,-0.4453193070729631
1982-02-11,-0.4630353480335525
1982-02-12,-0.5675477729107643
1982-02-13,-0.5998403423742094
1982-02-14,-0.3840727371085757
1982-02-15,0.10596046795058722
1982-02-16,0.3168923392583314
1982-02-17,0.5283639540753926
1982-02-18,0.42198516836281463
1982-02-19,0.31286518006694575
1982-02-20,0.21394473705835604
1982-02-21,0.24903855922151763
1982-02-22,0.2858355308535898
1982-02-23,0.3331413138827899
1982-02-24,0.3612753318395374
1982-02-25,0.33306823506933303
1982-02-26,0.2564529382061176
1982-02-27,0.20793258556960725
1982-02-28,0.2350733493358832
1982-03-01,0.29185068523620017
1982-03-02,0.3312544986869379
1982-03-03,0.38373675197246926
1982-03-04,0.4298011245902813
1982-03-05,0.40920549192741196
1982-03-06,0.3950886487574714
1982-03-07,0.4282969987285923
1982-03-08,0.47403311032160955
1982-03-09,0.5604442871859778
1982-03-10,0.7002256875496996
1982-03-11,0.9129300040362412
1982-03-12,0.9427032276487095
1982-03-13,0.9904545439927291
1982-03-14,1.1315121568567728
1982-03-15,1.2618101703109548
1982-03-16,1.2552841787072884
1982-03-17,1.0948086647443023
1982-03-18,0.9963660680425057
1982-03-19,0.8075105340737443
1982-03-20,0.7998224173591423
1982-03-21,0.8003869807665319
1982-03-22,0.7787965468415423
1982-03-23,0.7552339219995484
1982-03-24,0.710400494573044
1982-03-25,0.7386629593137802
1982-03-26,0.7679689984394036
1982-03-27,0.8070121515608266
1982-03-28,0.9241613701503304
1982-03-29,1.0783114443445507
1982-03-30,1.1984035651062217
1982-03-31,1.3520961127951838
1982-04-01,1.5023101926520737
1982-04-02,1.4977145914166015
1982-04-03,1.4913853350097748
1982-04-04,1.5278290403485855
1982-04-05,1.539617800815907
1982-04-06,1.5084843250916844
1982-04-07,1.4866925243793228
1982-04-08,1.47668399435421
1982-04-09,1.4640940083668026
1982-04-10,1.4754087957348427
1982-04-11,1.588006821868497
1982-04-12,1.6057881750364746
1982-04-13,1.5941736099569441
1982-04-14,1.569297024301107
1982-04-15,1.6148608785569722
1982-04-16,1.5038986139213424
1982-04-17,1.4805454425807891
1982-04-18,1.4620015659018848
1982-04-19,1.5425745796068302
1982-04-20,1.5608604377536897
1982-04-21,1.6189839268610582
1982-04-22,1.6831330915245941
1982-04-23,1.7984711957151227
1982-04-24,1.789222142595444
1982-04-25,1.6716656753695291
1982-04-26,1.6545922304629408
1982-04-27,1.5317414853358733
1982-04-28,1.3977677124537258
1982-04-29,1.2711141918343132
1982-04-30,0.9903209137941654
1982-05-01,0.5836059771068016
1982-05-02,0.49784654354719904
1982-05-03,0.44708308569647937
1982-05-04,0.42082770497486677
1982-05-05,0.4530955105328349
1982-05-06,0.5022535449050913
1982-05-07,0.5772458732441719
1982-05-08,0.6325220487054863
1982-05-09,0.5224707494559495
1982-05-10,0.14390765940440708
1982-05-11,-0.8637254837637224
1982-05-12,-1.3999851256919924
1982-05-13,-1.3884733520982921
1982-05-14,-1.4259468639054949
1982-05-15,-1.4436695835655948
1982-05-16,-1.2885022351533468
1982-05-17,-1.400703536612084
1982-05-18,-1.2961187043714189
1982-05-19,-1.2260403543382359
1982-05-20,-1.2010063777675093
1982-05-21,-1.0931951750171178
1982-05-22,-0.9629378930064593
1982-05-23,-1.1216780062982652
1982-05-24,-1.344952582266995
1982-05-25,-1.2118365032999558
1982-05-26,-1.1775993158369373
1982-05-27,-1.2437977261436912
1982-05-28,-1.2619459828007733
1982-05-29,-1.2566595721368103
1982-05-30,-1.2821397836380513
1982-05-31,-1.2785450562490683
1982-06-01,-1.1168260079480334
1982-06-02,-0.9573139902205934
1982-06-03,-0.9653235380336435
1982-06-04,-1.0111828361335782
1982-06-05,-0.953199872581139
1982-06-06,-0.8673388229803894
1982-06-07,-0.7737310379038628
1982-06-08,-0.7742421028766483
1982-06-09,-0.8647495503780054
1982-06-10,-0.8647495503780054
1982-06-11,-0.8647495503780054
1982-06-12,-0.8647495503780054
1982-06-13,-0.8647495503780054
1982-06-14,-0.8647495503780054
1982-06-15,-0.9891282028409888
1982-06-16,-0.9891282028409888
1982-06-17,-0.9891282028409888
1982-06-18,-0.8647495503780054
1982-06-19,-0.8647495503780054
1982-06-20,-0.7524900609505645
1982-06-21,-0.6490045722599415
1982-06-22,-0.6490045722599415
1982-06-23,-0.5520592965897126
1982-06-24,-0.4600679959189109
1982-06-25,-0.5520592965897126
1982-06-26,-0.5520592965897126
1982-06-27,-0.6490045722599415
1982-06-28,0.025576113063673356
1982-06-29,0.029241333409523396
1982-06-30,0.36201755120671186
1982-07-01,0.37184715219572495
1982-07-02,0.37729157078504727
1982-07-03,0.43618298660382315
1982-07-04,0.5152384062566848
1982-07-05,0.6225154472282506
1982-07-06,0.6891538858196355
1982-07-07,0.7481615458225279
1982-07-08,0.8071941962443457
1982-07-09,0.8396350975247963
1982-07-10,0.8655123854384578
1982-07-11,0.8459766674460761
1982-07-12,0.848563784417255
1982-07-13,0.861954087881395
1982-07-14,0.8712883687975522
1982-07-15,0.9162601476584966
1982-07-16,0.9949964358490969
1982-07-17,1.0374098134883147
1982-07-18,1.0374098134883147
1982-07-19,1.0374098134883147
1982-07-20,1.0484869716988103
1982-07-21,1.048423808208824
1982-07-22,1.0849836590073552
1982-07-23,1.0849836590073552
1982-07-24,1.1779915659407627
1982-07-25,1.2362601041349897
1982-07-26,1.3458499080127684
1982-07-27,1.3469263112773042
1982-07-28,1.2394015590075553
1982-07-29,1.3560765806722133
1982-07-30,0.9891282028409888
1982-07-31,0.9891282028409888
1982-08-01,0.9891282028409888
1982-08-02,0.9891282028409888
1982-08-03,0.9891282028409888
1982-08-04,0.9891282028409888
1982-08-05,0.9891282028409888
1982-08-06,0.9891282028409888
1982-08-07,0.9891282028409888
1982-08-08,0.9891282028409888
1982-08-09,0.9891282028409888
1982-08-10,0.9891282028409888
1982-08-11,0.9891282028409888
1982-08-12,0.8647495503780054
1982-08-13,0.8647495503780054
1982-08-14,1.1310494079581983
1982-08-15,1.1310494079581983
1982-08-16,1.1310494079581983
1982-08-17,1.1310494079581983
1982-08-18,1.1310494079581983
1982-08-19,0.9891282028409888
1982-08-20,0.9891282028409888
1982-08-21,1.1310494079581983
1982-08-22,1.1310494079581983
1982-08-23,1.1310494079581983
1982-08-24,1.1310494079581983
1982-08-25,1.1310494079581983
1982-08-26,1.1310494079581983
1982-08-27,1.1310494079581983
1982-08-28,1.1310494079581983
1982-08-29,1.1310494079581983
1982-08-30,1.1310494079581983
1982-08-31,1.1310494079581983
1982-09-01,0.9891282028409888
1982-09-02,0.9891282028409888
1982-09-03,0.9891282028409888
1982-09-04,0.9891282028409888
1982-09-05,0.9891282028409888
1982-09-06,0.9891282028409888
1982-09-07,0.9891282028409888
1982-09-08,0.8647495503780054
1982-09-09,0.8647495503780054
1982-09-10,0.8647495503780054
1982-09-11,0.8647495503780054
1982-09-12,0.9891282028409888
1982-09-13,0.8647495503780054
1982-09-14,0.8647495503780054
1982-09-15,2.1886429141582697
1982-09-16,2.216883181589743
1982-09-17,2.2753876308642176
1982-09-18,2.2977883399563908
1982-09-19,2.3636320760123217
1982-09-20,2.406513518123107
1982-09-21,2.2548299855269613
1982-09-22,2.252349536280835
1982-09-23,2.471363928962165
1982-09-24,2.7330227199952914
1982-09-25,2.880101650122988
1982-09-26,2.909959127370459
1982-09-27,2.9072790161759867
1982-09-28,3.042506353385838
1982-09-29,3.042506353385838
1982-09-30,3.124382560312271
1982-10-01,3.012851055352281
1982-10-02,3.4179988637805927
1982-10-03,3.574199885763963
1982-10-04,3.1355362958532824
1982-10-05,3.062098799237057
1982-10-06,2.9864447621009873
1982-10-07,3.025195822762112
1982-10-08,2.9968981558979473
1982-10-09,2.9282895242689655
1982-10-10,2.5793939718184595
1982-10-11,2.4282167780927733
1982-10-12,2.377513991163974
1982-10-13,2.1107057430123253
1982-10-14,2.1510417380915463
1982-10-15,1.9625429291871372
1982-10-16,1.67633424504431
1982-10-17,1.633946514034092
1982-10-18,1.537669446838449
1982-10-19,1.5546414971991007
1982-10-20,1.5065441798793544
1982-10-21,1.5176644010199247
1982-10-22,1.559575511627612
1982-10-23,1.3646275486940698
1982-10-24,1.0898669027360475
1982-10-25,1.627815345678655
1982-10-26,1.572315379114161
1982-10-27,1.5163839973673534
1982-10-28,1.4073217334023767
1982-10-29,1.4441500703716423
1982-10-30,1.5784585418571633
1982-10-31,1.5486205568954652
1982-11-01,1.5366525065246432
1982-11-02,1.5079565790694902
1982-11-03,1.5127746882970539
1982-11-04,1.5038739856964858
1982-11-05,1.4833069644998407
1982-11-06,1.4412417274049454
1982-11-07,1.4832379155085662
1982-11-08,1.4944427399920852
1982-11-09,1.5662955003973484
1982-11-10,1.7972730069693226
1982-11-11,1.8101847479587438
1982-11-12,1.7092249606262715
1982-11-13,1.71566341758386
1982-11-14,1.7126408246224272
1982-11-15,1.7264292320695291
1982-11-16,1.702101927367941
1982-11-17,1.743751419136998
1982-11-18,2.2565076633477386
1982-11-19,2.4354529625830605
1982-11-20,2.5589318902966633
1982-11-21,2.5126922970262404
1982-11-22,2.5193976280925927
1982-11-23,2.4865152190089392
1982-11-24,2.0185073869070322
1982-11-25,1.5376591921741531
1982-11-26,1.4624752297935806
1982-11-27,1.5567666594029015
1982-11-28,1.4782064092063987
1982-11-29,1.5947760098429153
1982-11-30,1.8874221175512282
1982-12-01,1.8078266511282195
1982-12-02,1.717241935971118
1982-12-03,1.6435760366224357
1982-12-04,1.599377554100121
1982-12-05,1.526704224480317
1982-12-06,1.548149263602801
1982-12-07,1.5289674787251957
1982-12-08,1.4918739123148301
1982-12-09,1.3839534372021376
1982-12-10,1.2458564118172604
1982-12-11,1.133967084481816
1982-12-12,1.120363728161456
1982-12-13,1.1113773025194469
1982-12-14,1.0988689043750157
1982-12-15,1.0547412137625738
1982-12-16,1.018478583409813
1982-12-17,0.9611484883339072
1982-12-18,0.6410016970792493
1982-12-19,0.2856642599520791
1982-12-20,0.4044827966374276
1982-12-21,0.6530640529654802
1982-12-22,1.0498753056034424
1982-12-23,1.1000844708603004
1982-12-24,1.0748367611197522
1982-12-25,1.026883074061534
1982-12-26,1.0439758949819258
1982-12-27,1.0445134795023217
1982-12-28,0.9687963882924471
1982-12-29,0.7095313074078562
1982-12-30,0.32061088254560577
1982-12-31,0.3123134792651936
1983-01-01,0.3180287750498585
1983-01-02,0.28636359737393313
1983-01-03,0.2668801008988604
1983-01-04,0.23018596114529433
1983-01-05,0.2506717453389917
1983-01-06,0.21049289701364438
1983-01-07,0.19821899985166058
1983-01-08,0.18662415850249747
1983-01-09,0.18708786150426993
1983-01-10,0.21552597016535113
1983-01-11,0.19351018909367523
1983-01-12,0.16422982083860505
1983-01-13,0.21136716519279264
1983-01-14,0.19660509187032504
1983-01-15,0.23197952745750783
1983-01-16,0.22143570500829135
1983-01-17,0.20872158901129279
1983-01-18,0.3750184121512459
1983-01-19,0.43859684559985546
1983-01-20,0.1509049723618916
1983-01-21,-0.430408543602961
1983-01-22,-0.12308873536681864
1983-01-23,0.27914176720612516
1983-01-24,0.4431965582884063
1983-01-25,0.42377688068811126
1983-01-26,0.5848434460495915
1983-01-27,0.810536337951586
1983-01-28,0.9687100508764672
1983-01-29,1.0755164287452748
1983-01-30,1.093769336442352
1983-01-31,1.1084397000904547
1983-02-01,1.1414652123005506
1983-02-02,1.1482188248238345
1983-02-03,1.1310842639555694
1983-02-04,1.1327940532586058
1983-02-05,1.180866489752666
1983-02-06,1.2806746490633274
1983-02-07,1.4939221332346486
1983-02-08,1.5700893816823667
1983-02-09,1.58004157174959
1983-02-10,1.5812625553373159
1983-02-11,1.6173908504629266
1983-02-12,1.7074269846214531
1983-02-13,1.7191262160924436
1983-02-14,1.6989230580179067
1983-02-15,1.7173336356658488
1983-02-16,1.7402144334267968
1983-02-17,1.7056162581488377
1983-02-18,1.6919317085336438
1983-02-19,1.74223640751429
1983-02-20,1.648664244159852
1983-02-21,1.4688452820734716
1983-02-22,1.2306148527516414
1983-02-23,1.113946561634007
1983-02-24,1.0958824022776048
1983-02-25,1.0287483975534624
1983-02-26,1.0200521478575153
1983-02-27,0.9718038656864478
1983-02-28,0.9846036506936345
1983-03-01,1.144083971672645
1983-03-02,1.2246307623677835
1983-03-03,1.2402841610821598
1983-03-04,1.3033226973559866
1983-03-05,1.3426844231581243
1983-03-06,1.4215596674364444
1983-03-07,1.365028921658936
1983-03-08,1.3100277082055634
1983-03-09,1.0643870901622308
1983-03-10,1.0067952845970123
1983-03-11,1.0817778016950779
1983-03-12,1.280715199089101
1983-03-13,1.4950812300646068
1983-03-14,1.6007973398663298
1983-03-15,1.6157371098607416
1983-03-16,1.7522226098188205
1983-03-17,1.889092469834923
1983-03-18,1.943212846043048
1983-03-19,1.9811350455354346
1983-03-20,1.9627968895685726
1983-03-21,1.9694435607572374
1983-03-22,1.9438199858406926
1983-03-23,1.950175850488069
1983-03-24,1.904911063912877
1983-03-25,1.875293952075054
1983-03-26,1.7433757915077115
1983-03-27,1.7021464241364024
1983-03-28,1.6834360780358142
1983-03-29,1.6430220051392483
1983-03-30,1.6067258177350923
1983-03-31,1.4719014451287866
1983-04-01,1.405533536355866
1983-04-02,1.3834226144719048
1983-04-03,1.3533448402831716
1983-04-04,1.3466625947935436
1983-04-05,1.3075410615651024
1983-04-06,1.2241251801171684
1983-04-07,1.188901795228651
1983-04-08,1.1879570613062316
1983-04-09,1.1379718428825933
1983-04-10,1.1222295917195406
1983-04-11,0.9676870713422612
1983-04-12,0.7499627357663076
1983-04-13,0.6897020454027376
1983-04-14,0.7135205924766127
1983-04-15,0.6822276329108031
1983-04-16,0.5067972190277334
1983-04-17,0.4423035458541815
1983-04-18,0.4611198401761387
1983-04-19,0.42602287640328185
1983-04-20,0.23267531085565185
1983-04-21,0.1938704627534611
1983-04-22,-0.004168305327359123
1983-04-23,-0.07547469866717416
1983-04-24,-0.058920139873494204
1983-04-25,-0.10210963084579538
1983-04-26,-0.09942135480981595
1983-04-27,0.23209425703838105
1983-04-28,0.5400535494694629
1983-04-29,0.6966929278048423
1983-04-30,0.8921625016455162
1983-05-01,0.8953409058275942
1983-05-02,0.9131986107268303
1983-05-03,0.9649240101433729
1983-05-04,1.0363265794521888
1983-05-05,1.1429749948913537
1983-05-06,1.250317028527848
1983-05-07,1.3274970201477438
1983-05-08,1.3935967260453874
1983-05-09,1.4336599489035922
1983-05-10,1.4322542642561222
1983-05-11,1.4948975536615687
1983-05-12,1.5935983944552325
1983-05-13,1.6373011355918843
1983-05-14,1.6707369020530514
1983-05-15,1.5398836619739056
1983-05-16,1.4432501551023187
1983-05-17,1.4845408373885727
1983-05-18,1.3936133419952423
1983-05-19,1.3038788622056774
1983-05-20,1.370598769138689
1983-05-21,1.3607881208596355
1983-05-22,1.3731267752912337
1983-05-23,1.3115643539770754
1983-05-24,1.2710647097364292
1983-05-25,1.256338047786798
1983-05-26,1.2118034053817128
1983-05-27,0.9338063845338753
1983-05-28,0.46003706177676484
1983-05-29,0.10417110043696542
1983-05-30,-0.41286595214019206
1983-05-31,-0.4057922835900327
1983-06-01,-0.3443102656099357
1983-06-02,-0.2615562118187893
1983-06-03,-0.267423621235642
1983-06-04,-0.6038536290691885
1983-06-05,-1.1310494079581983
1983-06-06,-0.9891282028409888
1983-06-07,-0.8647495503780054
1983-06-08,-0.8647495503780054
1983-06-09,-0.8647495503780054
1983-06-10,-0.8190525864003396
1983-06-11,-0.8233954112850806
1983-06-12,-0.8177414725049541
1983-06-13,-0.7800787382187349
1983-06-14,-0.8015386578741016
1983-06-15,-0.8476056039487061
1983-06-16,-0.8408702522088305
1983-06-17,-0.7887256572419613
1983-06-18,-0.7096259882005845
1983-06-19,-0.6785668980573745
1983-06-20,-0.5152454118211629
1983-06-21,-0.43096793395598354
1983-06-22,-0.39553340816777616
1983-06-23,-0.3086920246652991
1983-06-24,-0.26682931333938864
1983-06-25,-0.29748251625296795
1983-06-26,-0.27342959821419877
1983-06-27,-0.27022538185876877
1983-06-28,-0.29427942944181784
1983-06-29,-0.3223152526837487
1983-06-30,-0.2847253041995932
1983-07-01,-0.2747633236130309
1983-07-02,-0.2689917213493116
1983-07-03,-0.165291098974494
1983-07-04,-0.06770937529657162
1983-07-05,-0.0002087072878009799
1983-07-06,0.01800447854952858
1983-07-07,0.06279063279612163
1983-07-08,0.17463707223980696
1983-07-09,0.209553976324234
1983-07-10,0.12131350227884008
1983-07-11,0.2864638840293281
1983-07-12,0.2864638840293281
1983-07-13,0.3718451951014077
1983-07-14,0.3718451951014077
1983-07-15,0.3718451951014077
1983-07-16,0.3718451951014077
1983-07-17,0.3718451951014077
1983-07-18,0.3718451951014077
1983-07-19,0.3718451951014077
1983-07-20,0.3718451951014077
1983-07-21,0.4600679959189107
1983-07-22,0.3718451951014077
1983-07-23,0.3718451951014077
1983-07-24,0.4600679959189107
1983-07-25,0.6490045722599415
1983-07-26,0.8647495503780054
1983-07-27,0.8647495503780054
1983-07-28,0.7524900609505645
1983-07-29,0.8647495503780054
1983-07-30,0.9891282028409888
1983-07-31,0.9891282028409888
1983-08-01,0.9891282028409888
1983-08-02,0.9891282028409888
1983-08-03,0.9891282028409888
1983-08-04,0.9891282028409888
1983-08-05,0.9891282028409888
1983-08-06,0.9891282028409888
1983-08-07,0.9891282028409888
1983-08-08,0.9891282028409888
1983-08-09,0.9891282028409888
1983-08-10,0.9891282028409888
1983-08-11,0.9891282028409888
1983-08-12,0.8647495503780054
1983-08-13,0.8647495503780054
1983-08-14,1.1310494079581983
1983-08-15,1.1310494079581983
1983-08-16,1.1310494079581983
1983-08-17,1.1310494079581983
1983-08-18,1.1310494079581983
1983-08-19,1.1921568184830071
1983-08-20,1.1921568184830071
1983-08-21,1.219954322829112
1983-08-22,1.219954322829112
1983-08-23,1.219954322829112
1983-08-24,1.2190447034540866
1983-08-25,1.2156579175795637
1983-08-26,1.2156579175795637
1983-08-27,1.2194727982476081
1983-08-28,1.2194727982476081
1983-08-29,1.2194727982476081
1983-08-30,1.2282522493040333
1983-08-31,1.4789258868616928
1983-09-01,1.8863780264332881
1983-09-02,1.8863780264332881
1983-09-03,1.8863780264332881
1983-09-04,1.8863780264332881
1983-09-05,2.426468469526947
1983-09-06,2.426468469526947
1983-09-07,2.426468469526947
1983-09-08,2.38690151898
1983-09-09,2.38690151898
1983-09-10,2.38690151898
1983-09-11,2.414396720167376
1983-09-12,2.3442058644417467
1983-09-13,2.345053671215782
1983-09-14,2.306692281198124
1983-09-15,2.306692281198124
1983-09-16,2.064446317257882
1983-09-17,2.064446317257882
1983-09-18,1.875345605505609
1983-09-19,1.8900418458649946
1983-09-20,1.8686226334820129
1983-09-21,1.832918927579898
1983-09-22,2.1725572197851712
1983-09-23,2.1651486489703093
1983-09-24,2.180964246636403
1983-09-25,2.150210271983125
1983-09-26,2.150210271983125
1983-09-27,2.144649324583533
1983-09-28,2.2314218751246373
1983-09-29,2.4941144097838706
1983-09-30,2.7356617394019906
1983-10-01,2.6393686975771655
1983-10-02,3.048045025136402
1983-10-03,3.1377940403159834
1983-10-04,2.427542777148121
1983-10-05,2.319597413744258
1983-10-06,2.203040129739942
1983-10-07,2.2012718689154998
1983-10-08,2.161741871590676
1983-10-09,2.007298699704841
1983-10-10,1.6723285401148593
1983-10-11,1.5475546386415446
1983-10-12,1.4879519672758619
1983-10-13,1.2706237916833438
1983-10-14,1.2768266620036375
1983-10-15,1.2552322374237157
1983-10-16,1.148319789208137
1983-10-17,1.1185795490426291
1983-10-18,1.1065053629629227
1983-10-19,1.0662432322361417
1983-10-20,1.057510080540374
1983-10-21,0.9757955528638356
1983-10-22,0.6983098812755405
1983-10-23,0.6570460458927265
1983-10-24,0.6609082016680623
1983-10-25,0.5729803926878343
1983-10-26,0.4716396950609574
1983-10-27,0.46513240728409055
1983-10-28,0.4158360671595416
1983-10-29,0.3382069570777626
1983-10-30,0.2155847830389559
1983-10-31,-0.024210374795252454
1983-11-01,-0.05109005060315286
1983-11-02,-0.018259520291040054
1983-11-03,0.010639716619850637
1983-11-04,0.043866584456467184
1983-11-05,0.05227318723323515
1983-11-06,0.05944934503863086
1983-11-07,-0.09316210970206629
1983-11-08,-0.16193025906491165
1983-11-09,-0.13798159793044684
1983-11-10,1.0693180034892054
1983-11-11,1.245542559761698
1983-11-12,1.3046188361043858
1983-11-13,1.524024559683748
1983-11-14,1.5222190390096952
1983-11-15,1.5392007613745653
1983-11-16,1.7706932951626229
1983-11-17,2.0341370372667984
1983-11-18,2.3322959504501113
1983-11-19,2.4213227733235154
1983-11-20,2.635303542770999
1983-11-21,2.607214806825761
1983-11-22,2.5960159590693404
1983-11-23,2.7428893669361347
1983-11-24,3.0127461114253395
1983-11-25,2.590348283247661
1983-11-26,2.533460582757007
1983-11-27,2.6734519660121276
1983-11-28,2.655501834214337
1983-11-29,2.5030218432562483
1983-11-30,2.34028843800074
1983-12-01,2.2441348311207925
1983-12-02,2.153835544558391
1983-12-03,2.1100954849656457
1983-12-04,2.0631122221278897
1983-12-05,1.9792358953635496
1983-12-06,2.031699210857033
1983-12-07,2.0417322142967107
1983-12-08,2.0201800425903134
1983-12-09,2.085080583515481
1983-12-10,1.717738053625351
1983-12-11,1.5641239289429691
1983-12-12,1.4597343660091862
1983-12-13,1.276740621982223
1983-12-14,1.2581255388548824
1983-12-15,1.20623734705661
1983-12-16,0.9260095276875205
1983-12-17,0.5594120250888945
1983-12-18,0.49238940078671245
1983-12-19,0.25005878941547066
1983-12-20,0.11518836790700449
1983-12-21,0.05304553690867486
1983-12-22,0.21801817473543617
1983-12-23,0.20763312319199745
1983-12-24,0.457056288661422
1983-12-25,0.6180899869282388
1983-12-26,0.717782707157152
1983-12-27,0.7435595999629896
1983-12-28,0.7483883990916262
1983-12-29,0.754001055214388
1983-12-30,0.7669410257045396
1983-12-31,0.7765646008939746
1984-01-01,0.7554063997663807
1984-01-02,0.6495774292671104
1984-01-03,0.6399415069630675
1984-01-04,0.6044579682714903
1984-01-05,0.5912700541696707
1984-01-06,0.5756286555235692
1984-01-07,0.5402332417893663
1984-01-08,0.3971169395942584
1984-01-09,0.35232994682832874
1984-01-10,0.31756726105446287
1984-01-11,0.32443353885387727
1984-01-12,0.3052293769558023
1984-01-13,0.3463045340937003
1984-01-14,0.33620768689487934
1984-01-15,0.38709987653322253
1984-01-16,0.40926721591231496
1984-01-17,0.421576158355742
1984-01-18,0.4048988498328294
1984-01-19,0.42436515690965226
1984-01-20,0.4008490334544783
1984-01-21,0.2717556431364714
1984-01-22,0.12073427121276503
1984-01-23,-0.7523646539627167
1984-01-24,-1.085298918202562
1984-01-25,-1.2070934397181228
1984-01-26,-1.2044798170576625
1984-01-27,-1.2521863644753206
1984-01-28,-1.2625071301006088
1984-01-29,-1.423454708803241
1984-01-30,-1.4301260096288297
1984-01-31,-1.3422926455603683
1984-02-01,-1.2660035302356434
1984-02-02,-1.2845213704207685
1984-02-03,-1.201951075703421
1984-02-04,-1.1676868352273604
1984-02-05,-1.1470286744358273
1984-02-06,-1.2670927696000576
1984-02-07,-1.3307361155535515
1984-02-08,-1.3024731876735995
1984-02-09,-1.1019872245410807
1984-02-10,-1.035327452325847
1984-02-11,-1.0323619781130342
1984-02-12,-1.070969147250242
1984-02-13,-0.8790869127293384
1984-02-14,-0.9038830424141315
1984-02-15,-0.6923745697827552
1984-02-16,-0.696093183036011
1984-02-17,-0.7130228476832339
1984-02-18,-0.7299635384935436
1984-02-19,-0.761515308754369
1984-02-20,-0.454998309220056
1984-02-21,-0.15848816734454507
1984-02-22,-0.1234594564657816
1984-02-23,-0.055408317242345184
1984-02-24,0.02037834123607718
1984-02-25,0.015941647504021494
1984-02-26,-0.05290344318618034
1984-02-27,-0.08691367359564373
1984-02-28,-0.10480400751402996
1984-03-01,-0.15009206544125075
1984-03-02,-0.18018074746027368
1984-03-03,-0.23445243904350455
1984-03-04,-0.27220158535085304
1984-03-05,-0.3151863521410192
1984-03-06,-0.3555426138912374
1984-03-07,-0.2616903498071457
1984-03-08,-0.22338247495946373
1984-03-09,-0.1712197193974716
1984-03-10,-0.11880999538390635
1984-03-11,-0.1955227194866942
1984-03-12,-0.24240925115494516
1984-03-13,0.03159255229290925
1984-03-14,-0.05615364400913059
1984-03-15,-0.18458752358723118
1984-03-16,-0.08419442160995239
1984-03-17,-0.34383584031194725
1984-03-18,-0.2952462328723504
1984-03-19,-0.26499645322382026
1984-03-20,-0.2575354100909637
1984-03-21,-0.1852124423238799
1984-03-22,-0.4631570605720532
1984-03-23,-0.7315583531924446
1984-03-24,-0.6793723582746349
1984-03-25,-0.625790861667487
1984-03-26,-0.4894132602053607
1984-03-27,-0.46420581847465026
1984-03-28,-0.47056295638107515
1984-03-29,-0.446354134520772
1984-03-30,-0.4570781833466502
1984-03-31,-0.3065537392735789
1984-04-01,-0.24221651429874624
1984-04-02,-0.17663286901559183
1984-04-03,-0.16179966875367446
1984-04-04,-0.10875887092303471
1984-04-05,-0.08790809416822198
1984-04-06,-0.10225257995047876
1984-04-07,-0.12824747308125684
1984-04-08,-0.15529259299288012
1984-04-09,-0.13715074847206732
1984-04-10,-0.05463355488839938
1984-04-11,-0.03785874183037152
1984-04-12,-0.41370597375274976
1984-04-13,-0.41944510913158495
1984-04-14,-0.4370784561404617
1984-04-15,-0.8227770037787393
1984-04-16,-0.8588545579860363
1984-04-17,-1.0161052679922213
1984-04-18,-0.7562997013541795
1984-04-19,-0.7379725008731173
1984-04-20,-0.7323206063229623
1984-04-21,-0.588660004330849
1984-04-22,-0.6220950557016842
1984-04-23,-0.5856863979926623
1984-04-24,-0.5313023910054635
1984-04-25,-0.4679802954429122
1984-04-26,-0.43393427142324104
1984-04-27,-0.3760719106288166
1984-04-28,-0.256833078288881
1984-04-29,-0.2359839478372785
1984-04-30,-0.3737715668270518
1984-05-01,-0.4055078976960056
1984-05-02,-0.384632619978418
1984-05-03,-0.3653686613136158
1984-05-04,-0.32278265658043015
1984-05-05,-0.25997755864712646
1984-05-06,-0.1983684381779105
1984-05-07,-0.16189504619901185
1984-05-08,-0.12012546285823111
1984-05-09,-0.14495296311115813
1984-05-10,-0.29606334297602777
1984-05-11,-0.3309010106555512
1984-05-12,-0.27888963769374486
1984-05-13,-0.25114764791981137
1984-05-14,-0.27372876100624066
1984-05-15,-0.3350923861235253
1984-05-16,-0.22572460813001438
1984-05-17,-0.19561043267294553
1984-05-18,-0.5721808799144457
1984-05-19,-0.5462920913858011
1984-05-20,-0.5085866653436251
1984-05-21,-0.6675704599520333
1984-05-22,-0.6386544630852343
1984-05-23,-0.6890686105343524
1984-05-24,-0.8947463165069517
1984-05-25,-0.8372126482954315
1984-05-26,-0.8013675592803108
1984-05-27,-0.8002757354990795
1984-05-28,-1.3946198210429315
1984-05-29,-1.3894577775896912
1984-05-30,-1.4135212874660001
1984-05-31,-1.518236134652101
1984-06-01,-1.3003424747926249
1984-06-02,-1.1310494079581983
1984-06-03,-1.138090085910581
1984-06-04,-0.9240822366984157
1984-06-05,-0.860850180421753
1984-06-06,-0.7898095500494836
1984-06-07,-0.7072014730457895
1984-06-08,-0.7073019200148384
1984-06-09,-0.7033459799133704
1984-06-10,-0.7054559168322595
1984-06-11,-0.7102256629949909
1984-06-12,-0.7014957893344574
1984-06-13,-0.6523626010345204
1984-06-14,-0.6710641163845128
1984-06-15,-0.6792584384992605
1984-06-16,-0.6682884456289557
1984-06-17,-0.6029729032580575
1984-06-18,-0.5413735803548547
1984-06-19,-0.5036021978151002
1984-06-20,-0.3398649083334444
1984-06-21,-0.26778865612915803
1984-06-22,-0.22874861795542456
1984-06-23,-0.14628167655760094
1984-06-24,0.009309997231775169
1984-06-25,0.01907623257699398
1984-06-26,0.04683169534880682
1984-06-27,0.09580981513876519
1984-06-28,0.04245210325896043
1984-06-29,0.012552777313997954
1984-06-30,0.06649676410506777
1984-07-01,0.07745742949347845
1984-07-02,0.08366094671111357
1984-07-03,0.11452109157546797
1984-07-04,-0.043006112537763874
1984-07-05,0.025020995391228595
1984-07-06,0.045276034140130594
1984-07-07,0.09191027736055246
1984-07-08,0.20033313939223962
1984-07-09,0.23624099878695493
1984-07-10,0.3367848431661833
1984-07-11,0.3988966130525333
1984-07-12,0.40077044522827543
1984-07-13,0.4592542605408634
1984-07-14,0.4591786294326916
1984-07-15,0.43687665220792504
1984-07-16,0.46715016843236024
1984-07-17,0.48462285981833664
1984-07-18,0.48462285981833664
1984-07-19,0.48462285981833664
1984-07-20,0.4865674802598192
1984-07-21,0.5276041162334901
1984-07-22,0.49667582355732054
1984-07-23,0.49667582355732054
1984-07-24,0.4600679959189107
1984-07-25,0.6490045722599415
1984-07-26,0.8647495503780054
1984-07-27,0.8647495503780054
1984-07-28,0.7524900609505645
1984-07-29,0.8647495503780054
1984-07-30,0.9891282028409888
1984-07-31,0.9891282028409888
1984-08-01,0.9891282028409888
1984-08-02,0.9891282028409888
1984-08-03,0.9891282028409888
1984-08-04,0.9891282028409888
1984-08-05,0.9891282028409888
1984-08-06,0.9891282028409888
1984-08-07,0.9891282028409888
1984-08-08,0.9891282028409888
1984-08-09,0.9891282028409888
1984-08-10,0.9891282028409888
1984-08-11,0.9891282028409888
1984-08-12,0.8647495503780054
1984-08-13,0.8647495503780054
1984-08-14,1.1310494079581983
1984-08-15,1.1310494079581983
1984-08-16,1.1310494079581983
1984-08-17,1.1310494079581983
1984-08-18,1.1310494079581983
1984-08-19,0.9891282028409888
1984-08-20,0.9891282028409888
1984-08-21,1.1310494079581983
1984-08-22,1.1310494079581983
1984-08-23,1.1310494079581983
1984-08-24,1.1310494079581983
1984-08-25,1.1310494079581983
1984-08-26,1.1310494079581983
1984-08-27,1.1310494079581983
1984-08-28,1.1310494079581983
1984-08-29,1.1310494079581983
1984-08-30,1.1310494079581983
1984-08-31,1.1310494079581983
1984-09-01,0.9891282028409888
1984-09-02,0.9891282028409888
1984-09-03,0.9891282028409888
1984-09-04,0.9891282028409888
1984-09-05,0.9891282028409888
1984-09-06,0.9891282028409888
1984-09-07,0.9891282028409888
1984-09-08,0.8647495503780054
1984-09-09,0.8647495503780054
1984-09-10,0.8647495503780054
1984-09-11,0.8647495503780054
1984-09-12,0.9891282028409888
1984-09-13,0.8647495503780054
1984-09-14,0.8647495503780054
1984-09-15,0.8647495503780054
1984-09-16,0.7524900609505645
1984-09-17,0.7524900609505645
1984-09-18,0.8647495503780054
1984-09-19,0.7524900609505645
1984-09-20,0.5520592965897126
1984-09-21,0.4600679959189107
1984-09-22,0.4600679959189107
1984-09-23,0.4600679959189107
1984-09-24,0.4600679959189107
1984-09-25,0.3718451951014077
1984-09-26,0.3718451951014077
1984-09-27,0.3718451951014077
1984-09-28,0.2864638840293281
1984-09-29,0.2864638840293281
1984-09-30,0.18108819551013444
1984-10-01,0.17524187700809324
1984-10-02,-0.07666855131224981
1984-10-03,-0.1891966295517371
1984-10-04,-0.25721578277660684
1984-10-05,-0.18553190599499336
1984-10-06,-0.18318715983459977
1984-10-07,-0.18407151338345185
1984-10-08,-0.1843122589517785
1984-10-09,-0.2711746037590954
1984-10-10,0.5083004968979838
1984-10-11,1.0301037809940852
1984-10-12,0.9739854519443404
1984-10-13,0.818256302413496
1984-10-14,0.801632371502962
1984-10-15,0.7981555839525585
1984-10-16,1.591411054973754
1984-10-17,1.6143226289785064
1984-10-18,1.6383432293208953
1984-10-19,1.6681570868086526
1984-10-20,1.6113996393049796
1984-10-21,1.6264370047030123
1984-10-22,1.6244904075805466
1984-10-23,1.5708713791270994
1984-10-24,1.4326615220262693
1984-10-25,1.4178911001207015
1984-10-26,1.2367381796025916
1984-10-27,1.1962474284671236
1984-10-28,1.10905614178694
1984-10-29,1.0435404370329642
1984-10-30,0.9797887235477784
1984-10-31,0.9313642394104177
1984-11-01,0.9323668304246803
1984-11-02,0.9871717974778887
1984-11-03,1.0145135923495041
1984-11-04,1.0208521476955008
1984-11-05,1.0279650861421261
1984-11-06,1.0459141061045583
1984-11-07,1.2330107687105016
1984-11-08,1.440800817417702
1984-11-09,1.3082726884083653
1984-11-10,1.330962688112931
1984-11-11,1.3504359073132859
1984-11-12,1.4528218653416427
1984-11-13,1.6339658154074264
1984-11-14,1.6314552300749403
1984-11-15,1.30437168420363
1984-11-16,1.3194996233066425
1984-11-17,1.3132778694474854
1984-11-18,1.5466063368292415
1984-11-19,1.4687365070286047
1984-11-20,1.5964137109013592
1984-11-21,1.6072806135308673
1984-11-22,1.5857822818891472
1984-11-23,1.754825306802323
1984-11-24,2.0718916230469304
1984-11-25,1.786967139996383
1984-11-26,1.7147794765740718
1984-11-27,2.0625464320753855
1984-11-28,2.0920953107733786
1984-11-29,2.0087396336086343
1984-11-30,1.8719564741296206
1984-12-01,1.7494374181674974
1984-12-02,1.7037900011903528
1984-12-03,1.659929528072646
1984-12-04,1.6155727805632307
1984-12-05,1.549156561911604
1984-12-06,1.5578217361900555
1984-12-07,1.395189150872222
1984-12-08,1.1973951098737197
1984-12-09,1.3343081135100672
1984-12-10,1.2401010829430072
1984-12-11,1.2581879651414818
1984-12-12,1.0855338814123034
1984-12-13,0.8673000472213799
1984-12-14,0.8756317774340252
1984-12-15,0.9548710002308559
1984-12-16,0.856108949743091
1984-12-17,0.8058092514988061
1984-12-18,0.7021242704173877
1984-12-19,0.6905895152116407
1984-12-20,0.6166787743848723
1984-12-21,0.5131762843548362
1984-12-22,0.4874897034091503
1984-12-23,0.3826588556986954
1984-12-24,0.157070025712587
1984-12-25,0.12570889085613768
1984-12-26,0.19235526816289572
1984-12-27,-0.03409778750819381
1984-12-28,-0.00039841506665494464
1984-12-29,0.001145059125549075
1984-12-30,0.02363264191652137
1984-12-31,0.050341130297474335
1985-01-01,-0.04642338229831622
1985-01-02,0.1573848456656104
1985-01-03,0.13403188588642334
1985-01-04,0.10959543645987346
1985-01-05,0.14091911000318613
1985-01-06,0.11416812804842502
1985-01-07,0.2775738943974786
1985-01-08,0.08624090608329316
1985-01-09,0.08577745865776931
1985-01-10,-0.0460717675929041
1985-01-11,-0.061724449155346806
1985-01-12,-0.06236282075137756
1985-01-13,-0.05060548550605404
1985-01-14,-0.291702084578626
1985-01-15,-0.28973890058039253
1985-01-16,-0.3265701626933981
1985-01-17,-0.33443424098460994
1985-01-18,-0.31267149158376917
1985-01-19,-0.2512091332688886
1985-01-20,-0.31371339149358435
1985-01-21,-0.30340145097158766
1985-01-22,-0.33656311960247653
1985-01-23,-0.5613503527567851
1985-01-24,-0.568540674545509
1985-01-25,-0.5923016636857992
1985-01-26,-0.636232632885771
1985-01-27,-0.6832615035300773
1985-01-28,-0.6079714605634512
1985-01-29,-0.5806802012765133
1985-01-30,-0.5066112642578264
1985-01-31,-0.4210836414408017
1985-02-01,-0.6591577871043399
1985-02-02,-0.7196182144135739
1985-02-03,-0.693787833459884
1985-02-04,-0.5679000464298858
1985-02-05,-0.5863438191900778
1985-02-06,-1.065763328464405
1985-02-07,-0.71736373773758
1985-02-08,-0.2018640155137752
1985-02-09,-0.2030723353457753
1985-02-10,-0.24124502240969492
1985-02-11,-0.2341593980283352
1985-02-12,-0.30142492868547444
1985-02-13,-0.30307690685174116
1985-02-14,-0.3088363997186674
1985-02-15,-0.329290453366222
1985-02-16,-0.352622988530888
1985-02-17,-0.3625420497246179
1985-02-18,-0.37427668430186034
1985-02-19,-0.39435348914007373
1985-02-20,-0.38120439537753215
1985-02-21,-0.3274701773692965
1985-02-22,-0.29323075224741
1985-02-23,-0.21670484767476905
1985-02-24,-0.12781071641633623
1985-02-25,-0.13037675625861644
1985-02-26,-0.22455782351001918
1985-02-27,-0.29448137309544453
1985-02-28,-0.3154696579895948
1985-03-01,-0.4005052686247803
1985-03-02,-0.429893609744483
1985-03-03,-0.5292857397529518
1985-03-04,-0.5101951909255731
1985-03-05,-0.40141788905166975
1985-03-06,-0.2904973721536439
1985-03-07,-0.1185410406051779
1985-03-08,-0.06204497163291767
1985-03-09,-0.14707491860483057
1985-03-10,-0.340928523697521
1985-03-11,-0.2784723566697871
1985-03-12,-0.2604173199853719
1985-03-13,-0.3272228311907075
1985-03-14,-0.4270619561576223
1985-03-15,-0.4680230681002022
1985-03-16,-0.5114986012089862
1985-03-17,-0.38629561132280354
1985-03-18,-0.24819318747710928
1985-03-19,-0.2174803350326704
1985-03-20,-0.21137766651505907
1985-03-21,-0.14213647573096844
1985-03-22,-0.12407126299694071
1985-03-23,-0.10763252723365313
1985-03-24,-0.095652106805026
1985-03-25,-0.07443864949303958
1985-03-26,0.351969357595981
1985-03-27,0.4700769564571343
1985-03-28,0.5158417495018117
1985-03-29,0.5419936311777096
1985-03-30,0.5778895448981938
1985-03-31,0.5780962311154092
1985-04-01,0.6263932078108461
1985-04-02,0.6479016977032838
1985-04-03,0.6224478135409877
1985-04-04,0.5689183628138781
1985-04-05,0.4379759142468791
1985-04-06,0.35458239678606795
1985-04-07,0.3032621231401289
1985-04-08,0.2196778210985295
1985-04-09,0.02314934906806121
1985-04-10,-0.009846557902681408
1985-04-11,-0.01155096188327942
1985-04-12,-0.00573407410960769
1985-04-13,0.002845394367963605
1985-04-14,0.017784304035683318
1985-04-15,-0.009308520287431454
1985-04-16,-0.10693197238827445
1985-04-17,-0.23539418365225573
1985-04-18,-0.18765128684256238
1985-04-19,-0.1559637032051273
1985-04-20,-0.1466939311669957
1985-04-21,-0.07828458252508708
1985-04-22,-0.029319072616459163
1985-04-23,0.030637009926991476
1985-04-24,0.0811525255317167
1985-04-25,-0.7388839393533082
1985-04-26,-1.2751655221010374
1985-04-27,-1.3488925077331277
1985-04-28,-1.332589189520928
1985-04-29,-1.6091069487667173
1985-04-30,-1.6047082531404833
1985-05-01,-2.5631006131822627
1985-05-02,-2.5413382518760743
1985-05-03,-2.5619895403739728
1985-05-04,-2.558595048089045
1985-05-05,-2.4897686844114673
1985-05-06,-2.412247616653197
1985-05-07,-2.359597317997268
1985-05-08,-2.3504103691081224
1985-05-09,-1.7459476644952994
1985-05-10,-1.7362804146174908
1985-05-11,-1.7419505531306945
1985-05-12,-1.7390511114972045
1985-05-13,-1.7356618925163128
1985-05-14,-1.7528120111315544
1985-05-15,-1.7561480479222022
1985-05-16,-1.677387122817172
1985-05-17,-1.849009486376166
1985-05-18,-1.849009486376166
1985-05-19,-1.849009486376166
1985-05-20,-1.849009486376166
1985-05-21,-1.518236134652101
1985-05-22,-1.1310494079581983
1985-05-23,-1.518236134652101
1985-05-24,-1.518236134652101
1985-05-25,-1.3003424747926249
1985-05-26,-1.3003424747926249
1985-05-27,-1.518236134652101
1985-05-28,-1.518236134652101
1985-05-29,-1.518236134652101
1985-05-30,-1.518236134652101
1985-05-31,-1.518236134652101
1985-06-01,-0.9563340945297296
1985-06-02,-0.14118756858339054
1985-06-03,-0.14599773557417328
1985-06-04,-0.19060504636098807
1985-06-05,-0.13608312328582728
1985-06-06,-0.1250995482282553
1985-06-07,-0.09941793555643996
1985-06-08,-0.09308378505459047
1985-06-09,-0.0825681580931783
1985-06-10,-0.08196087672405206
1985-06-11,-0.07985884988872716
1985-06-12,-0.059759835009676854
1985-06-13,-0.00055679040648271
1985-06-14,0.045392748827895124
1985-06-15,0.1208390131285495
1985-06-16,0.14936681167667998
1985-06-17,0.23141008905253768
1985-06-18,0.2746698472356024
1985-06-19,0.31330183210920004
1985-06-20,0.4460302438763899
1985-06-21,0.48150389212888434
1985-06-22,0.5078081352868247
1985-06-23,0.5868161445077942
1985-06-24,0.6396882999828963
1985-06-25,0.7035000164382735
1985-06-26,0.7252426134492357
1985-06-27,0.825953319953798
1985-06-28,0.7771702603898131
1985-06-29,0.7641868398025703
1985-06-30,0.8314922969075633
1985-07-01,0.6779878018199522
1985-07-02,-0.5520592965897126
1985-07-03,-0.4600679959189109
1985-07-04,-0.2864638840293281
1985-07-05,-0.2031677405400667
1985-07-06,-0.2031677405400667
1985-07-07,-0.2031677405400667
1985-07-08,-0.0403306146232707
1985-07-09,-0.0403306146232707
1985-07-10,0.12131350227884008
1985-07-11,0.2864638840293281
1985-07-12,0.2864638840293281
1985-07-13,0.3718451951014077
1985-07-14,0.3718451951014077
1985-07-15,0.3718451951014077
1985-07-16,0.3718451951014077
1985-07-17,0.3718451951014077
1985-07-18,0.3718451951014077
1985-07-19,0.3718451951014077
1985-07-20,0.3718451951014077
1985-07-21,0.4600679959189107
1985-07-22,0.3718451951014077
1985-07-23,0.3718451951014077
1985-07-24,0.4600679959189107
1985-07-25,0.6490045722599415
1985-07-26,0.8647495503780054
1985-07-27,0.8647495503780054
1985-07-28,0.7524900609505645
1985-07-29,0.8647495503780054
1985-07-30,0.9891282028409888
1985-07-31,0.9891282028409888
1985-08-01,0.9891282028409888
1985-08-02,0.9891282028409888
1985-08-03,0.9891282028409888
1985-08-04,0.9891282028409888
1985-08-05,0.9891282028409888
1985-08-06,0.9891282028409888
1985-08-07,0.9891282028409888
1985-08-08,0.9891282028409888
1985-08-09,0.9891282028409888
1985-08-10,0.9891282028409888
1985-08-11,0.9891282028409888
1985-08-12,0.8647495503780054
1985-08-13,0.8647495503780054
1985-08-14,1.1310494079581983
1985-08-15,1.1310494079581983
1985-08-16,1.1310494079581983
1985-08-17,1.1717872138412186
1985-08-18,1.1717872138412186
1985-08-19,1.0963994556235444
1985-08-20,1.0963994556235444
1985-08-21,1.1514255638505162
1985-08-22,1.1514255638505162
1985-08-23,1.1514255638505162
1985-08-24,1.1508575066010511
1985-08-25,1.1487824089058774
1985-08-26,1.1487824089058774
1985-08-27,1.1468675828923325
1985-08-28,1.1468675828923325
1985-08-29,1.1468675828923325
1985-08-30,1.151834846581112
1985-08-31,1.1612431053180228
1985-09-01,1.060734210106181
1985-09-02,1.060734210106181
1985-09-03,1.060734210106181
1985-09-04,1.060734210106181
1985-09-05,1.2243001132329938
1985-09-06,1.2243001132329938
1985-09-07,1.2243001132329938
1985-09-08,2.3266538831441137
1985-09-09,2.4447133226943665
1985-09-10,2.4447133226943665
1985-09-11,2.4674814281984925
1985-09-12,2.3902688547374593
1985-09-13,2.408315864841814
1985-09-14,2.3741679677087393
1985-09-15,2.3741679677087393
1985-09-16,2.0976203662950756
1985-09-17,2.0976203662950756
1985-09-18,2.0396517269316172
1985-09-19,2.075135240537831
1985-09-20,2.0737576482361924
1985-09-21,1.8663902363246447
1985-09-22,1.8315530461476828
1985-09-23,1.827501498365529
1985-09-24,1.8112792858873632
1985-09-25,1.7484485472439442
1985-09-26,1.7484485472439442
1985-09-27,1.7431262589572099
1985-09-28,1.7812085810014964
1985-09-29,1.7812085810014964
1985-09-30,1.8105529276045598
1985-10-01,1.727809509973713
1985-10-02,1.9026883674225483
1985-10-03,1.7468922537844747
1985-10-04,1.0671177454718657
1985-10-05,0.9284223377421355
1985-10-06,0.8643696635929206
1985-10-07,0.8551180314162496
1985-10-08,0.05394146074452366
1985-10-09,-0.2031677405400667
1985-10-10,-0.2031677405400667
1985-10-11,-0.2031677405400667
1985-10-12,-0.2031677405400667
1985-10-13,-0.2031677405400667
1985-10-14,-0.2864638840293281
1985-10-15,-0.3718451951014077
1985-10-16,-0.3718451951014077
1985-10-17,-0.3718451951014077
1985-10-18,-0.3718451951014077
1985-10-19,-0.4600679959189109
1985-10-20,0.07854755362070032
1985-10-21,0.6745980700988526
1985-10-22,0.7849604485965376
1985-10-23,0.7420071069829639
1985-10-24,0.6609082016680623
1985-10-25,0.5729803926878345
1985-10-26,0.47163969506095826
1985-10-27,0.46513240728409055
1985-10-28,0.41583606715954113
1985-10-29,0.385597953430451
1985-10-30,0.2937498794986737
1985-10-31,0.24808958972941775
1985-11-01,0.22183016677747758
1985-11-02,0.252634216061282
1985-11-03,0.2727583895946646
1985-11-04,0.3005300831925122
1985-11-05,0.30711358263407296
1985-11-06,0.31591029379261815
1985-11-07,0.19029666922462596
1985-11-08,0.12836396434855368
1985-11-09,0.2914899838565299
1985-11-10,0.7084532927634148
1985-11-11,0.6685861346313406
1985-11-12,0.6673839727691536
1985-11-13,0.6400267205363105
1985-11-14,0.6441853144263932
1985-11-15,0.6626806189776819
1985-11-16,0.6213779817397527
1985-11-17,0.5615698690915485
1985-11-18,0.5442985861165963
1985-11-19,0.2295991280710541
1985-11-20,-0.3178328632938623
1985-11-21,-0.48612796071275977
1985-11-22,-0.47427467019578406
1985-11-23,-0.19559314001532702
1985-11-24,0.8629639889479699
1985-11-25,0.9552628713272409
1985-11-26,0.8746501800481901
1985-11-27,1.0293305061231037
1985-11-28,1.2975579906517185
1985-11-29,1.4972956889554117
1985-11-30,1.393120202705716
1985-12-01,1.3695309627774892
1985-12-02,1.3884506236099985
1985-12-03,1.327408253910133
1985-12-04,1.3309760470250476
1985-12-05,1.3170675792384987
1985-12-06,1.344959141420972
1985-12-07,1.3720979554125248
1985-12-08,1.352825064150894
1985-12-09,1.269516992849586
1985-12-10,0.9921873470432512
1985-12-11,0.8908015114637019
1985-12-12,0.8537418584308485
1985-12-13,0.8139380912520937
1985-12-14,0.7694684287433492
1985-12-15,0.7145293241774914
1985-12-16,0.6846555724046057
1985-12-17,0.6854056211965032
1985-12-18,0.6410016970792471
1985-12-19,0.6337881502820977
1985-12-20,0.6228918118166946
1985-12-21,0.5522174197164127
1985-12-22,0.5138245687988885
1985-12-23,0.4103098720833924
1985-12-24,-0.08537068000878123
1985-12-25,-0.15912534706104564
1985-12-26,-0.09738031730218055
1985-12-27,-0.17823845081185197
1985-12-28,-0.43971963628046407
1985-12-29,-0.4460605452975914
1985-12-30,-0.3083065661606226
1985-12-31,-0.39368355011990963
1986-01-01,-0.5260610475821728
1986-01-02,-0.494739172877791
1986-01-03,-0.40410838379334657
1986-01-04,-0.4353561591167687
1986-01-05,-0.37055388156080227
1986-01-06,-0.5428837350781381
1986-01-07,-0.54853887678847
1986-01-08,-0.5404797123972116
1986-01-09,-0.5570216209964609
1986-01-10,-0.508874733794469
1986-01-11,-0.5512961335813851
1986-01-12,-0.5462996572653211
1986-01-13,-0.46337769494740644
1986-01-14,-0.22210295366562294
1986-01-15,-0.16105690735995015
1986-01-16,0.1371729521441809
1986-01-17,0.14993415010882227
1986-01-18,0.1474643033467491
1986-01-19,0.20043859263990038
1986-01-20,0.17658952476124945
1986-01-21,0.18070732034179526
1986-01-22,0.16656285005067395
1986-01-23,0.07239902228048578
1986-01-24,0.03579183906050898
1986-01-25,0.017371828244086895
1986-01-26,0.023528513622021574
1986-01-27,0.039412876834236554
1986-01-28,-0.12147786748509959
1986-01-29,-0.01191551370632915
1986-01-30,0.1602661918700452
1986-01-31,0.4256720688582487
1986-02-01,0.48246882527828716
1986-02-02,0.3977507681830519
1986-02-03,0.4147176065876721
1986-02-04,0.4200114658002476
1986-02-05,0.45091287380761713
1986-02-06,0.4574516621443234
1986-02-07,0.43652392079915603
1986-02-08,0.415380251456803
1986-02-09,0.41365428064376975
1986-02-10,0.38891073149249644
1986-02-11,0.41199880077892903
1986-02-12,0.6302211978740948
1986-02-13,0.5156626823602342
1986-02-14,0.6134406152648333
1986-02-15,0.6133800259758047
1986-02-16,1.0017783900172292
1986-02-17,1.379780156693601
1986-02-18,1.5954638671690962
1986-02-19,1.7472765950236284
1986-02-20,1.6929319909409626
1986-02-21,1.6709853390552016
1986-02-22,1.692498566306531
1986-02-23,1.6690498451779607
1986-02-24,1.6126798528162911
1986-02-25,1.6208918863266282
1986-02-26,1.7002884468319137
1986-02-27,1.6825522244674955
1986-02-28,1.6281338511390775
1986-03-01,1.5334649752388003
1986-03-02,1.379039280470577
1986-03-03,1.3448007354241729
1986-03-04,1.3589183923725068
1986-03-05,1.3343471615961173
1986-03-06,1.3602901722352403
1986-03-07,1.4313199674616852
1986-03-08,1.5785515863760184
1986-03-09,1.7203545336462096
1986-03-10,1.7801378756257975
1986-03-11,1.928176703691642
1986-03-12,2.0111673077334964
1986-03-13,2.0872242789028723
1986-03-14,2.1587243083934817
1986-03-15,2.3232540072414896
1986-03-16,2.378506122936955
1986-03-17,2.2701376306207366
1986-03-18,1.9879330106174566
1986-03-19,1.6163176818644285
1986-03-20,1.239139187813254
1986-03-21,1.0133304183774676
1986-03-22,0.9597977362437553
1986-03-23,0.9285278063654908
1986-03-24,0.8727462771793226
1986-03-25,0.8389418832476859
1986-03-26,0.7867564974440595
1986-03-27,0.7917775256242389
1986-03-28,0.8290250540803462
1986-03-29,0.8554548554269331
1986-03-30,0.8732148163271096
1986-03-31,0.8906009479052202
1986-04-01,0.9110718276865393
1986-04-02,0.9406952656910166
1986-04-03,0.9359717347396472
1986-04-04,0.9637962213788461
1986-04-05,1.003754846980606
1986-04-06,0.9220865197148077
1986-04-07,0.809010032888354
1986-04-08,0.6834244804439035
1986-04-09,0.5410422626773457
1986-04-10,0.38407129018743946
1986-04-11,0.26500821808936736
1986-04-12,0.16247852872634616
1986-04-13,0.03318189028407459
1986-04-14,-0.24443303442769637
1986-04-15,-0.39493838662242564
1986-04-16,-0.44478252821351294
1986-04-17,-0.4727210346933539
1986-04-18,-0.42884361873967625
1986-04-19,-0.40654174369640605
1986-04-20,-0.39883320413333245
1986-04-21,-0.329950777350446
1986-04-22,-0.2842307743431598
1986-04-23,-0.2343663220185246
1986-04-24,-0.18201911449193764
1986-04-25,-0.1377022980952607
1986-04-26,-0.10591503008903147
1986-04-27,-0.06679424601216866
1986-04-28,-0.05147179675742053
1986-04-29,-0.0005377030939572869
1986-04-30,0.038193939752773076
1986-05-01,0.053899560934471236
1986-05-02,0.08321307614776163
1986-05-03,0.2820437379205101
1986-05-04,0.3793305560942475
1986-05-05,0.32970922427659
1986-05-06,-0.04102533143788256
1986-05-07,-0.19142499811737013
1986-05-08,-0.20216275233251624
1986-05-09,-0.16562364703219434
1986-05-10,-0.14751187077415406
1986-05-11,-0.12184334608604863
1986-05-12,-0.06328302538089048
1986-05-13,-0.03307689927243063
1986-05-14,-0.04927006354003005
1986-05-15,-0.2277680509298623
1986-05-16,-0.30694815874102854
1986-05-17,-0.3660415365341101
1986-05-18,-0.3180154738018699
1986-05-19,-0.2833529685678615
1986-05-20,-0.23994736914748693
1986-05-21,-0.22208061916370458
1986-05-22,-0.2366658081715074
1986-05-23,-0.23210679778970267
1986-05-24,-0.3787974046471143
1986-05-25,-0.34999153439904074
1986-05-26,-0.32805610506102023
1986-05-27,-0.28159059892344285
1986-05-28,-0.3004927234060262
1986-05-29,-0.36905098987100304
1986-05-30,-0.3877671726446672
1986-05-31,-0.3716853698287965
1986-06-01,-0.33620814906552865
1986-06-02,-0.8326656375189055
1986-06-03,-1.138090085910581
1986-06-04,-1.1685568052871318
1986-06-05,-1.1310494079581983
1986-06-06,-0.9891282028409888
1986-06-07,-0.8647495503780054
1986-06-08,-0.8647495503780054
1986-06-09,-0.8647495503780054
1986-06-10,-0.8647495503780054
1986-06-11,-0.8647495503780054
1986-06-12,-0.8647495503780054
1986-06-13,-0.8647495503780054
1986-06-14,-0.8647495503780054
1986-06-15,-0.9891282028409888
1986-06-16,-0.9891282028409888
1986-06-17,-0.9891282028409888
1986-06-18,-0.8647495503780054
1986-06-19,-0.8647495503780054
1986-06-20,-0.7524900609505645
1986-06-21,-0.6490045722599415
1986-06-22,-0.6490045722599415
1986-06-23,-0.5520592965897126
1986-06-24,-0.4600679959189109
1986-06-25,-0.5520592965897126
1986-06-26,-0.5520592965897126
1986-06-27,-0.6490045722599415
1986-06-28,-0.5520592965897126
1986-06-29,-0.5520592965897126
1986-06-30,-0.5520592965897126
1986-07-01,-0.5520592965897126
1986-07-02,-0.5520592965897126
1986-07-03,-0.4600679959189109
1986-07-04,-0.2864638840293281
1986-07-05,-0.2031677405400667
1986-07-06,-0.2031677405400667
1986-07-07,-0.2031677405400667
1986-07-08,-0.0403306146232707
1986-07-09,-0.0403306146232707
1986-07-10,0.12131350227884008
1986-07-11,0.2864638840293281
1986-07-12,0.2864638840293281
1986-07-13,0.3718451951014077
1986-07-14,0.3718451951014077
1986-07-15,0.3718451951014077
1986-07-16,0.3718451951014077
1986-07-17,0.3718451951014077
1986-07-18,0.3718451951014077
1986-07-19,0.3718451951014077
1986-07-20,0.3718451951014077
1986-07-21,0.4600679959189107
1986-07-22,0.3718451951014077
1986-07-23,0.3718451951014077
1986-07-24,0.4600679959189107
1986-07-25,0.6490045722599415
1986-07-26,0.8647495503780054
1986-07-27,0.8647495503780054
1986-07-28,0.7524900609505645
1986-07-29,0.8647495503780054
1986-07-30,0.9891282028409888
1986-07-31,0.9891282028409888
1986-08-01,0.9891282028409888
1986-08-02,0.9891282028409888
1986-08-03,0.9891282028409888
1986-08-04,0.9891282028409888
1986-08-05,0.9891282028409888
1986-08-06,0.9891282028409888
1986-08-07,0.9891282028409888
1986-08-08,0.9891282028409888
1986-08-09,0.9891282028409888
1986-08-10,0.9891282028409888
1986-08-11,0.9891282028409888
1986-08-12,0.8647495503780054
1986-08-13,0.8647495503780054
1986-08-14,1.1310494079581983
1986-08-15,1.1310494079581983
1986-08-16,1.1310494079581983
1986-08-17,1.1310494079581983
1986-08-18,1.1310494079581983
1986-08-19,0.9891282028409888
1986-08-20,0.9891282028409888
1986-08-21,1.1310494079581983
1986-08-22,1.1310494079581983
1986-08-23,1.1310494079581983
1986-08-24,1.1310494079581983
1986-08-25,1.1310494079581983
1986-08-26,1.1310494079581983
1986-08-27,1.1310494079581983
1986-08-28,1.1310494079581983
1986-08-29,1.1310494079581983
1986-08-30,1.1310494079581983
1986-08-31,1.1310494079581983
1986-09-01,0.9891282028409888
1986-09-02,0.9891282028409888
1986-09-03,0.9891282028409888
1986-09-04,0.9891282028409888
1986-09-05,0.9891282028409888
1986-09-06,0.9891282028409888
1986-09-07,0.9891282028409888
1986-09-08,0.8647495503780054
1986-09-09,0.8647495503780054
1986-09-10,0.8647495503780054
1986-09-11,0.8647495503780054
1986-09-12,0.9891282028409888
1986-09-13,0.8647495503780054
1986-09-14,0.8647495503780054
1986-09-15,0.8647495503780054
1986-09-16,0.8926784207108891
1986-09-17,1.057805627525597
1986-09-18,1.1140888497998838
1986-09-19,1.0254084465504687
1986-09-20,0.9205886511194945
1986-09-21,0.7755728616501071
1986-09-22,0.7137719329856863
1986-09-23,1.1964903221334526
1986-09-24,2.4299489864092254
1986-09-25,2.5331679725894056
1986-09-26,2.5732663744494984
1986-09-27,2.5685960286566805
1986-09-28,2.691767057095896
1986-09-29,2.691767057095896
1986-09-30,2.758836531337808
1986-10-01,2.603242440559729
1986-10-02,3.0084673065983827
1986-10-03,3.0906455118595435
1986-10-04,2.365383455093961
1986-10-05,2.309871550706209
1986-10-06,2.193331889066362
1986-10-07,2.1915037886280406
1986-10-08,2.1519252344968103
1986-10-09,1.9968491786860925
1986-10-10,1.66286526669984
1986-10-11,1.5386497669636032
1986-10-12,1.4790503736759084
1986-10-13,1.2626177478640939
1986-10-14,1.2684501247776578
1986-10-15,1.2471960737854917
1986-10-16,1.120105612300374
1986-10-17,1.0744214310329019
1986-10-18,1.0630456510707003
1986-10-19,1.0169180920733623
1986-10-20,1.0121701777803942
1986-10-21,1.004003530445452
1986-10-22,0.9786052274292961
1986-10-23,0.8313622887383592
1986-10-24,-0.08312458179474969
1986-10-25,-0.42929070054847407
1986-10-26,-0.5232630005956072
1986-10-27,-0.5756487339707546
1986-10-28,-0.5673991073686655
1986-10-29,-0.6159817237089755
1986-10-30,-0.681995318764331
1986-10-31,-0.6988103795529275
1986-11-01,-0.712380665766002
1986-11-02,-0.7549752183800568
1986-11-03,-0.6688712034373181
1986-11-04,-0.7920359909236796
1986-11-05,-0.7883640186642011
1986-11-06,-0.878125889058434
1986-11-07,-0.9394820664001111
1986-11-08,-0.9540452311909391
1986-11-09,-0.9508190558170283
1986-11-10,-0.9764169460287001
1986-11-11,-0.9808067473425846
1986-11-12,-0.9733423709583711
1986-11-13,-0.9771166266228255
1986-11-14,-0.9764435515023038
1986-11-15,-0.9780567892651203
1986-11-16,-0.8647495503780054
1986-11-17,-0.9891282028409888
1986-11-18,-0.8647495503780054
1986-11-19,-0.9891282028409888
1986-11-20,-1.1306938002677436
1986-11-21,-1.2914019583368797
1986-11-22,-1.2923531508951975
1986-11-23,-1.293984848700798
1986-11-24,-1.294886800695087
1986-11-25,-1.7110919168579808
1986-11-26,-2.3021955393641456
1986-11-27,-2.1906271180961023
1986-11-28,-2.038814787818766
1986-11-29,-1.6567921347471173
1986-11-30,-1.584803345001442
1986-12-01,-1.605104134565211
1986-12-02,-1.6126884513217878
1986-12-03,-1.5405603724434114
1986-12-04,-1.2683954939151687
1986-12-05,-1.0226546813288442
1986-12-06,-1.0383595388505857
1986-12-07,-1.1201965894563104
1986-12-08,-1.0649410990609356
1986-12-09,-1.0735728061696812
1986-12-10,-1.1847459113422008
1986-12-11,-1.2468669030090318
1986-12-12,-1.2914884682775902
1986-12-13,-1.3689778181068282
1986-12-14,-1.518588781096489
1986-12-15,-1.4587152745899539
1986-12-16,-1.4208511150745493
1986-12-17,-1.4443612053553727
1986-12-18,-1.4083104591221027
1986-12-19,-0.8615308888369915
1986-12-20,-0.752291120858808
1986-12-21,-0.8481692760803314
1986-12-22,-0.6324894726428869
1986-12-23,-0.6321080744591072
1986-12-24,-0.649331060533828
1986-12-25,-0.661282550121123
1986-12-26,-0.5821055083165765
1986-12-27,-0.60356825125008
1986-12-28,-0.6586426749345259
1986-12-29,-0.7104124298190447
1986-12-30,-0.6689329949218851
1986-12-31,-0.608359233564431
1987-01-01,-0.5393641702937706
1987-01-02,-0.48979063870549777
1987-01-03,-0.1493379426336947
1987-01-04,-0.22380120370021417
1987-01-05,-0.17892829423882994
1987-01-06,-0.21575343631274269
1987-01-07,-0.2243045774399295
1987-01-08,-0.22454267440318376
1987-01-09,-0.23402215762311362
1987-01-10,-0.19374571938013596
1987-01-11,-0.21831461159432908
1987-01-12,-0.21709375137718645
1987-01-13,-0.1490574639333495
1987-01-14,-0.19022532871284747
1987-01-15,-0.1885929928442005
1987-01-16,-0.22401798675509998
1987-01-17,-0.2680318085827631
1987-01-18,-0.4469744866053029
1987-01-19,-0.4056288500763616
1987-01-20,-0.4894712169337865
1987-01-21,-0.6503208297439061
1987-01-22,-0.6252019462040677
1987-01-23,-0.7783170820310426
1987-01-24,-0.73280373589548
1987-01-25,-0.6984284411028169
1987-01-26,-0.6596031626827302
1987-01-27,-0.4990943108529573
1987-01-28,-0.3657319095836564
1987-01-29,-0.32075447384087896
1987-01-30,-0.349009094767573
1987-01-31,-0.27297358968193897
1987-02-01,-0.23144645054563218
1987-02-02,-0.3659279782812883
1987-02-03,-0.3121094520651826
1987-02-04,-0.31689161548732336
1987-02-05,-0.3425362558526479
1987-02-06,-0.34836377264985985
1987-02-07,-0.3911600915020301
1987-02-08,-0.4220276827137148
1987-02-09,-0.3963937961845112
1987-02-10,-0.3455868068116159
1987-02-11,-0.2263711452190973
1987-02-12,0.1912468681445183
1987-02-13,0.355580431384235
1987-02-14,0.4081216939097092
1987-02-15,0.4839750569029406
1987-02-16,0.47800313814503825
1987-02-17,0.48578112218987113
1987-02-18,0.4873597788526547
1987-02-19,0.4965239311736962
1987-02-20,0.47419245317389724
1987-02-21,0.5061251361545624
1987-02-22,0.5106732624793746
1987-02-23,0.5195117259678206
1987-02-24,0.5410527440077353
1987-02-25,0.5366123099357447
1987-02-26,0.4435299290465462
1987-02-27,0.3575689716055006
1987-02-28,0.3410055166358219
1987-03-01,0.30371134368481134
1987-03-02,0.2730512619294445
1987-03-03,0.3641944567805584
1987-03-04,0.3838732636208566
1987-03-05,0.7659925166784003
1987-03-06,0.7654219325522725
1987-03-07,0.7543350347683018
1987-03-08,0.7994814096274037
1987-03-09,0.8568485366949067
1987-03-10,0.9096313227080282
1987-03-11,0.9390053928817272
1987-03-12,0.9993729440998508
1987-03-13,0.9369826065571363
1987-03-14,0.7382096649845282
1987-03-15,0.5756532114454389
1987-03-16,0.5121472265599476
1987-03-17,0.4160357644553341
1987-03-18,0.4638437937908382
1987-03-19,0.5010421083178911
1987-03-20,0.5860756260626623
1987-03-21,0.7031944203540359
1987-03-22,0.7924030787782332
1987-03-23,0.8025455203531077
1987-03-24,0.7546959098721785
1987-03-25,0.727431369278257
1987-03-26,0.6871393757963946
1987-03-27,0.6937712326048427
1987-03-28,0.7277323669768377
1987-03-29,0.7439295856249993
1987-03-30,0.7593173179120356
1987-03-31,0.7789917924348115
1987-04-01,0.7998339094970098
1987-04-02,0.7252378222723515
1987-04-03,0.5248658500786196
1987-04-04,0.08925533355862636
1987-04-05,0.10840433601890687
1987-04-06,0.11018087472094895
1987-04-07,0.07852419500965802
1987-04-08,0.05549893992568533
1987-04-09,0.00012175832536098774
1987-04-10,0.017825325909188727
1987-04-11,-0.1291993739812236
1987-04-12,-0.1154781479065039
1987-04-13,-0.3347468048200488
1987-04-14,-0.3352669835002411
1987-04-15,-0.3861482352268144
1987-04-16,-0.4146451766913133
1987-04-17,-0.478912433324862
1987-04-18,-0.43521325748010065
1987-04-19,-0.5975105931997915
1987-04-20,-0.7981124649788525
1987-04-21,-1.031501751317366
1987-04-22,-1.350553301059384
1987-04-23,-1.3413546024070269
1987-04-24,-1.2842630864045477
1987-04-25,-1.1845707867533104
1987-04-26,-1.1466639360268283
1987-04-27,-1.0641382901788874
1987-04-28,-1.0479402580660744
1987-04-29,-0.9490332405561478
1987-04-30,-0.7157551539077152
1987-05-01,-0.6971862012255136
1987-05-02,-0.617494883430062
1987-05-03,-0.5530334546620892
1987-05-04,-0.45955398921274804
1987-05-05,-0.34357245015434024
1987-05-06,-0.33248281028152804
1987-05-07,-0.3181444311047801
1987-05-08,-0.27925209350255553
1987-05-09,-0.24100821527087568
1987-05-10,-0.22207892705068422
1987-05-11,-0.19868794545228763
1987-05-12,-0.20251834905853316
1987-05-13,-0.23790510344679783
1987-05-14,-0.2601098545257987
1987-05-15,-0.32194229514154693
1987-05-16,-0.21380041136720185
1987-05-17,-0.18321048965071607
1987-05-18,-0.14679998961588048
1987-05-19,-0.11930465831889281
1987-05-20,0.029081023362986347
1987-05-21,0.03268231442647873
1987-05-22,0.01025044482741233
1987-05-23,0.030122857174388118
1987-05-24,-0.07411109051546494
1987-05-25,-0.04808831328986596
1987-05-26,-0.03797133849188117
1987-05-27,0.012644955987541895
1987-05-28,-0.0051063619572466745
1987-05-29,-0.06927481359070486
1987-05-30,-0.30087924907590513
1987-05-31,-0.21664815449792396
1987-06-01,-0.11253879920440069
1987-06-02,-0.16821979551857114
1987-06-03,-0.24488693349752277
1987-06-04,-0.3719077675855258
1987-06-05,-0.31060779465774035
1987-06-06,-0.2914516645099736
1987-06-07,-0.2561026719583803
1987-06-08,-0.2516240048175442
1987-06-09,-0.17969641604347464
1987-06-10,-0.17970857965067055
1987-06-11,-0.17914526667352026
1987-06-12,-0.1604052172108834
1987-06-13,-0.09983975593406735
1987-06-14,-0.06598740386759827
1987-06-15,0.07528743113940473
1987-06-16,0.10290913729328643
1987-06-17,0.1849021532615449
1987-06-18,0.29743584155481284
1987-06-19,0.09706992052282604
1987-06-20,0.15758922656754382
1987-06-21,0.20388901780240554
1987-06-22,0.3151080921335756
1987-06-23,0.39357069493732455
1987-06-24,0.43680174262111393
1987-06-25,0.48704274961431193
1987-06-26,0.5117752562697335
1987-06-27,0.6004189065140781
1987-06-28,0.5451379369550426
1987-06-29,0.5253690242681133
1987-06-30,0.49365931450927536
1987-07-01,0.2789104088313008
1987-07-02,0.28466286944550867
1987-07-03,0.35063901964053934
1987-07-04,0.42832112650869103
1987-07-05,0.5277584304442133
1987-07-06,0.5877008631083038
1987-07-07,0.6472062432508556
1987-07-08,0.7113685366867964
1987-07-09,0.6121723813405286
1987-07-10,0.6619648149262303
1987-07-11,0.6630661343630151
1987-07-12,0.6656623068080701
1987-07-13,0.6947405407004221
1987-07-14,0.6997042644907069
1987-07-15,0.5821513410987538
1987-07-16,0.6331681397367153
1987-07-17,0.6617695885857868
1987-07-18,0.5032351035060354
1987-07-19,0.5032351035060354
1987-07-20,0.5054787943714527
1987-07-21,0.5433860382365503
1987-07-22,0.3718451951014077
1987-07-23,0.3718451951014077
1987-07-24,0.4600679959189107
1987-07-25,0.6490045722599415
1987-07-26,0.8647495503780054
1987-07-27,0.8647495503780054
1987-07-28,0.7524900609505645
1987-07-29,0.8647495503780054
1987-07-30,0.9891282028409888
1987-07-31,0.9891282028409888
1987-08-01,0.9891282028409888
1987-08-02,0.9891282028409888
1987-08-03,0.9891282028409888
1987-08-04,0.9891282028409888
1987-08-05,0.9891282028409888
1987-08-06,0.9891282028409888
1987-08-07,0.9891282028409888
1987-08-08,0.9891282028409888
1987-08-09,0.9891282028409888
1987-08-10,0.9891282028409888
1987-08-11,0.9891282028409888
1987-08-12,0.8647495503780054
1987-08-13,0.8647495503780054
1987-08-14,1.1310494079581983
1987-08-15,1.1310494079581983
1987-08-16,1.1310494079581983
1987-08-17,1.1310494079581983
1987-08-18,1.1310494079581983
1987-08-19,0.9891282028409888
1987-08-20,0.9891282028409888
1987-08-21,1.1310494079581983
1987-08-22,1.1310494079581983
1987-08-23,1.1310494079581983
1987-08-24,1.1310494079581983
1987-08-25,1.1310494079581983
1987-08-26,1.1310494079581983
1987-08-27,1.1310494079581983
1987-08-28,1.1310494079581983
1987-08-29,1.1310494079581983
1987-08-30,1.1310494079581983
1987-08-31,1.1310494079581983
1987-09-01,0.9891282028409888
1987-09-02,0.9891282028409888
1987-09-03,0.9891282028409888
1987-09-04,0.9891282028409888
1987-09-05,0.9891282028409888
1987-09-06,0.9891282028409888
1987-09-07,0.9891282028409888
1987-09-08,0.8647495503780054
1987-09-09,0.8647495503780054
1987-09-10,0.8647495503780054
1987-09-11,0.8647495503780054
1987-09-12,0.9891282028409888
1987-09-13,0.8647495503780054
1987-09-14,0.8647495503780054
1987-09-15,1.152493418689124
1987-09-16,0.9774623864321663
1987-09-17,0.9774623864321663
1987-09-18,1.0458395507560936
1987-09-19,0.9489604843836525
1987-09-20,0.8310171344634663
1987-09-21,0.6992008414176064
1987-09-22,0.6432400357263413
1987-09-23,0.6499259266043959
1987-09-24,0.5855891863746476
1987-09-25,0.4862380211312183
1987-09-26,0.4862380211312183
1987-09-27,0.4860309371557834
1987-09-28,0.37272275944804156
1987-09-29,0.37272275944804156
1987-09-30,0.30281599050271946
1987-10-01,0.35808972895642244
1987-10-02,0.049511202277331634
1987-10-03,-0.1338056506166072
1987-10-04,-0.1887146470316443
1987-10-05,-0.14339655364235315
1987-10-06,-0.1389312784706611
1987-10-07,-0.14141878186629175
1987-10-08,-0.1428010649857081
1987-10-09,-0.2365715066955245
1987-10-10,-0.21629112796023797
1987-10-11,-0.16136491259252894
1987-10-12,-0.17177321461996753
1987-10-13,-0.1646375833407221
1987-10-14,-0.2469363840311245
1987-10-15,-0.3861293230859171
1987-10-16,-0.35011232580279517
1987-10-17,-0.3718930261078044
1987-10-18,-0.36820742347157953
1987-10-19,-0.49368814124031335
1987-10-20,-0.5429571245951395
1987-10-21,-0.48788339095653677
1987-10-22,-0.45522606998464843
1987-10-23,-0.25017819680598574
1987-10-24,-0.2299820024504804
1987-10-25,-0.3363021951493035
1987-10-26,-0.3274189329964854
1987-10-27,-0.2688193285673641
1987-10-28,-0.10323219902181946
1987-10-29,0.04796722145507082
1987-10-30,-0.053011643482537396
1987-10-31,-0.09369968102485293
1987-11-01,-0.12045901122555391
1987-11-02,-0.08865293783971873
1987-11-03,-0.05673742778775548
1987-11-04,-0.02246688869538782
1987-11-05,-0.009434540611750863
1987-11-06,0.05538067781292266
1987-11-07,-0.054052132881177384
1987-11-08,-0.09200009953045885
1987-11-09,-0.08679397993009674
1987-11-10,-0.2730359551591779
1987-11-11,-0.3507738499885287
1987-11-12,-0.2542967970753458
1987-11-13,0.04097952888628975
1987-11-14,0.0847024100298408
1987-11-15,0.0694475318459693
1987-11-16,0.12140625715283337
1987-11-17,0.46999977108556323
1987-11-18,0.4713799004387922
1987-11-19,0.4027383763927892
1987-11-20,0.46275428196780344
1987-11-21,0.4618011272609934
1987-11-22,0.34214721903974277
1987-11-23,0.352176618064455
1987-11-24,0.375455859195011
1987-11-25,0.503294268395819
1987-11-26,0.38378904593412155
1987-11-27,0.2885189435111384
1987-11-28,0.15959872054941115
1987-11-29,0.14802102580067666
1987-11-30,0.26213182242286437
1987-12-01,0.2018716980903188
1987-12-02,0.16609712370672836
1987-12-03,0.16087607602030674
1987-12-04,0.21207216201263712
1987-12-05,0.1969878884942493
1987-12-06,0.15237642592286105
1987-12-07,0.12283041331398237
1987-12-08,0.29568425756188943
1987-12-09,0.2807263159307525
1987-12-10,0.21917740484540982
1987-12-11,0.13418411776772143
1987-12-12,0.0830920937753854
1987-12-13,-0.20088149180236825
1987-12-14,-0.33056952685986807
1987-12-15,-0.3350597724212512
1987-12-16,-0.331876566411466
1987-12-17,-0.7679646649143695
1987-12-18,-0.869953617311648
1987-12-19,-0.7719510217143788
1987-12-20,-0.8547005415352156
1987-12-21,-0.9010036013053606
1987-12-22,-0.8069524977769613
1987-12-23,-0.7733316039118007
1987-12-24,-0.7897425748878769
1987-12-25,-0.7986700602790601
1987-12-26,-0.7150989196928795
1987-12-27,-0.6120340607530215
1987-12-28,-0.2573715443739315
1987-12-29,-0.16432177964021522
1987-12-30,-0.20375357349770318
1987-12-31,-0.18835729539401358
1988-01-01,-0.16274833070585748
1988-01-02,-0.12337559011076471
1988-01-03,-0.10983531119124468
1988-01-04,-0.10888257626834918
1988-01-05,-0.08131453272037437
1988-01-06,-0.18938078846680217
1988-01-07,-0.32749494273918733
1988-01-08,-0.29974227984355295
1988-01-09,-0.3109707097494028
1988-01-10,-0.2552875147561946
1988-01-11,-0.23778395210028913
1988-01-12,-0.23633447469521052
1988-01-13,-0.1673601311287809
1988-01-14,-0.1282458304003673
1988-01-15,-0.08978765374654918
1988-01-16,0.13560484352365698
1988-01-17,0.3621873991841349
1988-01-18,0.3605479642989349
1988-01-19,0.38332278552015886
1988-01-20,0.3677095209090415
1988-01-21,0.3311574428063586
1988-01-22,0.2806711981231973
1988-01-23,0.16609372555639101
1988-01-24,0.14410470914376905
1988-01-25,0.12322166796365819
1988-01-26,0.0765520265663413
1988-01-27,-0.13253788404424016
1988-01-28,-0.1667836956873605
1988-01-29,-0.10667836498521877
1988-01-30,-0.09127545007714022
1988-01-31,-0.021949767432725364
1988-02-01,0.003915717391775653
1988-02-02,-0.12396171591969374
1988-02-03,-0.12006834775441821
1988-02-04,-0.12005720901010153
1988-02-05,-0.09890906861798943
1988-02-06,-0.11817018959473091
1988-02-07,-0.17907269686793015
1988-02-08,-0.20755314248771217
1988-02-09,-0.2221161004014398
1988-02-10,-0.3065116099164982
1988-02-11,-0.32074669370039954
1988-02-12,-0.41513402644627684
1988-02-13,-0.5033413323709828
1988-02-14,-0.6284887763637312
1988-02-15,-1.1256897240704204
1988-02-16,-2.0261633233432566
1988-02-17,-2.1577737146955975
1988-02-18,-2.190596924390191
1988-02-19,-2.367801816723705
1988-02-20,-2.2947763673453805
1988-02-21,-2.2006376229063926
1988-02-22,-2.1774533130595763
1988-02-23,-2.0323662384511425
1988-02-24,-1.8277701359766114
1988-02-25,-1.5562634468186274
1988-02-26,-1.6028208654670026
1988-02-27,-1.4925370676604444
1988-02-28,-1.3602546111284206
1988-03-01,-1.0771226270855032
1988-03-02,-1.0669596313860459
1988-03-03,-1.1251071780403512
1988-03-04,-1.1693241747564738
1988-03-05,-1.2264318555955518
1988-03-06,-1.2830634907313272
1988-03-07,-1.2186342693090726
1988-03-08,-1.1919009641584548
1988-03-09,-1.1477022212001549
1988-03-10,-1.029315873871175
1988-03-11,-1.0473943741199494
1988-03-12,-1.0375318592356695
1988-03-13,-1.109190951082998
1988-03-14,-1.257134037750785
1988-03-15,-1.3455158925349149
1988-03-16,-1.4340351226860586
1988-03-17,-1.4026421889898373
1988-03-18,-1.3503154352679865
1988-03-19,-1.3313092227651564
1988-03-20,-1.2956071236731432
1988-03-21,-1.1609146354560622
1988-03-22,-1.1027555031468883
1988-03-23,-1.0454550035693229
1988-03-24,-0.9744791869268953
1988-03-25,-0.9056993272467714
1988-03-26,-0.737813075062483
1988-03-27,-0.7090521912562228
1988-03-28,-0.7575913740265905
1988-03-29,-0.8363984019275964
1988-03-30,-1.1306660316375754
1988-03-31,-2.110548420364439
1988-04-01,-1.849009486376166
1988-04-02,-1.849009486376166
1988-04-03,-1.849009486376166
1988-04-04,-1.849009486376166
1988-04-05,-1.849009486376166
1988-04-06,-1.849009486376166
1988-04-07,-1.849009486376166
1988-04-08,-1.849009486376166
1988-04-09,-1.849009486376166
1988-04-10,-1.849009486376166
1988-04-11,-1.849009486376166
1988-04-12,-1.849009486376166
1988-04-13,-1.5449195464420806
1988-04-14,-0.971820135545173
1988-04-15,-1.0203464024735562
1988-04-16,-1.0582329504539598
1988-04-17,-1.0903393918845474
1988-04-18,-1.0459241116477493
1988-04-19,-0.21250524467006748
1988-04-20,0.06160984911216527
1988-04-21,0.12950986467687753
1988-04-22,0.42114325471554914
1988-04-23,0.729426119532651
1988-04-24,0.7743298041839948
1988-04-25,0.7647486643186332
1988-04-26,0.7895062948854875
1988-04-27,0.7872275850915166
1988-04-28,0.8012405562641095
1988-04-29,0.8330385500499455
1988-04-30,0.8904136295994529
1988-05-01,0.9023224978652095
1988-05-02,0.9201582262489912
1988-05-03,0.9720395494145058
1988-05-04,1.0435686243532736
1988-05-05,1.1220994474910684
1988-05-06,1.217481837960296
1988-05-07,1.3894615816472902
1988-05-08,1.4718717590772372
1988-05-09,1.512552697920092
1988-05-10,1.5102023840459224
1988-05-11,1.5810990202587552
1988-05-12,1.6809642621289729
1988-05-13,1.6676801067364075
1988-05-14,1.5673827998868588
1988-05-15,1.4553933841719864
1988-05-16,1.3976807246830552
1988-05-17,1.43047658295863
1988-05-18,1.3467004185062295
1988-05-19,0.9272442293838227
1988-05-20,0.7661098577076343
1988-05-21,0.761243789941807
1988-05-22,0.4407211573601495
1988-05-23,0.009595205415637187
1988-05-24,-0.09808845503564911
1988-05-25,-0.07207987743108757
1988-05-26,-0.06097961884368064
1988-05-27,-0.010445289443392403
1988-05-28,-0.016640485909736658
1988-05-29,-0.01610589862098366
1988-05-30,-0.02915620483877812
1988-05-31,-0.007826391179290182
1988-06-01,0.03339254938662828
1988-06-02,0.09119122719652273
1988-06-03,0.08862674654511649
1988-06-04,-0.0411537791659935
1988-06-05,-0.19790930716235167
1988-06-06,-0.4293403630828232
1988-06-07,-0.4253795988747662
1988-06-08,-0.42282508293987164
1988-06-09,-0.4155138081783776
1988-06-10,-0.4168313132462309
1988-06-11,-0.4195338550769201
1988-06-12,-0.4046452299442951
1988-06-13,-0.34405765530210486
1988-06-14,-0.3379301833068089
1988-06-15,-0.39690802627732547
1988-06-16,-0.3792599818484801
1988-06-17,-0.30254517933829206
1988-06-18,-0.255679114727708
1988-06-19,-0.21385712373125676
1988-06-20,-0.05788948877697253
1988-06-21,-0.0018549720520482094
1988-06-22,0.036118481561327354
1988-06-23,0.11509853329434527
1988-06-24,0.14888699644081704
1988-06-25,0.1868533544525257
1988-06-26,0.2142953740172835
1988-06-27,0.25228564570874146
1988-06-28,0.19494306110083692
1988-06-29,0.1670735431260828
1988-06-30,0.22570300473579952
1988-07-01,0.23619845763377034
1988-07-02,0.24207401856098332
1988-07-03,0.3112791583059331
1988-07-04,0.38862642404503633
1988-07-05,0.4845711454796835
1988-07-06,-0.010536427390079872
1988-07-07,-0.17091530727238302
1988-07-08,-0.025354933979398808
1988-07-09,-0.006266553369877359
1988-07-10,0.1362101817262249
1988-07-11,0.261142378206658
1988-07-12,0.26193366873697754
1988-07-13,0.3390735461210521
1988-07-14,0.3382423061328206
1988-07-15,0.3244534329242492
1988-07-16,0.33290821894881373
1988-07-17,0.33796387513756554
1988-07-18,0.33796387513756554
1988-07-19,0.33796387513756554
1988-07-20,0.33805625353711966
1988-07-21,0.4107623186969225
1988-07-22,0.34003851631982784
1988-07-23,0.34003851631982784
1988-07-24,0.44414360430019784
1988-07-25,0.6490045722599415
1988-07-26,0.8647495503780054
1988-07-27,0.8647495503780054
1988-07-28,0.7524900609505645
1988-07-29,0.8647495503780054
1988-07-30,0.9891282028409888
1988-07-31,0.9891282028409888
1988-08-01,0.9891282028409888
1988-08-02,0.9891282028409888
1988-08-03,0.9891282028409888
1988-08-04,0.9891282028409888
1988-08-05,0.9891282028409888
1988-08-06,0.9891282028409888
1988-08-07,0.9891282028409888
1988-08-08,0.9891282028409888
1988-08-09,0.9891282028409888
1988-08-10,0.9891282028409888
1988-08-11,0.9891282028409888
1988-08-12,0.8647495503780054
1988-08-13,0.8647495503780054
1988-08-14,1.1310494079581983
1988-08-15,1.1310494079581983
1988-08-16,1.1310494079581983
1988-08-17,1.1310494079581983
1988-08-18,1.1310494079581983
1988-08-19,0.9891282028409888
1988-08-20,0.9891282028409888
1988-08-21,1.1310494079581983
1988-08-22,1.1310494079581983
1988-08-23,1.1310494079581983
1988-08-24,1.1310494079581983
1988-08-25,1.1310494079581983
1988-08-26,1.1310494079581983
1988-08-27,1.1310494079581983
1988-08-28,1.1310494079581983
1988-08-29,1.1310494079581983
1988-08-30,1.1310494079581983
1988-08-31,1.1310494079581983
1988-09-01,0.9891282028409888
1988-09-02,0.9891282028409888
1988-09-03,0.9891282028409888
1988-09-04,0.9891282028409888
1988-09-05,0.9891282028409888
1988-09-06,0.9891282028409888
1988-09-07,0.9891282028409888
1988-09-08,0.8647495503780054
1988-09-09,0.8647495503780054
1988-09-10,0.8647495503780054
1988-09-11,0.8647495503780054
1988-09-12,0.9891282028409888
1988-09-13,0.8647495503780054
1988-09-14,0.8647495503780054
1988-09-15,0.8647495503780054
1988-09-16,0.7524900609505645
1988-09-17,0.7524900609505645
1988-09-18,0.8647495503780054
1988-09-19,0.7524900609505645
1988-09-20,0.5520592965897126
1988-09-21,0.4600679959189107
1988-09-22,0.4600679959189107
1988-09-23,0.4600679959189107
1988-09-24,0.4600679959189107
1988-09-25,0.3718451951014077
1988-09-26,0.3718451951014077
1988-09-27,0.3718451951014077
1988-09-28,0.2864638840293281
1988-09-29,0.2864638840293281
1988-09-30,0.2031677405400667
1988-10-01,0.12131350227884008
1988-10-02,-0.0403306146232707
1988-10-03,-0.12131350227884052
1988-10-04,-0.2031677405400667
1988-10-05,-0.12131350227884052
1988-10-06,-0.12131350227884052
1988-10-07,-0.12131350227884052
1988-10-08,-0.12131350227884052
1988-10-09,-0.2031677405400667
1988-10-10,-0.2031677405400667
1988-10-11,-0.2031677405400667
1988-10-12,-0.2031677405400667
1988-10-13,-0.2031677405400667
1988-10-14,-0.2864638840293281
1988-10-15,-0.3718451951014077
1988-10-16,-0.3718451951014077
1988-10-17,-0.3718451951014077
1988-10-18,-0.3718451951014077
1988-10-19,-0.4600679959189109
1988-10-20,-0.5520592965897126
1988-10-21,-0.5520592965897126
1988-10-22,-0.5520592965897126
1988-10-23,-0.5520592965897126
1988-10-24,-0.5520592965897126
1988-10-25,-0.5520592965897126
1988-10-26,-0.5520592965897126
1988-10-27,-0.6490045722599415
1988-10-28,-0.6490045722599415
1988-10-29,-0.7524900609505645
1988-10-30,-0.7524900609505645
1988-10-31,-0.7524900609505645
1988-11-01,-0.7524900609505645
1988-11-02,-0.8647495503780054
1988-11-03,-0.7524900609505645
1988-11-04,-0.7524900609505645
1988-11-05,-0.7524900609505645
1988-11-06,-0.8647495503780054
1988-11-07,-0.8647495503780054
1988-11-08,-0.8647495503780054
1988-11-09,-0.8647495503780054
1988-11-10,-0.9815707333804902
1988-11-11,-0.9842538190820809
1988-11-12,-0.9795866061439598
1988-11-13,-0.6529682764705732
1988-11-14,-0.4958280587701216
1988-11-15,-0.5152979064273122
1988-11-16,-0.2631280751611542
1988-11-17,-0.26167328107070653
1988-11-18,-0.4088012314491587
1988-11-19,-0.4406875682559608
1988-11-20,-0.5811344324360144
1988-11-21,-0.6249427673424477
1988-11-22,-0.5260218941980654
1988-11-23,0.28894900193656525
1988-11-24,0.4628463809953578
1988-11-25,0.6766029947043278
1988-11-26,0.6215978359309158
1988-11-27,0.6708885026292225
1988-11-28,0.6724126961401327
1988-11-29,0.6387900562900718
1988-11-30,0.6019746594439914
1988-12-01,0.5167767587823338
1988-12-02,0.44167357469794877
1988-12-03,0.4231898993411365
1988-12-04,0.3952837131012952
1988-12-05,0.36320255646589206
1988-12-06,0.29428637949015135
1988-12-07,0.24436420190343844
1988-12-08,0.25966528082657914
1988-12-09,0.2448629884809701
1988-12-10,0.1793156417416235
1988-12-11,0.0948855513717608
1988-12-12,0.053422863286485045
1988-12-13,-0.18684257745826427
1988-12-14,-0.3792856554059916
1988-12-15,-0.39755381400119316
1988-12-16,-0.5807003643363022
1988-12-17,-0.6798758035005015
1988-12-18,-0.7406318976168522
1988-12-19,-0.6283962825183675
1988-12-20,0.0020943562593891407
1988-12-21,-0.03343469307924041
1988-12-22,0.09917620844820663
1988-12-23,-0.26624868287484404
1988-12-24,-0.23721019844541602
1988-12-25,-0.3099858061653089
1988-12-26,-0.23839227238331118
1988-12-27,-0.1910351323620174
1988-12-28,-0.19963607986585052
1988-12-29,-0.17245405218048693
1988-12-30,-0.0849046998516747
1988-12-31,0.003238558010359327
1989-01-01,0.06994339304289987
1989-01-02,0.049548237795224326
1989-01-03,0.022995685666528987
1989-01-04,-0.002416133555763089
1989-01-05,0.21320544081726833
1989-01-06,0.20756385519370846
1989-01-07,0.2198405150007683
1989-01-08,0.23529740539645871
1989-01-09,0.23696015158676076
1989-01-10,0.27344953680570994
1989-01-11,0.2904700600403769
1989-01-12,0.2996373958066971
1989-01-13,0.34101253984224966
1989-01-14,0.3307199659643445
1989-01-15,0.3222819885435979
1989-01-16,0.30775587760472
1989-01-17,0.3066425016637915
1989-01-18,0.2849926171439727
1989-01-19,-0.004431646391224842
1989-01-20,-0.05648761373170297
1989-01-21,-0.23602734831628824
1989-01-22,-0.28319751865426723
1989-01-23,-0.5900673224629833
1989-01-24,-0.6273204854212759
1989-01-25,-0.6567584467306133
1989-01-26,-0.6746034794041825
1989-01-27,-0.6506456655246643
1989-01-28,-0.6361994990038811
1989-01-29,-0.7123765403057096
1989-01-30,-0.8032132078830606
1989-01-31,-0.7546063312981092
1989-02-01,-0.6725174314216438
1989-02-02,-0.6900153458516952
1989-02-03,-0.3716288808690773
1989-02-04,-0.5679000464298858
1989-02-05,-0.6125005839968312
1989-02-06,-0.70494094013261
1989-02-07,-0.7877702173985777
1989-02-08,-0.6990989316745861
1989-02-09,-0.5334514550980127
1989-02-10,-0.5758564726710098
1989-02-11,-0.622684052724765
1989-02-12,-0.7077699966400272
1989-02-13,-0.7035322584534913
1989-02-14,-0.7095742910917293
1989-02-15,-0.7383357531297366
1989-02-16,-0.7697822289279378
1989-02-17,-0.7853088377726828
1989-02-18,-0.7718220995269361
1989-02-19,-0.8311535979971664
1989-02-20,-0.801341465852677
1989-02-21,-0.7299989974938381
1989-02-22,-0.7231967211549675
1989-02-23,-0.6264045943360164
1989-02-24,-0.505545122682239
1989-02-25,-0.49682921010350434
1989-02-26,-0.6089979096052898
1989-02-27,-0.6457731162634733
1989-02-28,-0.6712099557859449
1989-03-01,-0.5263604714860355
1989-03-02,-0.05484042236609121
1989-03-03,-0.07009171229618105
1989-03-04,-0.09046574566718824
1989-03-05,-0.30695884385244043
1989-03-06,-0.34916504577636376
1989-03-07,-0.20878103752607458
1989-03-08,-0.041978771653542246
1989-03-09,0.05281550452656836
1989-03-10,0.11584735669005619
1989-03-11,0.13907996953975532
1989-03-12,0.14376810580478083
1989-03-13,0.11713969471383723
1989-03-14,0.06807829994473957
1989-03-15,0.07851045652020416
1989-03-16,0.14682897198884426
1989-03-17,0.20784392535462226
1989-03-18,0.2851002945663714
1989-03-19,0.32950749532092183
1989-03-20,0.3156612244328707
1989-03-21,0.34921727991538276
1989-03-22,0.34647012804500377
1989-03-23,0.37763411795080293
1989-03-24,0.4507669242389747
1989-03-25,0.5314146262540809
1989-03-26,0.5385659226480766
1989-03-27,0.5607395698501219
1989-03-28,0.6036269540245642
1989-03-29,0.6298800467462735
1989-03-30,0.6428042579628235
1989-03-31,0.5638043501002239
1989-04-01,0.22973108629970285
1989-04-02,0.24688528344834837
1989-04-03,0.23643532092485464
1989-04-04,0.26129171698077136
1989-04-05,0.24465421496013495
1989-04-06,0.18693588252207682
1989-04-07,0.02681466986533021
1989-04-08,-0.06238224518450597
1989-04-09,-0.15465475553857266
1989-04-10,-0.31342371404216585
1989-04-11,-0.31561356459744494
1989-04-12,-0.31228329572788227
1989-04-13,-0.3078878154042677
1989-04-14,-0.321449727100632
1989-04-15,-0.476741452188024
1989-04-16,-0.5590327328602838
1989-04-17,-0.6740480136815468
1989-04-18,-0.6921286689091107
1989-04-19,-0.7169256427484562
1989-04-20,-0.7111446146655256
1989-04-21,-0.6212871094435473
1989-04-22,-0.7118905337329621
1989-04-23,-0.9129899713759742
1989-04-24,-1.3114245613846738
1989-04-25,-1.1188357506404194
1989-04-26,-1.1725584471778165
1989-04-27,-1.0241693580557492
1989-04-28,-0.9334291518992379
1989-04-29,-0.9197025623839674
1989-04-30,-0.9019250239489834
1989-05-01,-0.927961622048921
1989-05-02,-0.9063728699280014
1989-05-03,-0.8314219439150531
1989-05-04,-0.8774438836793896
1989-05-05,-0.8112642692657551
1989-05-06,-0.7432426787001927
1989-05-07,-0.6777154027077579
1989-05-08,-0.6453847570508204
1989-05-09,-0.5926792940888421
1989-05-10,-0.5704150529318512
1989-05-11,-0.5575075786029926
1989-05-12,-0.5128177434854495
1989-05-13,-0.4879244712559312
1989-05-14,-0.5168871219757691
1989-05-15,-0.569715314132555
1989-05-16,-0.4396776387321544
1989-05-17,-0.42005744480537066
1989-05-18,-0.3686674726574497
1989-05-19,-0.33192621774730524
1989-05-20,-0.28959564549331307
1989-05-21,-0.3053162744260267
1989-05-22,-0.3151271108894351
1989-05-23,-0.4305441998388506
1989-05-24,-0.6059244579519132
1989-05-25,-0.7888711013515919
1989-05-26,-0.7539033733612261
1989-05-27,-1.0305085080609693
1989-05-28,-1.2917396915756107
1989-05-29,-1.2864569682865832
1989-05-30,-1.3117233220973383
1989-05-31,-1.308491047505504
1989-06-01,-1.1407375004655291
1989-06-02,-1.1310494079581983
1989-06-03,-1.1310494079581983
1989-06-04,-1.1310494079581983
1989-06-05,-1.1310494079581983
1989-06-06,-0.9834861210910344
1989-06-07,-0.6147465958415661
1989-06-08,-0.614099711401193
1989-06-09,-0.6089725591852013
1989-06-10,-0.6109754657243325
1989-06-11,-0.6154341764627091
1989-06-12,-0.6044620740012816
1989-06-13,-0.5494883772469716
1989-06-14,-0.5619751799203272
1989-06-15,-0.5472178503339336
1989-06-16,-0.5330541717731616
1989-06-17,-0.46119406687231135
1989-06-18,-0.4082210896654104
1989-06-19,-0.36772483863613403
1989-06-20,-0.2067496542145686
1989-06-21,-0.14273683775050006
1989-06-22,-0.10341418278564118
1989-06-23,-0.023087731962414537
1989-06-24,0.009309997231775169
1989-06-25,0.01907623257699398
1989-06-26,0.04683169534880682
1989-06-27,0.09580981513876519
1989-06-28,0.04245210325896043
1989-06-29,0.012552777313997954
1989-06-30,0.06649676410506777
1989-07-01,0.07745742949347845
1989-07-02,0.08366094671111357
1989-07-03,0.16460110087172852
1989-07-04,0.24274203840113429
1989-07-05,0.3266658570479857
1989-07-06,0.2950306401528897
1989-07-07,-0.2031677405400667
1989-07-08,-0.0403306146232707
1989-07-09,-0.0403306146232707
1989-07-10,0.12131350227884008
1989-07-11,0.2864638840293281
1989-07-12,0.2864638840293281
1989-07-13,0.3718451951014077
1989-07-14,0.3718451951014077
1989-07-15,0.3718451951014077
1989-07-16,0.3718451951014077
1989-07-17,0.3718451951014077
1989-07-18,0.3718451951014077
1989-07-19,0.3718451951014077
1989-07-20,0.3718451951014077
1989-07-21,0.4600679959189107
1989-07-22,0.3718451951014077
1989-07-23,0.3718451951014077
1989-07-24,0.4600679959189107
1989-07-25,0.6490045722599415
1989-07-26,0.8647495503780054
1989-07-27,0.8647495503780054
1989-07-28,0.7524900609505645
1989-07-29,0.8647495503780054
1989-07-30,0.9891282028409888
1989-07-31,0.9891282028409888
1989-08-01,0.9891282028409888
1989-08-02,0.9891282028409888
1989-08-03,0.9891282028409888
1989-08-04,0.9891282028409888
1989-08-05,0.9891282028409888
1989-08-06,0.9891282028409888
1989-08-07,1.1006410961746949
1989-08-08,1.1006410961746949
1989-08-09,1.1006410961746949
1989-08-10,1.1162895659176715
1989-08-11,1.1241741362651227
1989-08-12,1.100681566755807
1989-08-13,1.0691315132984616
1989-08-14,1.1824204932710007
1989-08-15,1.1824204932710007
1989-08-16,1.1824204932710007
1989-08-17,1.1824204932710007
1989-08-18,1.1824204932710007
1989-08-19,1.1104731681739892
1989-08-20,1.1104731681739892
1989-08-21,1.1611689182814457
1989-08-22,1.1611689182814457
1989-08-23,1.1611689182814457
1989-08-24,1.1605522580078698
1989-08-25,1.158292101495116
1989-08-26,1.158292101495116
1989-08-27,1.157029169136699
1989-08-28,1.157029169136699
1989-08-29,1.157029169136699
1989-08-30,1.162519959523387
1989-08-31,1.1727332918952813
1989-09-01,1.0750934208011282
1989-09-02,1.0750934208011282
1989-09-03,1.0750934208011282
1989-09-04,1.0750934208011282
1989-09-05,1.264569926098366
1989-09-06,0.9891282028409888
1989-09-07,0.9891282028409888
1989-09-08,0.8647495503780054
1989-09-09,0.8647495503780054
1989-09-10,0.8647495503780054
1989-09-11,0.8647495503780054
1989-09-12,0.9891282028409888
1989-09-13,0.8647495503780054
1989-09-14,0.8647495503780054
1989-09-15,0.8647495503780054
1989-09-16,2.4038764129208223
1989-09-17,2.4749479221454425
1989-09-18,2.449685615817493
1989-09-19,2.556713388091409
1989-09-20,2.653835776433654
1989-09-21,2.5897083778197922
1989-09-22,2.620268642499698
1989-09-23,2.611079587532953
1989-09-24,2.6579438358679393
1989-09-25,2.68770514861807
1989-09-26,2.68770514861807
1989-09-27,2.6835361827114834
1989-09-28,2.9084346186943195
1989-09-29,2.95264163970533
1989-09-30,3.0306177440751485
1989-10-01,2.899149876663546
1989-10-02,3.3143081819762568
1989-10-03,3.4524070952962234
1989-10-04,2.904030086678647
1989-10-05,2.8192672393180755
1989-10-06,2.710663178206415
1989-10-07,2.7118076474005783
1989-10-08,2.677445804674
1989-10-09,2.5678175763019238
1989-10-10,2.204686232678309
1989-10-11,2.057171886298792
1989-10-12,2.0004845968590246
1989-10-13,1.7439869878192276
1989-10-14,1.7704358578467676
1989-10-15,1.7299404055902337
1989-10-16,1.054317056669945
1989-10-17,0.860758655373516
1989-10-18,0.6359526081617086
1989-10-19,0.3691352107946795
1989-10-20,0.35472123327702776
1989-10-21,0.34180119274576115
1989-10-22,0.24464327250572504
1989-10-23,1.7991303325598231
1989-10-24,1.7900250072847883
1989-10-25,1.8613426331136038
1989-10-26,1.6450721003458693
1989-10-27,1.5860365719053275
1989-10-28,1.3718020681335865
1989-10-29,1.2225545889972924
1989-10-30,1.1760126571215643
1989-10-31,1.1279711627435338
1989-11-01,1.1286906213401107
1989-11-02,1.1381405324789509
1989-11-03,1.1455069307445278
1989-11-04,1.1640308553358159
1989-11-05,1.1626588853868167
1989-11-06,1.1567330378076526
1989-11-07,1.1511642937580162
1989-11-08,1.14904521023497
1989-11-09,1.1287868806335921
1989-11-10,1.1547720837111854
1989-11-11,1.1204723844970172
1989-11-12,1.0975504350263716
1989-11-13,1.0841586547482103
1989-11-14,1.0853022433608532
1989-11-15,1.0879831009096768
1989-11-16,1.0475571859779182
1989-11-17,1.0036059777121102
1989-11-18,1.0884311497155998
1989-11-19,1.0139468758611603
1989-11-20,0.9907183062814399
1989-11-21,0.9616587763005408
1989-11-22,-0.7809816920181851
1989-11-23,-1.1566764753620402
1989-11-24,-1.1277757911670854
1989-11-25,0.38268508652623967
1989-11-26,0.30285738492133807
1989-11-27,0.33827865287114744
1989-11-28,0.3370387738801044
1989-11-29,0.3177411374832506
1989-11-30,0.2716677856009033
1989-12-01,0.16468795473785813
1989-12-02,0.07014674682025945
1989-12-03,0.0695560254766936
1989-12-04,0.018384350611218236
1989-12-05,0.0007187461374407178
1989-12-06,-0.09628841603793403
1989-12-07,-0.15662725061646054
1989-12-08,-0.15932052535932217
1989-12-09,-0.17224295702940018
1989-12-10,-0.2521794849076986
1989-12-11,-0.33032455992613485
1989-12-12,-0.4052461181204685
1989-12-13,-0.4703364948873465
1989-12-14,-0.5836174579377507
1989-12-15,-0.5980072187750767
1989-12-16,-0.583949832192596
1989-12-17,-0.6024140028705762
1989-12-18,-0.6624788511525457
1989-12-19,-0.5779344084686033
1989-12-20,-0.5184860262394158
1989-12-21,-0.5822258859840541
1989-12-22,-0.5946566357675513
1989-12-23,-0.6030459665502979
1989-12-24,-0.7363248493931855
1989-12-25,-2.644659774714955
1989-12-26,-2.588669591543375
1989-12-27,-1.849009486376166
1989-12-28,-1.849009486376166
1989-12-29,-1.849009486376166
1989-12-30,-1.849009486376166
1989-12-31,-1.849009486376166
1990-01-01,-1.763558232935034
1990-01-02,-1.5850547911393065
1990-01-03,-1.5815604603658358
1990-01-04,-1.6198578306454858
1990-01-05,-1.4517398513650719
1990-01-06,-1.4231304080705265
1990-01-07,-1.3675452981409442
1990-01-08,-1.2942759629509677
1990-01-09,-1.320202018566786
1990-01-10,-1.2669025150339044
1990-01-11,-1.3330814406143974
1990-01-12,-1.048585650435665
1990-01-13,-0.6152483994407456
1990-01-14,-0.3520289603288709
1990-01-15,-0.3417296765249702
1990-01-16,-0.26080250528981175
1990-01-17,-0.2503389240131326
1990-01-18,-0.23257043595056115
1990-01-19,-0.17400450691109337
1990-01-20,-0.2128357570862507
1990-01-21,-0.20344849313004176
1990-01-22,-0.23731143536906685
1990-01-23,-0.430712227049721
1990-01-24,-0.4405710057046488
1990-01-25,-0.4481672708272548
1990-01-26,-0.4192501426586157
1990-01-27,-0.37522957981343774
1990-01-28,-0.33755934298298573
1990-01-29,-0.2864439382991284
1990-01-30,-0.17382272153115985
1990-01-31,-0.1180054036967102
1990-02-01,-0.01548332601761504
1990-02-02,-0.07007830150069494
1990-02-03,0.15540901586450806
1990-02-04,0.2124605331230247
1990-02-05,0.23921950586098717
1990-02-06,0.24425539155143805
1990-02-07,0.2131670088405857
1990-02-08,0.18930427564706642
1990-02-09,0.18776569096423534
1990-02-10,0.17114937803588237
1990-02-11,0.05816867849308616
1990-02-12,-0.2188856199675706
1990-02-13,-0.48480124550684045
1990-02-14,-0.49994555034923427
1990-02-15,-0.6712575233513168
1990-02-16,-0.22790459409009878
1990-02-17,-0.105623577566623
1990-02-18,-0.07779853811335102
1990-02-19,-0.08789321448642906
1990-02-20,-0.08689936963845324
1990-02-21,-0.042289257331647345
1990-02-22,-0.0067685726996284945
1990-02-23,0.05537283047008179
1990-02-24,0.12218419270150305
1990-02-25,0.11704533910535853
1990-02-26,0.0575343731980138
1990-02-27,0.024352455616769353
1990-02-28,-0.003992469917469377
1990-03-01,-0.16333172492358083
1990-03-02,-0.11189689652952972
1990-03-03,-0.14319923653944744
1990-03-04,-0.034583037303036024
1990-03-05,-0.26227226039501517
1990-03-06,-0.33646384096370574
1990-03-07,-0.26567520724907734
1990-03-08,-0.27031141724598906
1990-03-09,-0.23731614910105736
1990-03-10,-0.10906243653274905
1990-03-11,-0.014284922625090068
1990-03-12,0.04468067447044177
1990-03-13,0.014003057350239434
1990-03-14,-0.02328699452254268
1990-03-15,-0.03856252391048032
1990-03-16,-0.03271481682312172
1990-03-17,-0.006225715181317648
1990-03-18,-0.5502232679282848
1990-03-19,-0.7470753307962088
1990-03-20,-0.7926485722820796
1990-03-21,-0.716569904030907
1990-03-22,-0.6749876410353796
1990-03-23,-0.634706439822649
1990-03-24,-0.5885572718442187
1990-03-25,-0.5398419180604361
1990-03-26,-0.41348420184989054
1990-03-27,-0.3894051316473064
1990-03-28,-0.39321984869870064
1990-03-29,-0.36882489982862676
1990-03-30,-0.3778954836982571
1990-03-31,-0.3362978181459102
1990-04-01,-0.5326669662414014
1990-04-02,-0.6042102453200202
1990-04-03,-0.8388716940875007
1990-04-04,-0.8546594865502825
1990-04-05,-0.8774389019021953
1990-04-06,-0.8840733858758297
1990-04-07,-0.9326889534077717
1990-04-08,-0.9739331790852849
1990-04-09,-1.1335895858477456
1990-04-10,-1.479528126210115
1990-04-11,-1.9895905945484746
1990-04-12,-1.9972387427127607
1990-04-13,-2.0112146752025075
1990-04-14,-2.018454556976235
1990-04-15,-1.518236134652101
1990-04-16,-1.5840985105866436
1990-04-17,-1.5695808754141813
1990-04-18,-1.6646024749833788
1990-04-19,-1.685112149070567
1990-04-20,-1.6847482994456655
1990-04-21,-1.6176325318867932
1990-04-22,-0.9036979832018718
1990-04-23,-0.24488933875951147
1990-04-24,-0.1275068380179436
1990-04-25,-0.08623492599689286
1990-04-26,-0.023855708728602654
1990-04-27,0.01148735808514978
1990-04-28,0.02670568677206453
1990-04-29,0.0505865353618391
1990-04-30,0.09053861157408982
1990-05-01,0.10603529232426001
1990-05-02,0.1259185727898231
1990-05-03,0.15829377981074333
1990-05-04,0.21292865790140714
1990-05-05,0.27155133029541645
1990-05-06,0.32603453131761007
1990-05-07,0.39994373641690895
1990-05-08,0.4521260869285961
1990-05-09,0.48493741821068825
1990-05-10,0.49535577198824066
1990-05-11,0.540650324689254
1990-05-12,0.6189212724607387
1990-05-13,0.6562836955533701
1990-05-14,0.6613750313519107
1990-05-15,0.5699243580185154
1990-05-16,0.5073143360368941
1990-05-17,0.5214984408288466
1990-05-18,0.48025417138875737
1990-05-19,0.4805407640863024
1990-05-20,0.5509478019282519
1990-05-21,0.5487884198342408
1990-05-22,0.21358723561234028
1990-05-23,-0.17317375562902404
1990-05-24,-0.37100912474091596
1990-05-25,-0.3423683369205748
1990-05-26,-0.26370142833547106
1990-05-27,0.8596300196482037
1990-05-28,1.2411469181644839
1990-05-29,1.2590649157286777
1990-05-30,1.2726986956002606
1990-05-31,1.3110623915813426
1990-06-01,1.3365173771815824
1990-06-02,1.3504815978271678
1990-06-03,1.360955658571135
1990-06-04,1.3800422670466372
1990-06-05,1.35268103847644
1990-06-06,1.3487594426491365
1990-06-07,1.3388710749868569
1990-06-08,1.3786227706279899
1990-06-09,1.3979994137299385
1990-06-10,1.4084521276939455
1990-06-11,1.43460588648064
1990-06-12,1.4661416684781547
1990-06-13,1.475741922948617
1990-06-14,1.684926731310937
1990-06-15,1.7681661384312195
1990-06-16,1.8184269434911053
1990-06-17,1.876277838069189
1990-06-18,1.9466120055507514
1990-06-19,1.9466361889573713
1990-06-20,1.9848083858152394
1990-06-21,1.979255024501092
1990-06-22,1.8364126655719057
1990-06-23,1.8916760869294758
1990-06-24,2.007887111675874
1990-06-25,2.073689525641272
1990-06-26,1.320499660245129
1990-06-27,0.34628833875609977
1990-06-28,0.13709860096561788
1990-06-29,0.07750242185619349
1990-06-30,0.13358775676547308
1990-07-01,-0.014664868610094306
1990-07-02,-0.18599554395111606
1990-07-03,-0.08690514115424608
1990-07-04,0.003100882610197697
1990-07-05,0.07260217625971799
1990-07-06,0.09674048299906723
1990-07-07,0.1463870404525871
1990-07-08,-0.025354933979398808
1990-07-09,-0.006266553369877359
1990-07-10,0.1362101817262249
1990-07-11,0.261142378206658
1990-07-12,0.26193366873697754
1990-07-13,0.3390735461210521
1990-07-14,0.3382423061328206
1990-07-15,0.3244534329242492
1990-07-16,0.33290821894881373
1990-07-17,0.33796387513756554
1990-07-18,0.33796387513756554
1990-07-19,0.33796387513756554
1990-07-20,0.33805625353711966
1990-07-21,0.4107623186969225
1990-07-22,0.34003851631982784
1990-07-23,0.34003851631982784
1990-07-24,0.44414360430019784
1990-07-25,0.6328703305693792
1990-07-26,0.8322937206698081
1990-07-27,0.8322600601191805
1990-07-28,0.7358465339518578
1990-07-29,0.8199391792368547
1990-07-30,0.9287816588518408
1990-07-31,0.9363997738717685
1990-08-01,0.9891282028409888
1990-08-02,0.9891282028409888
1990-08-03,0.9891282028409888
1990-08-04,0.9891282028409888
1990-08-05,0.9891282028409888
1990-08-06,0.9891282028409888
1990-08-07,0.9891282028409888
1990-08-08,0.9891282028409888
1990-08-09,0.9891282028409888
1990-08-10,0.9891282028409888
1990-08-11,0.9891282028409888
1990-08-12,0.8647495503780054
1990-08-13,0.8647495503780054
1990-08-14,1.1310494079581983
1990-08-15,1.1310494079581983
1990-08-16,1.1310494079581983
1990-08-17,1.1310494079581983
1990-08-18,1.1310494079581983
1990-08-19,0.9891282028409888
1990-08-20,0.9891282028409888
1990-08-21,1.1310494079581983
1990-08-22,1.1310494079581983
1990-08-23,1.1310494079581983
1990-08-24,1.1310494079581983
1990-08-25,1.1310494079581983
1990-08-26,1.1310494079581983
1990-08-27,1.1310494079581983
1990-08-28,1.1310494079581983
1990-08-29,1.1310494079581983
1990-08-30,1.1310494079581983
1990-08-31,1.1310494079581983
1990-09-01,0.9891282028409888
1990-09-02,0.9891282028409888
1990-09-03,0.9891282028409888
1990-09-04,0.9891282028409888
1990-09-05,0.9891282028409888
1990-09-06,0.9891282028409888
1990-09-07,0.9891282028409888
1990-09-08,0.8647495503780054
1990-09-09,0.8647495503780054
1990-09-10,0.8647495503780054
1990-09-11,0.8647495503780054
1990-09-12,0.9891282028409888
1990-09-13,0.8647495503780054
1990-09-14,0.8647495503780054
1990-09-15,0.8647495503780054
1990-09-16,0.7524900609505645
1990-09-17,0.7524900609505645
1990-09-18,0.8647495503780054
1990-09-19,0.7524900609505645
1990-09-20,0.5520592965897126
1990-09-21,0.4600679959189107
1990-09-22,0.4600679959189107
1990-09-23,0.4600679959189107
1990-09-24,0.4600679959189107
1990-09-25,0.3718451951014077
1990-09-26,0.3718451951014077
1990-09-27,0.3718451951014077
1990-09-28,0.2864638840293281
1990-09-29,0.2864638840293281
1990-09-30,0.2031677405400667
1990-10-01,0.12131350227884008
1990-10-02,-0.0403306146232707
1990-10-03,-0.12131350227884052
1990-10-04,-0.2031677405400667
1990-10-05,-0.12131350227884052
1990-10-06,-0.12131350227884052
1990-10-07,-0.12131350227884052
1990-10-08,-0.12131350227884052
1990-10-09,-0.2031677405400667
1990-10-10,-0.2031677405400667
1990-10-11,-0.2031677405400667
1990-10-12,-0.2031677405400667
1990-10-13,-0.2031677405400667
1990-10-14,-0.2864638840293281
1990-10-15,-0.3718451951014077
1990-10-16,-0.3718451951014077
1990-10-17,-0.3718451951014077
1990-10-18,-0.3950037563689812
1990-10-19,-0.5031575398903256
1990-10-20,-0.5582447831957877
1990-10-21,-0.5743103783930708
1990-10-22,-0.5898305929762124
1990-10-23,-0.5917221248464404
1990-10-24,-0.5750919447514045
1990-10-25,-0.6083231421158053
1990-10-26,-0.5975984988444945
1990-10-27,-0.6745328443035946
1990-10-28,-0.6675647987337407
1990-10-29,-0.7412291428863435
1990-10-30,-0.6917675652239974
1990-10-31,-0.5635878331182362
1990-11-01,-0.5830911736095241
1990-11-02,-0.5921846291239263
1990-11-03,-0.5251643035883855
1990-11-04,-0.49254238747232426
1990-11-05,-0.4834607047948951
1990-11-06,-0.5077876972065063
1990-11-07,-0.6651824327211977
1990-11-08,-0.7208129496344404
1990-11-09,-0.7101733206315236
1990-11-10,-0.7855491478212705
1990-11-11,-0.830704125955407
1990-11-12,-0.7690774856091174
1990-11-13,-0.8001745708762757
1990-11-14,-0.7894187223324673
1990-11-15,-0.8033181649750298
1990-11-16,-0.7832531586389988
1990-11-17,-0.9314795636858334
1990-11-18,-0.9294182977815639
1990-11-19,-1.0418227617731086
1990-11-20,-1.0858728885718527
1990-11-21,-1.2331392221974236
1990-11-22,-1.23932485710595
1990-11-23,-1.2485677149154264
1990-11-24,-1.2536854742987094
1990-11-25,-0.919163120778997
1990-11-26,-0.9891645335260827
1990-11-27,-1.0877257566281782
1990-11-28,-1.1002190941869976
1990-11-29,-1.1203139181348676
1990-11-30,-1.2170578560113663
1990-12-01,-1.2477770145707456
1990-12-02,-1.2658310914176794
1990-12-03,-1.206303777922758
1990-12-04,-1.2077131149747147
1990-12-05,-1.1809148393770303
1990-12-06,-1.3575305701452849
1990-12-07,-1.3710047206387368
1990-12-08,-1.3097593508313818
1990-12-09,-1.317247254416071
1990-12-10,-1.287689573568771
1990-12-11,-1.1009362186877814
1990-12-12,-1.1455204061357636
1990-12-13,-1.221400046005094
1990-12-14,-1.2978966492369435
1990-12-15,-0.9804318545125791
1990-12-16,-0.9959488254987161
1990-12-17,-1.0199827215983928
1990-12-18,-1.0336042872479902
1990-12-19,-0.9486305686102837
1990-12-20,-0.8694059518527826
1990-12-21,-0.9299886616332429
1990-12-22,-0.9381707624818169
1990-12-23,-0.9365607934257179
1990-12-24,-0.9520253542381257
1990-12-25,-1.1742358729575173
1990-12-26,-1.124852468530534
1990-12-27,-1.0735279256138661
1990-12-28,-1.1004237794569365
1990-12-29,-1.08294779732805
1990-12-30,-1.0326405167786152
1990-12-31,-1.0107970048347406
1991-01-01,-0.9593434096022362
1991-01-02,-0.9344173033716088
1991-01-03,-0.9910258591499751
1991-01-04,-1.0322667132814636
1991-01-05,-0.8983846293307451
1991-01-06,-1.0040946060934777
1991-01-07,-0.9299712529353235
1991-01-08,-0.9066890049680416
1991-01-09,-0.9962794956240411
1991-01-10,-1.0939185544454972
1991-01-11,-1.163529611719989
1991-01-12,-1.152798052443056
1991-01-13,-1.1028138371820588
1991-01-14,-1.310105198074154
1991-01-15,-1.307281276025623
1991-01-16,-1.3431167114749627
1991-01-17,-1.3876122573847343
1991-01-18,-1.3568896961709545
1991-01-19,-1.4489060374745937
1991-01-20,-1.5570990821752597
1991-01-21,-1.5431704231061705
1991-01-22,-1.5602028997633792
1991-01-23,-1.4661903061972619
1991-01-24,-1.46398010919433
1991-01-25,-1.4608588327765246
1991-01-26,-1.460192296710637
1991-01-27,-1.4459665828991666
1991-01-28,-1.4343581668231522
1991-01-29,-1.6547594475238252
1991-01-30,-1.6602560011352954
1991-01-31,-1.5878048193793401
1991-02-01,-1.482542360799542
1991-02-02,-1.1244191794063272
1991-02-03,-0.9633312878265375
1991-02-04,-0.5279494710000923
1991-02-05,-0.31728456375365943
1991-02-06,-0.3941527471577897
1991-02-07,-0.4203768895540907
1991-02-08,-0.4807765166872495
1991-02-09,-0.48178198586280296
1991-02-10,-0.5267898453824487
1991-02-11,-0.5469156674412798
1991-02-12,-0.6604359186513463
1991-02-13,-0.656916290918453
1991-02-14,-0.6631506700171528
1991-02-15,-0.6918195807498457
1991-02-16,-0.7233775479734571
1991-02-17,-0.7412955040558343
1991-02-18,-0.7591810644003533
1991-02-19,-0.7926179979135283
1991-02-20,-0.7636027211817226
1991-02-21,-0.6965192618597507
1991-02-22,-0.6628772680462092
1991-02-23,-0.5661004744336899
1991-02-24,-0.4471840227480133
1991-02-25,-0.44052652639672574
1991-02-26,-0.5513295956654582
1991-02-27,-0.4095069996951781
1991-02-28,-0.07191576070803674
1991-03-01,0.2818271726906012
1991-03-02,0.31955228576813677
1991-03-03,0.5335383854053029
1991-03-04,0.5512582549302429
1991-03-05,0.5066683052753935
1991-03-06,0.28454612734123663
1991-03-07,0.21512633201010267
1991-03-08,0.2594147510184126
1991-03-09,0.2996914093053331
1991-03-10,0.4351362658451461
1991-03-11,0.5173990859725071
1991-03-12,0.6228936589730054
1991-03-13,0.7581206914055378
1991-03-14,0.8185023304964208
1991-03-15,0.8575606880630626
1991-03-16,0.9109229138911837
1991-03-17,1.1191128428306825
1991-03-18,1.2851459437649508
1991-03-19,1.504735951342302
1991-03-20,1.6382911857082159
1991-03-21,1.6140985773595504
1991-03-22,1.5574732336422181
1991-03-23,1.586694446151236
1991-03-24,1.732986268240554
1991-03-25,1.7452811897254512
1991-03-26,1.7092651469231428
1991-03-27,1.7236322150922272
1991-03-28,1.7970680182509986
1991-03-29,1.7808692431342354
1991-03-30,1.682652925219842
1991-03-31,1.4919107230910962
1991-04-01,1.4732887002729682
1991-04-02,1.321677334271695
1991-04-03,1.2272611416525414
1991-04-04,1.251230820486349
1991-04-05,1.2610581245911399
1991-04-06,1.2126479606260747
1991-04-07,1.183989586930779
1991-04-08,1.1820714993668067
1991-04-09,1.1357843613674763
1991-04-10,1.1299922504350883
1991-04-11,1.0758424308543622
1991-04-12,0.9867005646605492
1991-04-13,0.9964867388420574
1991-04-14,1.0254881046137532
1991-04-15,1.0841112913536044
1991-04-16,0.9421163638467908
1991-04-17,0.8300545281592278
1991-04-18,0.6853463877775295
1991-04-19,0.5536547844165558
1991-04-20,0.5898490821749549
1991-04-21,0.6799871276052191
1991-04-22,0.5904897978896053
1991-04-23,0.06928252857415296
1991-04-24,-0.23116460245066972
1991-04-25,-0.8944424411270778
1991-04-26,-0.9856655588190462
1991-04-27,-0.8447006452549924
1991-04-28,-0.9024503165946072
1991-04-29,-0.887367469903037
1991-04-30,-0.8673727712067155
1991-05-01,-0.8329609132340702
1991-05-02,-0.8104050588244931
1991-05-03,-0.8007791053150949
1991-05-04,-0.7661132713359156
1991-05-05,-0.6338516288842633
1991-05-06,-0.5656007567620556
1991-05-07,-0.4965023197859675
1991-05-08,-0.4598222626928834
1991-05-09,-0.4145229218521256
1991-05-10,-0.39335865210458176
1991-05-11,-0.3746498453333831
1991-05-12,-0.3228363940051666
1991-05-13,-0.15634873784908354
1991-05-14,-0.17651680995870644
1991-05-15,-0.24226465950023157
1991-05-16,-0.14013598674961236
1991-05-17,-0.06208862632660517
1991-05-18,0.012174764464730092
1991-05-19,-0.03521447953686607
1991-05-20,-0.19506709552313306
1991-05-21,-0.19715884868596523
1991-05-22,-0.1516894866490206
1991-05-23,-0.14246299909218374
1991-05-24,-0.2847433660819636
1991-05-25,-0.30769406489658047
1991-05-26,-0.3931676893216367
1991-05-27,-0.4255686429531287
1991-05-28,-0.44540466098211406
1991-05-29,-0.4426202318848447
1991-05-30,-0.46289715342901383
1991-05-31,-0.46609843459068667
1991-06-01,-0.398845030751791
1991-06-02,-0.3095581758381516
1991-06-03,-0.3159754240695869
1991-06-04,-0.445466613318936
1991-06-05,-0.3801062944763418
1991-06-06,-0.35606098285952625
1991-06-07,-0.3150206754287823
1991-06-08,-0.3111274948512184
1991-06-09,-0.30242071875974785
1991-06-10,-0.30318890140142485
1991-06-11,-0.30449321010612973
1991-06-12,-0.47537926718972323
1991-06-13,-0.4135522404089078
1991-06-14,-0.4142958958927012
1991-06-15,-0.37499774655883744
1991-06-16,-0.4649763474337574
1991-06-17,-0.5361483110374319
1991-06-18,-0.47757512505060706
1991-06-19,-0.436580460380233
1991-06-20,-0.44624688880415464
1991-06-21,-0.7276544443952623
1991-06-22,-0.7276544443952623
1991-06-23,-0.6225875482329679
1991-06-24,-0.5240018703826799
1991-06-25,-0.6225875482329679
1991-06-26,-0.6225875482329679
1991-06-27,-0.5666414343075816
1991-06-28,0.3970927566023519
1991-06-29,0.589455434962818
1991-06-30,0.7248848183706628
1991-07-01,0.8760459474239503
1991-07-02,0.8794129039550148
1991-07-03,0.9022660712388811
1991-07-04,1.0029749207296526
1991-07-05,1.1615472850853945
1991-07-06,1.2661243687219303
1991-07-07,1.3205285820138895
1991-07-08,1.36362840229042
1991-07-09,1.3793741897945113
1991-07-10,1.3637467790382956
1991-07-11,1.3246209711187311
1991-07-12,1.3265889168216716
1991-07-13,1.3136861768536963
1991-07-14,1.3345710954549372
1991-07-15,1.487314736336361
1991-07-16,1.5917287899885273
1991-07-17,1.647836389889815
1991-07-18,1.647836389889815
1991-07-19,1.647836389889815
1991-07-20,1.668213282134956
1991-07-21,1.675134209642142
1991-07-22,1.7279015160030577
1991-07-23,1.7279015160030577
1991-07-24,1.7736007788714279
1991-07-25,1.7326772712250453
1991-07-26,1.8063970509815324
1991-07-27,1.801434225527259
1991-07-28,1.706177434214847
1991-07-29,1.5441371431292845
1991-07-30,1.413577790122869
1991-07-31,0.9673631298759848
1991-08-01,0.9673631298759848
1991-08-02,0.9673631298759848
1991-08-03,0.9673631298759848
1991-08-04,0.9673631298759848
1991-08-05,0.9673631298759848
1991-08-06,0.9673631298759848
1991-08-07,0.9673631298759848
1991-08-08,0.9673631298759848
1991-08-09,0.9673631298759848
1991-08-10,0.9673631298759848
1991-08-11,0.9673631298759848
1991-08-12,1.0481438289409597
1991-08-13,1.2052855749812457
1991-08-14,1.3166294390426043
1991-08-15,1.3166294390426043
1991-08-16,1.3166294390426043
1991-08-17,1.3166294390426043
1991-08-18,1.3166294390426043
1991-08-19,1.244615477600885
1991-08-20,1.244615477600885
1991-08-21,1.2896900485115603
1991-08-22,1.2896900485115603
1991-08-23,1.2896900485115603
1991-08-24,1.2887948245440555
1991-08-25,1.2854763529204818
1991-08-26,1.2854763529204818
1991-08-27,1.2872474533758171
1991-08-28,1.2872474533758171
1991-08-29,1.2872474533758171
1991-08-30,1.2956555771821705
1991-08-31,1.310351642222792
1991-09-01,1.2098799208482929
1991-09-02,1.2098799208482929
1991-09-03,1.2098799208482929
1991-09-04,1.2098799208482929
1991-09-05,1.515848612348452
1991-09-06,1.515848612348452
1991-09-07,1.515848612348452
1991-09-08,1.5580042639117588
1991-09-09,1.5580042639117588
1991-09-10,1.5580042639117588
1991-09-11,1.343984544245325
1991-09-12,0.9673631298759848
1991-09-13,0.8414567173547837
1991-09-14,0.8414567173547837
1991-09-15,0.8414567173547837
1991-09-16,0.7276544443952623
1991-09-17,0.7276544443952623
1991-09-18,0.8414567173547837
1991-09-19,0.7276544443952623
1991-09-20,0.5240018703826799
1991-09-21,0.430291758905722
1991-09-22,0.430291758905722
1991-09-23,0.430291758905722
1991-09-24,0.430291758905722
1991-09-25,0.3402517889631431
1991-09-26,0.3402517889631431
1991-09-27,0.3402517889631431
1991-09-28,0.25293326782658254
1991-09-29,0.25293326782658254
1991-09-30,0.1675553012840909
1991-10-01,0.0834458732659098
1991-10-02,-0.0834458732659098
1991-10-03,-0.1675553012840909
1991-10-04,-0.25293326782658254
1991-10-05,-0.1675553012840909
1991-10-06,-0.1675553012840909
1991-10-07,-0.1675553012840909
1991-10-08,-0.1675553012840909
1991-10-09,-0.25293326782658254
1991-10-10,-0.25293326782658254
1991-10-11,-0.25293326782658254
1991-10-12,-0.25293326782658254
1991-10-13,-0.25293326782658254
1991-10-14,-0.3402517889631431
1991-10-15,-0.43029175890572224
1991-10-16,-0.43029175890572224
1991-10-17,-0.43029175890572224
1991-10-18,-0.43029175890572224
1991-10-19,-0.5240018703826799
1991-10-20,-0.6225875482329679
1991-10-21,-0.6225875482329679
1991-10-22,-0.6225875482329679
1991-10-23,-0.6225875482329679
1991-10-24,-0.5769069231865644
1991-10-25,0.6544177500955107
1991-10-26,1.7612940465824876
1991-10-27,1.7268334372009948
1991-10-28,1.59126231168405
1991-10-29,1.4843623590066866
1991-10-30,1.4627182516475654
1991-10-31,1.4090759656305591
1991-11-01,1.3925021429782265
1991-11-02,1.3716791783997846
1991-11-03,1.3785183656409878
1991-11-04,1.3748519924355498
1991-11-05,1.3716221107424682
1991-11-06,1.360542191305885
1991-11-07,1.37973094974876
1991-11-08,1.3656227659324012
1991-11-09,1.3394915339965312
1991-11-10,1.3991052806510293
1991-11-11,1.3700731248416713
1991-11-12,1.3028663630747093
1991-11-13,1.2937077732134603
1991-11-14,1.2937666696754833
1991-11-15,1.3000106503730764
1991-11-16,1.2584064350464992
1991-11-17,1.305528931988214
1991-11-18,1.5138580538715627
1991-11-19,1.4258123648898793
1991-11-20,1.4539916584032149
1991-11-21,1.417232091574557
1991-11-22,1.3903802957905236
1991-11-23,1.4581810443491263
1991-11-24,0.8122947768526657
1991-11-25,-1.0281183890904613
1991-11-26,-1.3899281344984984
1991-11-27,-1.525015851819215
1991-11-28,-1.541834027294768
1991-11-29,-1.5960584776674094
1991-11-30,-1.5220743747971137
1991-12-01,-1.5495294172228573
1991-12-02,-1.5625546972814912
1991-12-03,-1.3780599922985415
1991-12-04,-1.3777998830179834
1991-12-05,-1.3441075437077925
1991-12-06,-1.3429022020293855
1991-12-07,-0.9371154616477714
1991-12-08,-0.761858736397103
1991-12-09,-0.7724874235967106
1991-12-10,-0.8789308028739102
1991-12-11,-0.9509621444258736
1991-12-12,-0.9982859130463434
1991-12-13,-1.0772366320855427
1991-12-14,-1.2270104451690347
1991-12-15,-1.2306609952007577
1991-12-16,-1.0872905291891692
1991-12-17,-1.319075103437674
1991-12-18,-1.4870768831884018
1991-12-19,-1.3416813709018691
1991-12-20,-1.2363725166595794
1991-12-21,-1.244566250885516
1991-12-22,-1.250089126287767
1991-12-23,-1.296292875129554
1991-12-24,-1.3113962103949612
1991-12-25,-1.3106074303583037
1991-12-26,-1.204354237211454
1991-12-27,-0.9919604031487197
1991-12-28,-0.8004988667743435
1991-12-29,-0.4971186469561131
1991-12-30,-0.4305654550053324
1991-12-31,-0.3615752122035323
1992-01-01,-0.30743847023677584
1992-01-02,-0.33518106785220425
1992-01-03,-0.37373728449649857
1992-01-04,-0.2860975741701004
1992-01-05,-0.06035543266231813
1992-01-06,-0.2103300937949053
1992-01-07,-0.139284410937764
1992-01-08,-0.12432066436559519
1992-01-09,-0.11381834766270837
1992-01-10,-0.07628172742702644
1992-01-11,-0.09406519324068063
1992-01-12,-0.0943164585805405
1992-01-13,-0.031541618244805614
1992-01-14,-0.052000877820076896
1992-01-15,-0.09104141858833836
1992-01-16,-0.12165069263537731
1992-01-17,-0.13127816289357508
1992-01-18,-0.11913582417624458
1992-01-19,-0.06575687207182423
1992-01-20,-0.11532180559469474
1992-01-21,-0.10673249330611423
1992-01-22,-0.1417281684341558
1992-01-23,-0.32640281690192197
1992-01-24,-0.33873852938567106
1992-01-25,-0.3489439857989822
1992-01-26,-0.41361558955207967
1992-01-27,-0.46266756502771433
1992-01-28,-0.6156699331360334
1992-01-29,-0.6158668634918829
1992-01-30,-0.6401177527913172
1992-01-31,-0.5333186074162957
1992-02-01,-0.4362731087336904
1992-02-02,-0.4917831502490111
1992-02-03,-0.5620593666829508
1992-02-04,-0.8536944928602571
1992-02-05,-0.9330211418221502
1992-02-06,-1.2326230422571762
1992-02-07,-1.3185177075608752
1992-02-08,-1.3323489715408017
1992-02-09,-1.1103774210338544
1992-02-10,-0.6002354046397722
1992-02-11,-0.18302932975649422
1992-02-12,0.2476725252662777
1992-02-13,0.27887756775055217
1992-02-14,0.6188193260032273
1992-02-15,0.7713811965577109
1992-02-16,0.8608162167527119
1992-02-17,0.9082311398860133
1992-02-18,0.9246207363865372
1992-02-19,0.9859487852387256
1992-02-20,1.0796243255089233
1992-02-21,1.0935468805425137
1992-02-22,1.1354503163666239
1992-02-23,1.141286082753149
1992-02-24,1.1306888006944753
1992-02-25,1.1321956788172347
1992-02-26,1.154670085312162
1992-02-27,1.1194132145035374
1992-02-28,1.1208253821380239
1992-03-01,1.1002802916806806
1992-03-02,1.0670797231342948
1992-03-03,1.0256289151744782
1992-03-04,1.061005903246727
1992-03-05,1.3566839702199252
1992-03-06,1.4491588914344928
1992-03-07,1.378522217677943
1992-03-08,1.414944289533969
1992-03-09,1.4733315445332793
1992-03-10,1.4564232503467134
1992-03-11,1.4866833818452854
1992-03-12,1.352237857038452
1992-03-13,1.1507557044036956
1992-03-14,0.8551237521436652
1992-03-15,0.9222630810915098
1992-03-16,0.5123585887855393
1992-03-17,0.2947877243734469
1992-03-18,0.19548833805802546
1992-03-19,0.16775680119595937
1992-03-20,0.1465860468829281
1992-03-21,0.11995939111768505
1992-03-22,-0.030865351568736266
1992-03-23,-0.00518479727177934
1992-03-24,0.02046531756029557
1992-03-25,0.03526437354656431
1992-03-26,0.07406246805885663
1992-03-27,0.09078797589804743
1992-03-28,0.10385181712726999
1992-03-29,0.12964148111480456
1992-03-30,0.1315040807368295
1992-03-31,0.14124789238515723
1992-04-01,0.1552818440019803
1992-04-02,0.20964278305602857
1992-04-03,0.21620757956177972
1992-04-04,-0.2838686639665726
1992-04-05,-0.4494608089199097
1992-04-06,-0.5318401017045913
1992-04-07,-0.5787266408787872
1992-04-08,-0.6151453556628497
1992-04-09,-0.6283298528793486
1992-04-10,-0.6520600391305527
1992-04-11,-0.6438261488997832
1992-04-12,-0.45311738163222515
1992-04-13,-0.5370078119328476
1992-04-14,-0.6901507905544952
1992-04-15,-0.8145266221489316
1992-04-16,-0.8960109499032298
1992-04-17,-1.0262125206278303
1992-04-18,-1.0203323953299346
1992-04-19,-0.9642819914154577
1992-04-20,-0.948878928670924
1992-04-21,-1.1946573638483946
1992-04-22,-1.2408104485041405
1992-04-23,-1.310760874468388
1992-04-24,-1.2481242063159987
1992-04-25,-1.1433671431593593
1992-04-26,-1.1027523752196244
1992-04-27,-1.0171702703251861
1992-04-28,-0.9998950530684738
1992-04-29,-0.9856606886984886
1992-04-30,-0.9676127585151029
1992-05-01,-0.9471065176733339
1992-05-02,-0.7755037304205387
1992-05-03,-0.7650692345259861
1992-05-04,-0.7297070588181236
1992-05-05,-0.6617182474499377
1992-05-06,-0.5930336123218716
1992-05-07,-0.5240538050059818
1992-05-08,-0.4878234804112096
1992-05-09,-0.4414092886125711
1992-05-10,-0.4199593513943627
1992-05-11,-0.42304775112910264
1992-05-12,-0.91352593117915
1992-05-13,-0.8924526627851056
1992-05-14,-0.9318195258964121
1992-05-15,-0.9727870992741018
1992-05-16,-0.8075557216042005
1992-05-17,-0.8170592772976009
1992-05-18,-0.7395160796925447
1992-05-19,-0.8219837318511071
1992-05-20,-0.9686011560592613
1992-05-21,-0.8952962363882865
1992-05-22,-0.8242435916842069
1992-05-23,-0.922525948619509
1992-05-24,-1.1598686163973864
1992-05-25,-1.066302741260679
1992-05-26,-1.0264793023667633
1992-05-27,-1.0435407058398338
1992-05-28,-1.0644664572270415
1992-05-29,-1.0591146592819998
1992-05-30,-1.0867155918193507
1992-05-31,-1.0796665417434057
1992-06-01,-1.5013851891566723
1992-06-02,-1.281728756502709
1992-06-03,-1.281728756502709
1992-06-04,-1.281728756502709
1992-06-05,-1.281728756502709
1992-06-06,-1.110828095252784
1992-06-07,-0.9673631298759848
1992-06-08,-0.9673631298759848
1992-06-09,-0.9673631298759848
1992-06-10,-0.9673631298759848
1992-06-11,-0.9673631298759848
1992-06-12,-0.9673631298759848
1992-06-13,-0.9673631298759848
1992-06-14,-0.9673631298759848
1992-06-15,-0.895368845882637
1992-06-16,-0.8891526754064601
1992-06-17,-0.8378724824101561
1992-06-18,-0.7511414032176055
1992-06-19,-0.7204862773983777
1992-06-20,-0.5511235394064622
1992-06-21,-0.46151449778156106
1992-06-22,-0.4255979585289371
1992-06-23,-0.3348347167030994
1992-06-24,-0.2899058034741593
1992-06-25,-0.3258226525177881
1992-06-26,-0.3015606080970983
1992-06-27,-0.3034771514462762
1992-06-28,-0.3240943846575237
1992-06-29,0.29914266515123944
1992-06-30,0.3867159239593887
1992-07-01,0.3965522684629932
1992-07-02,0.40199426831483365
1992-07-03,0.46166904979426215
1992-07-04,0.5443999656724134
1992-07-05,0.6552960318780787
1992-07-06,0.7237489759237394
1992-07-07,0.7835569326276891
1992-07-08,0.8458736974865025
1992-07-09,0.8784161371484951
1992-07-10,0.9070583332769745
1992-07-11,1.1088937060486908
1992-07-12,1.1743689941710995
1992-07-13,1.3212999286670213
1992-07-14,1.3423978635594658
1992-07-15,1.5168078953653723
1992-07-16,1.6222439919699922
1992-07-17,1.67889723985092
1992-07-18,1.67889723985092
1992-07-19,1.67889723985092
1992-07-20,1.6997430943054532
1992-07-21,1.7073565342742894
1992-07-22,1.760540808248612
1992-07-23,1.760540808248612
1992-07-24,1.803239966453281
1992-07-25,1.756605884037754
1992-07-26,1.8276644982791455
1992-07-27,1.8299278695200947
1992-07-28,2.4174765412848735
1992-07-29,2.36483185323361
1992-07-30,2.351637985435241
1992-07-31,2.4029352187195077
1992-08-01,2.3125247565776283
1992-08-02,2.099472564491717
1992-08-03,2.099472564491717
1992-08-04,2.099472564491717
1992-08-05,2.099472564491717
1992-08-06,1.6354586349489475
1992-08-07,1.6354586349489475
1992-08-08,1.6354586349489475
1992-08-09,1.6354586349489475
1992-08-10,1.4627829251384759
1992-08-11,1.3968800513576616
1992-08-12,1.0918402593278742
1992-08-13,1.0615404345009936
1992-08-14,1.110828095252784
1992-08-15,1.110828095252784
1992-08-16,1.110828095252784
1992-08-17,1.110828095252784
1992-08-18,1.110828095252784
1992-08-19,0.9673631298759848
1992-08-20,0.9673631298759848
1992-08-21,1.110828095252784
1992-08-22,1.110828095252784
1992-08-23,1.110828095252784
1992-08-24,1.110828095252784
1992-08-25,1.110828095252784
1992-08-26,1.110828095252784
1992-08-27,1.110828095252784
1992-08-28,1.110828095252784
1992-08-29,1.110828095252784
1992-08-30,1.110828095252784
1992-08-31,1.110828095252784
1992-09-01,0.9673631298759848
1992-09-02,0.9673631298759848
1992-09-03,0.9673631298759848
1992-09-04,0.9673631298759848
1992-09-05,0.9673631298759848
1992-09-06,0.9673631298759848
1992-09-07,0.9673631298759848
1992-09-08,0.8414567173547837
1992-09-09,0.8414567173547837
1992-09-10,0.8414567173547837
1992-09-11,0.8414567173547837
1992-09-12,0.9673631298759848
1992-09-13,0.8414567173547837
1992-09-14,0.8414567173547837
1992-09-15,0.8414567173547837
1992-09-16,0.7276544443952623
1992-09-17,0.7276544443952623
1992-09-18,0.8414567173547837
1992-09-19,0.7276544443952623
1992-09-20,0.5240018703826799
1992-09-21,0.430291758905722
1992-09-22,0.430291758905722
1992-09-23,0.430291758905722
1992-09-24,0.430291758905722
1992-09-25,0.3402517889631431
1992-09-26,0.3402517889631431
1992-09-27,0.3402517889631431
1992-09-28,0.25293326782658254
1992-09-29,0.25293326782658254
1992-09-30,0.1675553012840909
1992-10-01,0.0834458732659098
1992-10-02,-0.0834458732659098
1992-10-03,-0.1675553012840909
1992-10-04,-0.25293326782658254
1992-10-05,-0.1675553012840909
1992-10-06,-0.1675553012840909
1992-10-07,-0.1675553012840909
1992-10-08,-0.1675553012840909
1992-10-09,-0.25293326782658254
1992-10-10,-0.25293326782658254
1992-10-11,-0.25293326782658254
1992-10-12,-0.25293326782658254
1992-10-13,-0.25293326782658254
1992-10-14,-0.3402517889631431
1992-10-15,-0.43029175890572224
1992-10-16,-0.43029175890572224
1992-10-17,-0.43029175890572224
1992-10-18,-0.43029175890572224
1992-10-19,-0.5240018703826799
1992-10-20,-0.493164232602995
1992-10-21,0.3659160672904922
1992-10-22,0.3822523190889846
1992-10-23,0.3480674377545909
1992-10-24,0.31177081160161824
1992-10-25,0.19849718637465275
1992-10-26,0.14682846107412417
1992-10-27,0.14655842671901742
1992-10-28,0.14532973741000288
1992-10-29,0.5138144674613618
1992-10-30,0.5799483237039711
1992-10-31,0.5652440149008167
1992-11-01,0.5407999145729465
1992-11-02,0.5613617908415127
1992-11-03,0.6052388728938782
1992-11-04,0.624673140424546
1992-11-05,0.6285979881038648
1992-11-06,0.6336854628497011
1992-11-07,0.5473453782269166
1992-11-08,0.497492402270336
1992-11-09,0.4907987410213628
1992-11-10,0.40224965268723945
1992-11-11,0.33491005650193095
1992-11-12,0.3655464754298474
1992-11-13,0.32859744727243045
1992-11-14,0.33484687655712664
1992-11-15,0.3233010150044364
1992-11-16,0.27265785257692476
1992-11-17,0.19650520355600531
1992-11-18,0.10218594542426396
1992-11-19,0.08112721146924318
1992-11-20,-0.514233483140563
1992-11-21,-0.5982077996440092
1992-11-22,-0.6287930292379942
1992-11-23,-0.6515717587795604
1992-11-24,-0.6582448836821292
1992-11-25,-0.34882667472361906
1992-11-26,-0.45707709274906283
1992-11-27,-0.5523707376664604
1992-11-28,-1.3703664313372603
1992-11-29,-1.9547479784768234
1992-11-30,-2.0778195559452235
1992-12-01,-2.092341216193181
1992-12-02,-1.6417767411867779
1992-12-03,-1.6946391410015171
1992-12-04,-1.6898815310661695
1992-12-05,-1.6329387653790732
1992-12-06,-0.875644338170706
1992-12-07,-0.5226488152840747
1992-12-08,-0.3754213072825481
1992-12-09,-0.017375242383555145
1992-12-10,0.4704469739872801
1992-12-11,0.5142207147169147
1992-12-12,0.49431239962949336
1992-12-13,0.44532402054134157
1992-12-14,0.4002243469125055
1992-12-15,0.3668375591188562
1992-12-16,0.36525371962921915
1992-12-17,0.4450784516709052
1992-12-18,0.3960413326054508
1992-12-19,0.36678258219586124
1992-12-20,0.4078794999183353
1992-12-21,0.3348289332661394
1992-12-22,0.31079299401112914
1992-12-23,0.30714515686503585
1992-12-24,0.2845560897471773
1992-12-25,0.2517138059289805
1992-12-26,0.29924345057492885
1992-12-27,0.30629318820886575
1992-12-28,0.5822740478766011
1992-12-29,0.6245986760288107
1992-12-30,0.6506855942393658
1992-12-31,0.6883803106179908
1993-01-01,0.8643547763176654
1993-01-02,0.816326814050275
1993-01-03,0.8122178481652828
1993-01-04,0.7746555666577036
1993-01-05,0.6231270385932235
1993-01-06,0.7023018030559974
1993-01-07,0.9344140296198239
1993-01-08,0.8903718615317289
1993-01-09,0.715424320402858
1993-01-10,0.7212882789519204
1993-01-11,0.7524944862150555
1993-01-12,0.9331710644790068
1993-01-13,1.0975850028951752
1993-01-14,1.1699623027833623
1993-01-15,1.2088634863298868
1993-01-16,1.2069462683681067
1993-01-17,1.4932553037522778
1993-01-18,1.4464525929672853
1993-01-19,1.3759811378963307
1993-01-20,1.588147269242638
1993-01-21,1.6604628315266918
1993-01-22,1.627635834508844
1993-01-23,1.7909763340615268
1993-01-24,1.736240391100254
1993-01-25,1.678985804565785
1993-01-26,1.5958622241948441
1993-01-27,1.4152638350330473
1993-01-28,1.4013127640364325
1993-01-29,1.3896134961281477
1993-01-30,1.393468821540457
1993-01-31,1.2560492832367545
1993-02-01,1.2815352193088305
1993-02-02,1.2929357152673062
1993-02-03,1.2687650627455809
1993-02-04,1.2656751205993026
1993-02-05,1.1711524149707737
1993-02-06,0.9626463986597681
1993-02-07,0.9067994811165883
1993-02-08,1.0833696202398806
1993-02-09,1.0908090541605255
1993-02-10,1.0988400039513462
1993-02-11,0.9948886938371329
1993-02-12,0.8200589294241021
1993-02-13,0.7434328645153888
1993-02-14,0.6777208347511788
1993-02-15,0.6569513453744611
1993-02-16,0.2638670927558304
1993-02-17,0.23594020484876355
1993-02-18,0.43080912494427936
1993-02-19,0.31793686546296995
1993-02-20,0.22352792913526964
1993-02-21,0.24977227986703587
1993-02-22,0.32547128540490355
1993-02-23,0.4795067454811017
1993-02-24,0.513992753246518
1993-02-25,0.5444182179640293
1993-02-26,0.5881790152154214
1993-02-27,0.6375911813966895
1993-02-28,0.6439709756015854
1993-03-01,0.6114506023893802
1993-03-02,0.5798943266986458
1993-03-03,0.5375263450758998
1993-03-04,0.5512582549302429
1993-03-05,0.5482325719743109
1993-03-06,0.5343564835993568
1993-03-07,0.5166414613828356
1993-03-08,0.5357353978247483
1993-03-09,0.5161852043992943
1993-03-10,0.19016881646266892
1993-03-11,0.0925531216068467
1993-03-12,0.058697394571209704
1993-03-13,-0.04651752689593347
1993-03-14,-0.1023323973913528
1993-03-15,-0.12294618689091452
1993-03-16,0.01548597253627948
1993-03-17,0.3313329055798613
1993-03-18,0.3593513629387026
1993-03-19,0.3899474817345845
1993-03-20,0.054372990769138596
1993-03-21,-0.08905135500955708
1993-03-22,-0.20560516552146035
1993-03-23,0.12635096304056082
1993-03-24,0.23788698646040096
1993-03-25,0.3945230321787221
1993-03-26,0.5167189734453923
1993-03-27,0.5327249215916825
1993-03-28,0.5356002165625473
1993-03-29,0.4937454969302908
1993-03-30,0.5038209092695543
1993-03-31,0.5702834663636882
1993-04-01,0.6558572024196567
1993-04-02,0.6953248422794767
1993-04-03,0.7098014535394309
1993-04-04,0.7421491435446208
1993-04-05,0.7560783567080619
1993-04-06,0.7453285496819816
1993-04-07,0.7123197001080747
1993-04-08,0.7013055177005213
1993-04-09,0.7021009568630827
1993-04-10,0.7270308015343313
1993-04-11,0.7264986413636956
1993-04-12,0.7325242200094759
1993-04-13,0.7454671626432736
1993-04-14,0.77086105827699
1993-04-15,0.7212900103676377
1993-04-16,0.5129429202890525
1993-04-17,0.5307166543433555
1993-04-18,0.570922323878746
1993-04-19,0.652976711885295
1993-04-20,0.6869863222754798
1993-04-21,0.7550676651328834
1993-04-22,0.5276606350777568
1993-04-23,0.400659873081491
1993-04-24,-0.015048204241654428
1993-04-25,-0.2541116915642079
1993-04-26,-0.3458597377693673
1993-04-27,-0.4067843860742144
1993-04-28,-0.4334232337214028
1993-04-29,-0.4588797485530378
1993-04-30,-0.5806724898720195
1993-05-01,-0.8619813372780356
1993-05-02,-0.8393361294209961
1993-05-03,-0.925501897267541
1993-05-04,-0.9642287148129774
1993-05-05,-0.8936937873934121
1993-05-06,-0.9267113841242057
1993-05-07,-0.8588575577257713
1993-05-08,-0.8278232409379528
1993-05-09,-0.7609904367978038
1993-05-10,-0.7365012015816637
1993-05-11,-0.7275944273961816
1993-05-12,-0.6863086864600721
1993-05-13,-0.6625320787108923
1993-05-14,-0.696791555196291
1993-05-15,-0.7457035436469845
1993-05-16,-0.5971450696856464
1993-05-17,-0.8588030541309234
1993-05-18,-0.9478612196701017
1993-05-19,-1.1179622745449125
1993-05-20,-1.5710141243974736
1993-05-21,-1.372544066533529
1993-05-22,-1.1292554674712376
1993-05-23,-1.637137025416914
1993-05-24,-0.39174279136330314
1993-05-25,0.30073771106401304
1993-05-26,0.3402231045673918
1993-05-27,0.38859728735060917
1993-05-28,0.4145446977010958
1993-05-29,0.4127181433023359
1993-05-30,0.5203817233198669
1993-05-31,0.8748547335355261
1993-06-01,0.8912199580310262
1993-06-02,0.9072823939803784
1993-06-03,0.9134704133885817
1993-06-04,1.0147529839114116
1993-06-05,1.0499456710615016
1993-06-06,1.2632290950453968
1993-06-07,1.3519414758047676
1993-06-08,1.4203114950142326
1993-06-09,1.4654560562386216
1993-06-10,1.4774376479738347
1993-06-11,1.5075260050863175
1993-06-12,1.5440412394452743
1993-06-13,1.5782185188657945
1993-06-14,1.8311542232485205
1993-06-15,1.9342479875798007
1993-06-16,1.998340467090399
1993-06-17,2.0738124140668446
1993-06-18,2.1692404680890305
1993-06-19,2.17810990187
1993-06-20,2.2350155884837952
1993-06-21,2.230416605818972
1993-06-22,2.1955764569738094
1993-06-23,2.085246223890283
1993-06-24,1.889745088534664
1993-06-25,1.9856291939778328
1993-06-26,1.9881293145574475
1993-06-27,2.1197533572787286
1993-06-28,2.1221357317384912
1993-06-29,2.0310212482027197
1993-06-30,1.6691256052675767
1993-07-01,1.6691020094928506
1993-07-02,1.668466559383541
1993-07-03,1.6330535163656732
1993-07-04,1.5992996856017583
1993-07-05,1.7260213002490212
1993-07-06,1.1546777547274503
1993-07-07,0.7121236566004423
1993-07-08,0.47594661989913756
1993-07-09,0.30595908336386723
1993-07-10,0.4030661301320215
1993-07-11,0.45716029652873735
1993-07-12,0.4593008115896471
1993-07-13,0.3402517889631431
1993-07-14,0.3402517889631431
1993-07-15,0.3402517889631431
1993-07-16,0.3402517889631431
1993-07-17,0.3402517889631431
1993-07-18,0.3402517889631431
1993-07-19,0.3402517889631431
1993-07-20,0.3402517889631431
1993-07-21,0.430291758905722
1993-07-22,0.3402517889631431
1993-07-23,0.3402517889631431
1993-07-24,0.430291758905722
1993-07-25,0.6225875482329675
1993-07-26,0.8414567173547837
1993-07-27,0.8414567173547837
1993-07-28,0.7276544443952623
1993-07-29,0.8414567173547837
1993-07-30,0.9673631298759848
1993-07-31,0.9673631298759848
1993-08-01,0.9673631298759848
1993-08-02,0.9673631298759848
1993-08-03,0.9673631298759848
1993-08-04,0.9673631298759848
1993-08-05,0.9673631298759848
1993-08-06,0.9673631298759848
1993-08-07,0.9673631298759848
1993-08-08,0.9673631298759848
1993-08-09,0.9673631298759848
1993-08-10,0.9673631298759848
1993-08-11,0.9673631298759848
1993-08-12,0.8414567173547837
1993-08-13,0.8414567173547837
1993-08-14,1.110828095252784
1993-08-15,1.110828095252784
1993-08-16,1.110828095252784
1993-08-17,1.110828095252784
1993-08-18,1.110828095252784
1993-08-19,0.9673631298759848
1993-08-20,0.9673631298759848
1993-08-21,1.110828095252784
1993-08-22,1.110828095252784
1993-08-23,1.110828095252784
1993-08-24,1.110828095252784
1993-08-25,1.110828095252784
1993-08-26,1.110828095252784
1993-08-27,1.110828095252784
1993-08-28,1.110828095252784
1993-08-29,1.110828095252784
1993-08-30,1.110828095252784
1993-08-31,1.110828095252784
1993-09-01,0.9673631298759848
1993-09-02,0.9673631298759848
1993-09-03,0.9673631298759848
1993-09-04,0.9673631298759848
1993-09-05,0.9673631298759848
1993-09-06,0.9673631298759848
1993-09-07,0.9673631298759848
1993-09-08,0.8414567173547837
1993-09-09,0.8414567173547837
1993-09-10,0.8414567173547837
1993-09-11,0.8414567173547837
1993-09-12,0.9673631298759848
1993-09-13,0.8414567173547837
1993-09-14,0.8414567173547837
1993-09-15,0.8414567173547837
1993-09-16,0.7276544443952623
1993-09-17,0.7276544443952623
1993-09-18,0.8414567173547837
1993-09-19,0.7276544443952623
1993-09-20,0.5240018703826799
1993-09-21,0.430291758905722
1993-09-22,0.430291758905722
1993-09-23,0.430291758905722
1993-09-24,0.430291758905722
1993-09-25,0.3402517889631431
1993-09-26,0.3402517889631431
1993-09-27,0.3402517889631431
1993-09-28,0.25293326782658254
1993-09-29,0.25293326782658254
1993-09-30,0.1675553012840909
1993-10-01,0.0834458732659098
1993-10-02,-0.0834458732659098
1993-10-03,-0.1675553012840909
1993-10-04,-0.25293326782658254
1993-10-05,-0.1675553012840909
1993-10-06,-0.1675553012840909
1993-10-07,-0.1675553012840909
1993-10-08,-0.1675553012840909
1993-10-09,-0.25293326782658254
1993-10-10,-0.25293326782658254
1993-10-11,-0.25293326782658254
1993-10-12,-0.25293326782658254
1993-10-13,-0.25293326782658254
1993-10-14,-0.3402517889631431
1993-10-15,-0.36316237252995687
1993-10-16,-0.29636612240960103
1993-10-17,-0.3255547895666395
1993-10-18,-0.32091168342364096
1993-10-19,-0.3539334958255773
1993-10-20,-0.3479458065081169
1993-10-21,-0.38268059602607885
1993-10-22,-0.4211963914897783
1993-10-23,-0.43009676049850065
1993-10-24,-0.4021837481256596
1993-10-25,-0.4865621082909286
1993-10-26,-0.46957408048338634
1993-10-27,-0.509798149243621
1993-10-28,-0.5024251731972365
1993-10-29,-0.5404173528002121
1993-10-30,-0.6215013325768688
1993-10-31,-0.6435460104343766
1993-11-01,-0.6608777017047684
1993-11-02,-0.6861543679414759
1993-11-03,-0.6072300346484671
1993-11-04,-0.5761792543601543
1993-11-05,-0.5673773997529261
1993-11-06,-0.6032417921977296
1993-11-07,-0.7550102928267055
1993-11-08,-0.8045931047271434
1993-11-09,-0.7947321790758517
1993-11-10,-0.19063989131785286
1993-11-11,0.037242099867963896
1993-11-12,0.1536742972415408
1993-11-13,0.11159617422943069
1993-11-14,0.09389620233700824
1993-11-15,0.11121148179608276
1993-11-16,0.059879718287912276
1993-11-17,-0.02595989952650757
1993-11-18,-0.20727579998874335
1993-11-19,-0.27991132288916054
1993-11-20,-0.42171264657680174
1993-11-21,-0.45498334301075927
1993-11-22,-0.486765311913262
1993-11-23,-0.5059431264264656
1993-11-24,-0.5088018685559788
1993-11-25,-0.21083915126780628
1993-11-26,-0.3130770478928886
1993-11-27,-0.3628129496963086
1993-11-28,-0.19277302686945497
1993-11-29,0.30557864243377386
1993-11-30,0.30474897647340615
1993-12-01,0.26021785146985477
1993-12-02,0.1921201743388974
1993-12-03,0.18564404546652336
1993-12-04,0.16128536810778749
1993-12-05,0.13785332253659743
1993-12-06,0.08091497357368183
1993-12-07,0.024460964179955358
1993-12-08,0.09073526579198754
1993-12-09,0.12167614524551884
1993-12-10,-0.3324266867825538
1993-12-11,-0.14790200729768865
1993-12-12,-0.20847511089589932
1993-12-13,-0.2154529065986952
1993-12-14,0.20487028926669426
1993-12-15,0.14950975986315074
1993-12-16,0.16523544235512921
1993-12-17,0.1578490880500103
1993-12-18,0.10545702822759728
1993-12-19,0.13706339466138617
1993-12-20,0.1556775168212703
1993-12-21,0.08621734531036807
1993-12-22,0.06529811215822234
1993-12-23,0.06270933958501357
1993-12-24,0.04145146634673558
1993-12-25,0.014039662385392893
1993-12-26,0.07758993877218634
1993-12-27,0.09436795905588635
1993-12-28,-0.006019124918390517
1993-12-29,-0.23401523055356055
1993-12-30,-0.23416804373502287
1993-12-31,-0.23182098262762185
1994-01-01,-0.18355035150482069
1994-01-02,-0.19269396684908013
1994-01-03,-0.22694234287130377
1994-01-04,-0.22501254688895922
1994-01-05,-0.18312130654343828
1994-01-06,-0.2651263582552077
1994-01-07,-0.30537086858959794
1994-01-08,-0.3373320166792091
1994-01-09,-0.3745637734406868
1994-01-10,-0.6990139722338723
1994-01-11,-0.7843081020675909
1994-01-12,-0.8059326044231746
1994-01-13,-1.4810053322096968
1994-01-14,-1.3413937736080288
1994-01-15,-1.376570002090224
1994-01-16,-1.4040919007962405
1994-01-17,-1.4104244768034113
1994-01-18,-1.3831876388777937
1994-01-19,-1.4979055552350644
1994-01-20,-1.6005182220458827
1994-01-21,-1.5875490492538389
1994-01-22,-1.4876289404993535
1994-01-23,-1.0621925114122854
1994-01-24,-0.7220426578379774
1994-01-25,-0.653042370821826
1994-01-26,-0.5762095773099207
1994-01-27,-0.509524071749534
1994-01-28,-0.4928153880902788
1994-01-29,-0.458748919515948
1994-01-30,-0.4625052731651418
1994-01-31,-0.3558930433070533
1994-02-01,-0.2790528706325637
1994-02-02,-0.32893466792697357
1994-02-03,-0.3098359720707793
1994-02-04,-0.28213838865490537
1994-02-05,-0.26009364401848956
1994-02-06,-0.19080287574814658
1994-02-07,0.06185471158192213
1994-02-08,0.1611153249044135
1994-02-09,0.18167102242842703
1994-02-10,0.17505418351982338
1994-02-11,0.18970235388954704
1994-02-12,0.14843963947997807
1994-02-13,0.139992982794112
1994-02-14,0.13454316734723903
1994-02-15,0.12363267599052286
1994-02-16,0.1661864973015803
1994-02-17,0.29467896610771427
1994-02-18,0.3898721056345469
1994-02-19,0.4883745115082645
1994-02-20,0.5702537580115978
1994-02-21,0.6129092204232314
1994-02-22,0.46022084677006725
1994-02-23,0.32368207425756923
1994-02-24,0.32142579893830314
1994-02-25,0.28406051446016134
1994-02-26,0.2547743084825762
1994-02-27,0.22418526201846656
1994-02-28,0.21097488531225705
1994-03-01,0.1882214161474285
1994-03-02,0.1411836781136555
1994-03-03,0.09132285658312589
1994-03-04,0.08649850000437942
1994-03-05,0.1300157632624288
1994-03-06,0.12600075455859505
1994-03-07,0.18063933062052073
1994-03-08,0.14953555424395426
1994-03-09,-0.0933159387471787
1994-03-10,-0.1790897743387605
1994-03-11,-0.20273223516777517
1994-03-12,-0.21898245773254832
1994-03-13,-0.308385866509147
1994-03-14,-0.40762395907415216
1994-03-15,-0.4479708767860431
1994-03-16,-0.4910265160303471
1994-03-17,-0.46154609435271854
1994-03-18,-0.5165940138226428
1994-03-19,-0.7658755504463011
1994-03-20,-0.9902592953715766
1994-03-21,-1.1268019045860913
1994-03-22,-1.4514387094234404
1994-03-23,-1.6006753045334803
1994-03-24,-1.6378033621488868
1994-03-25,-1.6036534824832107
1994-03-26,-1.3451660266456225
1994-03-27,-1.2350484059724263
1994-03-28,-1.319175725734475
1994-03-29,-1.3015845544792852
1994-03-30,-1.33064274144911
1994-03-31,-1.3480213209937597
1994-04-01,-1.3207078986329512
1994-04-02,-1.219503073479649
1994-04-03,-1.1863835942476828
1994-04-04,-1.5251719703991367
1994-04-05,-1.6835612393097201
1994-04-06,-1.6845554416156272
1994-04-07,-1.7468892867111623
1994-04-08,-1.4001507000203453
1994-04-09,-1.0046352579088809
1994-04-10,-0.9418213578282733
1994-04-11,-0.9450810345037401
1994-04-12,-0.946524284408238
1994-04-13,-0.9502218412814787
1994-04-14,-0.9468309101614714
1994-04-15,-0.9540349947535973
1994-04-16,-0.9937232002240396
1994-04-17,-1.0794750923537928
1994-04-18,-1.0818120868141503
1994-04-19,-1.0826636909604497
1994-04-20,-1.0785847484014837
1994-04-21,-1.0048754387481456
1994-04-22,-0.9655165629060463
1994-04-23,-0.5077520774033852
1994-04-24,-0.22027168837924083
1994-04-25,0.3303208734909111
1994-04-26,0.41139912746129426
1994-04-27,0.40698246185805576
1994-04-28,0.4817082719955099
1994-04-29,0.5110842735979615
1994-04-30,0.562893276459631
1994-05-01,0.576763656530759
1994-05-02,0.5961258849044053
1994-05-03,0.6416517346041185
1994-05-04,0.7090311265276299
1994-05-05,0.7932294748966446
1994-05-06,0.9357503798128018
1994-05-07,1.1344035292789512
1994-05-08,1.1627967877717005
1994-05-09,1.0962944843286968
1994-05-10,1.076740686047006
1994-05-11,1.1421041626521697
1994-05-12,1.242474496004511
1994-05-13,1.2886096479767184
1994-05-14,1.3137483347240646
1994-05-15,1.1715834334694821
1994-05-16,1.1646057741811195
1994-05-17,1.2799227808463796
1994-05-18,1.2884769187962877
1994-05-19,1.2725133364113328
1994-05-20,1.376245334885759
1994-05-21,1.3655881942756203
1994-05-22,1.3963360717984945
1994-05-23,1.2804454418726028
1994-05-24,1.2512776790389886
1994-05-25,0.7731421535284635
1994-05-26,0.6340279195325897
1994-05-27,0.6708519828439101
1994-05-28,0.5571468389563903
1994-05-29,0.55451570888323
1994-05-30,0.5512467513305144
1994-05-31,0.6199428112984593
1994-06-01,0.6787745719668115
1994-06-02,0.7044806010108943
1994-06-03,0.7084098367051982
1994-06-04,0.6538573452108357
1994-06-05,0.510697557417342
1994-06-06,0.2769161799698372
1994-06-07,0.23784312913879924
1994-06-08,0.20053399232413205
1994-06-09,0.21355891097069768
1994-06-10,0.2645968182295706
1994-06-11,0.2725154515903032
1994-06-12,0.2969358996678557
1994-06-13,0.3487874110230076
1994-06-14,0.4387707694563665
1994-06-15,0.4305572550255492
1994-06-16,0.28549624759568815
1994-06-17,0.09053923143880938
1994-06-18,0.03341553445207435
1994-06-19,-0.025178386570526623
1994-06-20,0.12617276752895923
1994-06-21,0.07362610348040266
1994-06-22,-0.0037970782871903364
1994-06-23,0.07763249508325942
1994-06-24,0.11194902058003153
1994-06-25,0.13129210478951503
1994-06-26,0.159345507178694
1994-06-27,0.21834213300808814
1994-06-28,0.1623171774191956
1994-06-29,0.13335798629468232
1994-06-30,0.0211371806546945
1994-07-01,-0.1880064075849106
1994-07-02,-0.18170859944440676
1994-07-03,-0.07928996233544106
1994-07-04,0.01351563125973887
1994-07-05,0.0851657352749069
1994-07-06,0.10998594979762832
1994-07-07,0.16111911134586454
1994-07-08,0.26744594415830036
1994-07-09,0.305959083363869
1994-07-10,0.0834458732659098
1994-07-11,0.25293326782658254
1994-07-12,0.25293326782658254
1994-07-13,0.3402517889631431
1994-07-14,0.3402517889631431
1994-07-15,0.3402517889631431
1994-07-16,0.3402517889631431
1994-07-17,0.3402517889631431
1994-07-18,0.3402517889631431
1994-07-19,0.3402517889631431
1994-07-20,0.3402517889631431
1994-07-21,0.430291758905722
1994-07-22,0.3402517889631431
1994-07-23,0.3402517889631431
1994-07-24,0.430291758905722
1994-07-25,0.6225875482329675
1994-07-26,0.8414567173547837
1994-07-27,0.8414567173547837
1994-07-28,0.7276544443952623
1994-07-29,0.8414567173547837
1994-07-30,0.9673631298759848
1994-07-31,0.9673631298759848
1994-08-01,0.9673631298759848
1994-08-02,0.9673631298759848
1994-08-03,0.9673631298759848
1994-08-04,0.9673631298759848
1994-08-05,0.9673631298759848
1994-08-06,0.9673631298759848
1994-08-07,0.9673631298759848
1994-08-08,0.9673631298759848
1994-08-09,0.9673631298759848
1994-08-10,0.9673631298759848
1994-08-11,0.9673631298759848
1994-08-12,0.8414567173547837
1994-08-13,0.8414567173547837
1994-08-14,1.110828095252784
1994-08-15,1.110828095252784
1994-08-16,1.110828095252784
1994-08-17,1.110828095252784
1994-08-18,1.110828095252784
1994-08-19,0.9673631298759848
1994-08-20,0.9673631298759848
1994-08-21,1.110828095252784
1994-08-22,1.110828095252784
1994-08-23,1.110828095252784
1994-08-24,1.110828095252784
1994-08-25,1.110828095252784
1994-08-26,1.110828095252784
1994-08-27,1.110828095252784
1994-08-28,1.110828095252784
1994-08-29,1.110828095252784
1994-08-30,1.110828095252784
1994-08-31,1.110828095252784
1994-09-01,0.9673631298759848
1994-09-02,0.9673631298759848
1994-09-03,0.9673631298759848
1994-09-04,0.9673631298759848
1994-09-05,0.9673631298759848
1994-09-06,0.9673631298759848
1994-09-07,0.9673631298759848
1994-09-08,0.8414567173547837
1994-09-09,0.8414567173547837
1994-09-10,0.8414567173547837
1994-09-11,0.8414567173547837
1994-09-12,0.9673631298759848
1994-09-13,0.8414567173547837
1994-09-14,0.8414567173547837
1994-09-15,0.8414567173547837
1994-09-16,0.7276544443952623
1994-09-17,0.7276544443952623
1994-09-18,0.8414567173547837
1994-09-19,0.7276544443952623
1994-09-20,0.5240018703826799
1994-09-21,0.430291758905722
1994-09-22,0.430291758905722
1994-09-23,0.430291758905722
1994-09-24,0.430291758905722
1994-09-25,0.3402517889631431
1994-09-26,0.3402517889631431
1994-09-27,0.3402517889631431
1994-09-28,0.9108879556591682
1994-09-29,0.9108879556591682
1994-09-30,0.8845265322425215
1994-10-01,0.9458130275340338
1994-10-02,0.7493797334336385
1994-10-03,0.4196042963312865
1994-10-04,1.6245442365613678
1994-10-05,1.869752137623816
1994-10-06,1.832898592486462
1994-10-07,1.8266306577405276
1994-10-08,1.868432974702301
1994-10-09,1.6504945171484053
1994-10-10,1.3271935707485438
1994-10-11,1.219504978280419
1994-10-12,1.156792771957206
1994-10-13,0.9707271753256981
1994-10-14,0.9598922382400497
1994-10-15,0.9507809362083456
1994-10-16,0.8847523549640893
1994-10-17,0.8435070159802178
1994-10-18,0.8359480073853949
1994-10-19,0.7537869238532706
1994-10-20,0.7703765892006424
1994-10-21,0.7517548656856533
1994-10-22,0.7160056408445391
1994-10-23,0.6736374082996257
1994-10-24,0.6001276348653886
1994-10-25,0.5048031122677885
1994-10-26,0.41277197709663405
1994-10-27,0.40735922755208276
1994-10-28,0.23815810409178395
1994-10-29,0.2147766394195787
1994-10-30,0.1159041010167583
1994-10-31,0.0720193298471925
1994-11-01,0.05274616706337554
1994-11-02,0.08527787856457603
1994-11-03,-0.3369472430714604
1994-11-04,-0.5671134488867493
1994-11-05,-0.6366806839800706
1994-11-06,-0.3998766352739318
1994-11-07,-0.4339034851256014
1994-11-08,-0.43986286494661697
1994-11-09,0.17477863788048054
1994-11-10,0.12045570129064997
1994-11-11,0.12592767545256578
1994-11-12,0.18151047092653894
1994-11-13,0.14005272707188277
1994-11-14,0.19933321124909242
1994-11-15,0.29384726459964683
1994-11-16,0.29863058209047977
1994-11-17,0.23365591617992343
1994-11-18,0.22861992916372587
1994-11-19,0.15953203734854582
1994-11-20,0.04984017958228448
1994-11-21,0.030034260875793084
1994-11-22,0.03997440160172472
1994-11-23,0.03856376723966615
1994-11-24,0.07459681698751597
1994-11-25,0.5381820311403525
1994-11-26,0.6260861754315632
1994-11-27,0.6518255818685583
1994-11-28,0.6531426986777684
1994-11-29,0.6823093651171279
1994-11-30,0.6117016392117982
1994-12-01,0.5185804338709601
1994-12-02,0.46479457673684266
1994-12-03,0.6759477158436408
1994-12-04,0.7284320832251816
1994-12-05,0.678821595223872
1994-12-06,0.5681148988030984
1994-12-07,0.47693601603157987
1994-12-08,0.46085970059815207
1994-12-09,0.13736563438606186
1994-12-10,0.011161563249595385
1994-12-11,-0.09415706233803767
1994-12-12,-0.05227936119731136
1994-12-13,-0.08732961778748538
1994-12-14,-0.13496393494156234
1994-12-15,-0.1555177134825967
1994-12-16,-0.20041432295051265
1994-12-17,-0.22165743367429336
1994-12-18,-0.33820598951396996
1994-12-19,-0.27481221679186607
1994-12-20,-0.23194264574195933
1994-12-21,-0.2991466334739066
1994-12-22,-0.34029515478030214
1994-12-23,-0.33867647734104267
1994-12-24,-0.16637005861640008
1994-12-25,-0.3431941828787253
1994-12-26,-0.38751782663053014
1994-12-27,-0.37372023676239663
1994-12-28,-0.3932347188235932
1994-12-29,-0.409648814476848
1994-12-30,-0.3519363977562384
1994-12-31,-0.3262634460230165
1995-01-01,-0.29384971083329114
1995-01-02,-0.4859408369180922
1995-01-03,-0.5927449923132904
1995-01-04,-0.13066851153656667
1995-01-05,0.10330688764468099
1995-01-06,0.0816694193177725
1995-01-07,0.11426619898337131
1995-01-08,0.19714869904704257
1995-01-09,0.4764420631708237
1995-01-10,0.7557901392484159
1995-01-11,0.7778093069135643
1995-01-12,0.84560120017781
1995-01-13,0.8567932443268036
1995-01-14,1.0150017926038402
1995-01-15,1.0622231875276942
1995-01-16,1.1145037742967387
1995-01-17,1.122595310315433
1995-01-18,1.077899691385332
1995-01-19,1.0516268970093576
1995-01-20,1.114369955785505
1995-01-21,1.1181289046145708
1995-01-22,1.14790538206176
1995-01-23,1.1773562764591397
1995-01-24,1.3770448774078385
1995-01-25,1.411563768979312
1995-01-26,1.470882878074328
1995-01-27,1.634508518235672
1995-01-28,1.6550474156744428
1995-01-29,1.6485941417077736
1995-01-30,1.6607103567901014
1995-01-31,1.661372095308717
1995-02-01,1.6692774275675335
1995-02-02,1.6837541227738044
1995-02-03,1.4787983810614365
1995-02-04,1.4150861663122234
1995-02-05,1.4078564305384127
1995-02-06,1.388419672514753
1995-02-07,1.3401681215835342
1995-02-08,1.1572445112454401
1995-02-09,0.9367473283379047
1995-02-10,0.9009097814985866
1995-02-11,0.8354338625234564
1995-02-12,0.7925753004372967
1995-02-13,0.6348069173226207
1995-02-14,0.5942883243176866
1995-02-15,0.5463849213546792
1995-02-16,0.5689509700428075
1995-02-17,0.5800910861933264
1995-02-18,0.5709218326658714
1995-02-19,0.5829696004386824
1995-02-20,0.5742651693472296
1995-02-21,0.4939230121212794
1995-02-22,0.44315106406481974
1995-02-23,0.11709070481475425
1995-02-24,0.02411518184954331
1995-02-25,-0.2514996062139998
1995-02-26,-0.9193370675925086
1995-02-27,-1.022141257978518
1995-02-28,-1.069560296499131
1995-03-01,-1.0951132680476356
1995-03-02,-0.9697482547025825
1995-03-03,-0.7497562721509812
1995-03-04,-0.6977237182692579
1995-03-05,-0.7221007724388412
1995-03-06,-0.8083138011236248
1995-03-07,-0.6932734393427332
1995-03-08,-0.5222233909960496
1995-03-09,-0.11108515679505104
1995-03-10,0.4754925128384888
1995-03-11,0.7596700041289572
1995-03-12,0.8468598836104442
1995-03-13,0.8912561317700236
1995-03-14,1.033855037887107
1995-03-15,1.004214210977011
1995-03-16,1.0291193916821666
1995-03-17,1.0572738094803542
1995-03-18,1.0808545484186
1995-03-19,1.1067956976966715
1995-03-20,1.3333855313705893
1995-03-21,1.4396010614632746
1995-03-22,1.7576891135755148
1995-03-23,1.7933133963611283
1995-03-24,1.7167722563512537
1995-03-25,1.633204829736897
1995-03-26,1.4987354510546818
1995-03-27,1.493053884858324
1995-03-28,1.5577668436602354
1995-03-29,1.5960248248991884
1995-03-30,1.6256874547226874
1995-03-31,1.621847634198589
1995-04-01,1.5944888710786653
1995-04-02,1.5334581267241103
1995-04-03,1.4986923844492117
1995-04-04,1.5074771277468932
1995-04-05,1.4992015746419574
1995-04-06,1.467581954694046
1995-04-07,1.4193363744790268
1995-04-08,1.2816650987531042
1995-04-09,0.9858833309455073
1995-04-10,0.8110326081387209
1995-04-11,0.7582234068781074
1995-04-12,0.7375040883724822
1995-04-13,0.7237500067626385
1995-04-14,0.7785706782544715
1995-04-15,0.8216659852739995
1995-04-16,0.8306555829879062
1995-04-17,0.8421675316028147
1995-04-18,0.8889593817605538
1995-04-19,0.7256267541572035
1995-04-20,0.5507465823545976
1995-04-21,-0.0792999310781981
1995-04-22,-0.3057254901681712
1995-04-23,-0.33336472445298937
1995-04-24,-0.27937964905708346
1995-04-25,-0.2650511502553978
1995-04-26,-0.23180409179148964
1995-04-27,-0.13542726146382944
1995-04-28,-0.15001923515586024
1995-04-29,-0.022355490918401832
1995-04-30,0.1575771831032966
1995-05-01,0.2605365362212455
1995-05-02,0.34205201164361876
1995-05-03,0.35342226918671216
1995-05-04,0.41356391940331894
1995-05-05,0.5212205150494191
1995-05-06,0.6261840291384604
1995-05-07,0.6566091596209637
1995-05-08,0.7559059814185382
1995-05-09,0.7921041755523689
1995-05-10,0.799120368054044
1995-05-11,0.8552638989493047
1995-05-12,1.0133542634245578
1995-05-13,1.209850538957132
1995-05-14,1.2001613902980504
1995-05-15,1.0739556857620955
1995-05-16,1.0675774079880274
1995-05-17,1.1022633926486443
1995-05-18,1.072225727261733
1995-05-19,1.0314425951275927
1995-05-20,1.0920354204311598
1995-05-21,1.0400652991839896
1995-05-22,1.0150535463307824
1995-05-23,0.99944450613149
1995-05-24,1.281899367496173
1995-05-25,1.3914809542626163
1995-05-26,1.3625827046666075
1995-05-27,1.354416456696217
1995-05-28,1.3636752096513969
1995-05-29,1.3036873342142883
1995-05-30,1.196864623483783
1995-05-31,1.1532699181451067
1995-06-01,1.071729171076257
1995-06-02,1.0799877329297747
1995-06-03,1.0881153506712122
1995-06-04,1.0417672385890178
1995-06-05,0.9730115378256071
1995-06-06,0.9449802570086921
1995-06-07,0.8785082246202981
1995-06-08,0.8966760917618068
1995-06-09,0.9148728213832966
1995-06-10,0.922671985497315
1995-06-11,0.8489698924094966
1995-06-12,0.5429738403598012
1995-06-13,0.543000135944973
1995-06-14,0.6996067840992569
1995-06-15,1.2045107630783374
1995-06-16,1.3589426934278235
1995-06-17,1.4371505095851314
1995-06-18,1.4739806152715498
1995-06-19,1.4943388574435263
1995-06-20,1.611682518623176
1995-06-21,1.6518741057168829
1995-06-22,1.700510772417675
1995-06-23,1.5280586623674295
1995-06-24,1.6084348744490957
1995-06-25,1.726967556248678
1995-06-26,1.7336129181918607
1995-06-27,1.8475023584945576
1995-06-28,1.7911002244020053
1995-06-29,1.8095688755434567
1995-06-30,1.890174213989987
1995-07-01,1.8882998013232521
1995-07-02,1.886530752418867
1995-07-03,1.8356137998309132
1995-07-04,2.0019999880219976
1995-07-05,2.2768649069279743
1995-07-06,2.457390507643126
1995-07-07,2.4930511009563325
1995-07-08,2.5174054035618156
1995-07-09,2.4894739915443163
1995-07-10,2.3987071129744733
1995-07-11,2.3524194657959914
1995-07-12,2.35197293855424
1995-07-13,2.290900535033109
1995-07-14,2.277191573975201
1995-07-15,1.7497472276694088
1995-07-16,1.4762671808423082
1995-07-17,1.2986897528995947
1995-07-18,1.2986897528995947
1995-07-19,1.2986897528995947
1995-07-20,1.1853355098092986
1995-07-21,1.0517287670056952
1995-07-22,0.7587783982019849
1995-07-23,0.7587783982019849
1995-07-24,0.6962280120873562
1995-07-25,0.6225875482329675
1995-07-26,0.8414567173547837
1995-07-27,0.8414567173547837
1995-07-28,0.7276544443952623
1995-07-29,0.8414567173547837
1995-07-30,0.9673631298759848
1995-07-31,0.9673631298759848
1995-08-01,0.9673631298759848
1995-08-02,0.9673631298759848
1995-08-03,0.9673631298759848
1995-08-04,0.9673631298759848
1995-08-05,0.9673631298759848
1995-08-06,0.9673631298759848
1995-08-07,0.9673631298759848
1995-08-08,0.9673631298759848
1995-08-09,0.9673631298759848
1995-08-10,0.9673631298759848
1995-08-11,0.9673631298759848
1995-08-12,0.8414567173547837
1995-08-13,0.8414567173547837
1995-08-14,1.110828095252784
1995-08-15,1.110828095252784
1995-08-16,1.110828095252784
1995-08-17,1.110828095252784
1995-08-18,1.110828095252784
1995-08-19,0.9673631298759848
1995-08-20,0.9673631298759848
1995-08-21,1.110828095252784
1995-08-22,1.110828095252784
1995-08-23,1.110828095252784
1995-08-24,1.110828095252784
1995-08-25,1.110828095252784
1995-08-26,1.110828095252784
1995-08-27,1.110828095252784
1995-08-28,1.110828095252784
1995-08-29,1.110828095252784
1995-08-30,1.110828095252784
1995-08-31,1.110828095252784
1995-09-01,0.9673631298759848
1995-09-02,0.9673631298759848
1995-09-03,0.9673631298759848
1995-09-04,0.9673631298759848
1995-09-05,0.9673631298759848
1995-09-06,0.9673631298759848
1995-09-07,0.9673631298759848
1995-09-08,0.8414567173547837
1995-09-09,0.8414567173547837
1995-09-10,0.8414567173547837
1995-09-11,0.8414567173547837
1995-09-12,0.9673631298759848
1995-09-13,0.8414567173547837
1995-09-14,0.8414567173547837
1995-09-15,0.8414567173547837
1995-09-16,0.7276544443952623
1995-09-17,0.7276544443952623
1995-09-18,0.8414567173547837
1995-09-19,0.7276544443952623
1995-09-20,0.5240018703826799
1995-09-21,0.430291758905722
1995-09-22,0.430291758905722
1995-09-23,0.430291758905722
1995-09-24,0.430291758905722
1995-09-25,0.3402517889631431
1995-09-26,0.3402517889631431
1995-09-27,0.3402517889631431
1995-09-28,0.25293326782658254
1995-09-29,0.25293326782658254
1995-09-30,0.1675553012840909
1995-10-01,0.0834458732659098
1995-10-02,-0.0834458732659098
1995-10-03,-0.1675553012840909
1995-10-04,-0.25293326782658254
1995-10-05,-0.1675553012840909
1995-10-06,-0.1675553012840909
1995-10-07,-0.1675553012840909
1995-10-08,-0.1675553012840909
1995-10-09,-0.25293326782658254
1995-10-10,-0.25293326782658254
1995-10-11,-0.25293326782658254
1995-10-12,-0.25293326782658254
1995-10-13,-0.25293326782658254
1995-10-14,-0.3402517889631431
1995-10-15,-0.43029175890572224
1995-10-16,-0.43029175890572224
1995-10-17,-0.43029175890572224
1995-10-18,-0.43029175890572224
1995-10-19,-0.5240018703826799
1995-10-20,-0.6225875482329679
1995-10-21,-0.6225875482329679
1995-10-22,-0.6225875482329679
1995-10-23,-0.6225875482329679
1995-10-24,-0.6225875482329679
1995-10-25,-0.6225875482329679
1995-10-26,-0.6225875482329679
1995-10-27,-0.7276544443952623
1995-10-28,-0.7276544443952623
1995-10-29,-0.8414567173547837
1995-10-30,-0.8414567173547837
1995-10-31,-0.8414567173547837
1995-11-01,-0.8414567173547837
1995-11-02,-0.9673631298759848
1995-11-03,-0.8414567173547837
1995-11-04,-0.8414567173547837
1995-11-05,-0.8414567173547837
1995-11-06,-0.9673631298759848
1995-11-07,-0.9673631298759848
1995-11-08,-0.9673631298759848
1995-11-09,-0.9673631298759848
1995-11-10,-0.9673631298759848
1995-11-11,-0.9673631298759848
1995-11-12,-0.9673631298759848
1995-11-13,-0.9673631298759848
1995-11-14,-0.9673631298759848
1995-11-15,-0.9673631298759848
1995-11-16,-0.9673631298759848
1995-11-17,-1.110828095252784
1995-11-18,-0.9673631298759848
1995-11-19,-1.110828095252784
1995-11-20,-1.110828095252784
1995-11-21,-1.281728756502709
1995-11-22,-1.281728756502709
1995-11-23,-1.281728756502709
1995-11-24,-1.281728756502709
1995-11-25,-1.815722517745621
1995-11-26,-2.4333515698793624
1995-11-27,-2.3028148550450633
1995-11-28,-2.3260321807168407
1995-11-29,-2.232026694488232
1995-11-30,-2.1202569728855822
1995-12-01,-2.133843375250577
1995-12-02,-2.131589398815967
1995-12-03,-2.0289239108113426
1995-12-04,-1.9276797203121596
1995-12-05,-1.87498285785852
1995-12-06,-2.1224614738297802
1995-12-07,-2.241580435440029
1995-12-08,-2.1480079169850956
1995-12-09,-2.1538258440846536
1995-12-10,-1.6127365031807956
1995-12-11,-0.37136209743873616
1995-12-12,0.24926630158800034
1995-12-13,0.5274513197653263
1995-12-14,0.515214572156218
1995-12-15,0.729777099968779
1995-12-16,0.7218310779550471
1995-12-17,0.7229742154165962
1995-12-18,0.6934976158069911
1995-12-19,0.683119345336088
1995-12-20,0.66958688734415
1995-12-21,0.5963488132247461
1995-12-22,0.5967238920549223
1995-12-23,0.5918344108287192
1995-12-24,0.5676682995801923
1995-12-25,0.5328851109736257
1995-12-26,0.5530321597211387
1995-12-27,0.5536982982878333
1995-12-28,0.5232932975150131
1995-12-29,0.8370722886732149
1995-12-30,0.8853121256532196
1995-12-31,0.9164689959889508
1996-01-01,0.9133101757536941
1996-01-02,0.8533372520934367
1996-01-03,0.8449277301249103
1996-01-04,0.8193075311544037
1996-01-05,0.786939512610177
1996-01-06,0.8080622495541158
1996-01-07,0.7902943931424825
1996-01-08,0.7621947716580074
1996-01-09,0.7143077605922631
1996-01-10,0.41969701830138706
1996-01-11,0.06833519355330342
1996-01-12,-0.18479921444206449
1996-01-13,-0.16132072076914739
1996-01-14,-0.44683666641590314
1996-01-15,-0.3792854875312348
1996-01-16,0.11989162392628394
1996-01-17,0.12954683254908161
1996-01-18,0.23660134256693022
1996-01-19,0.2989014916599311
1996-01-20,0.34662892987357186
1996-01-21,0.4033555080203821
1996-01-22,0.3864773851089718
1996-01-23,0.29256791789051584
1996-01-24,0.5241767793909797
1996-01-25,0.553807298939913
1996-01-26,0.5451938914887327
1996-01-27,0.7186741036072036
1996-01-28,0.4601133571534288
1996-01-29,0.43926907666923953
1996-01-30,0.49505068849183553
1996-01-31,0.6478507399155444
1996-02-01,0.6974852958894491
1996-02-02,0.685576573881279
1996-02-03,0.7299712964801454
1996-02-04,1.0229938812019692
1996-02-05,1.04019116338211
1996-02-06,1.0493461265108779
1996-02-07,1.0528431301219139
1996-02-08,1.0381626199259104
1996-02-09,1.0358349190707703
1996-02-10,1.0237131375934976
1996-02-11,1.0346533567174463
1996-02-12,1.041083791081142
1996-02-13,1.0189531545352528
1996-02-14,0.9720839105667548
1996-02-15,0.6752346824338874
1996-02-16,0.6518857665250207
1996-02-17,0.5747712268451355
1996-02-18,0.6218926015185109
1996-02-19,0.9100201439086542
1996-02-20,1.0163109533950807
1996-02-21,1.202647077017538
1996-02-22,1.256192425357006
1996-02-23,1.0929756145729748
1996-02-24,1.0593737845615272
1996-02-25,1.0437104451120618
1996-02-26,0.941971774184261
1996-02-27,0.9186665599623911
1996-02-28,0.921334325611924
1996-03-01,0.8436370765625915
1996-03-02,0.6969084886326271
1996-03-03,0.6966069214692243
1996-03-04,0.8747779689429165
1996-03-05,0.8844626860611051
1996-03-06,0.4866428623488088
1996-03-07,0.5058597149951654
1996-03-08,0.5398666344125553
1996-03-09,0.5841811059270015
1996-03-10,0.6306562190597735
1996-03-11,0.770128597511973
1996-03-12,0.9306104304403563
1996-03-13,0.9615915545358025
1996-03-14,1.0253359304015266
1996-03-15,1.0778366719764811
1996-03-16,1.1252728132015546
1996-03-17,1.1126622719842958
1996-03-18,1.1590683755739655
1996-03-19,1.1960736300385604
1996-03-20,1.0712525272546565
1996-03-21,0.6318203631849011
1996-03-22,0.2758213390242401
1996-03-23,-0.11617561188820535
1996-03-24,-0.13212719125909578
1996-03-25,-0.15530483514290006
1996-03-26,-0.1263173178766286
1996-03-27,-0.1025235240670026
1996-03-28,-0.0725551426182085
1996-03-29,-0.041257409454570126
1996-03-30,-0.051226765042189815
1996-03-31,-0.011316492264063172
1996-04-01,0.25964502794772604
1996-04-02,0.2586584964639804
1996-04-03,0.04325489808389604
1996-04-04,-0.02192695407953349
1996-04-05,-0.02225212683255906
1996-04-06,-0.03743899138842055
1996-04-07,-0.0784494491895833
1996-04-08,-0.10488101317151255
1996-04-09,-0.12348811899437018
1996-04-10,-0.2917874563239806
1996-04-11,-0.5975182066506817
1996-04-12,-0.6691093366830929
1996-04-13,-0.6692917070490815
1996-04-14,-0.6626077691393034
1996-04-15,-0.7056103568451106
1996-04-16,-0.442479857062281
1996-04-17,-0.1590532373763105
1996-04-18,-0.08321037496868389
1996-04-19,-0.015883941113502775
1996-04-20,0.019950648486122935
1996-04-21,0.08886975882721582
1996-04-22,0.14071091541537406
1996-04-23,0.2084412753342968
1996-04-24,0.2585248601486909
1996-04-25,0.27854027766649025
1996-04-26,0.29779438741650677
1996-04-27,0.24791353289990048
1996-04-28,0.237851836671366
1996-04-29,0.26440932402761663
1996-04-30,0.3047890728760123
1996-05-01,-0.09966958576272922
1996-05-02,-0.07909707930685617
1996-05-03,-0.05167392027860096
1996-05-04,-0.0012813071389035091
1996-05-05,0.05977934758429981
1996-05-06,0.11787218674861011
1996-05-07,0.191214376786768
1996-05-08,0.2402300502797743
1996-05-09,0.2738943291928517
1996-05-10,0.28713307686117995
1996-05-11,0.3266824866969189
1996-05-12,0.40006342203160417
1996-05-13,0.4359568852078195
1996-05-14,0.43399329808659304
1996-05-15,1.2696317573011928
1996-05-16,1.5995081548187033
1996-05-17,1.4504622074443587
1996-05-18,1.3748446958085228
1996-05-19,1.3505801568736802
1996-05-20,1.4201238513672194
1996-05-21,1.421652986775975
1996-05-22,1.4358192338035376
1996-05-23,1.4638969993529964
1996-05-24,1.6146364728772593
1996-05-25,1.684131014474229
1996-05-26,1.6176596588414343
1996-05-27,1.6384984659047332
1996-05-28,1.627355090661048
1996-05-29,1.6185341210146635
1996-05-30,1.6344063776563686
1996-05-31,1.682472640005273
1996-06-01,1.68396217764787
1996-06-02,1.6676589171419391
1996-06-03,1.6824498174586309
1996-06-04,1.7158652875164275
1996-06-05,1.6696685869413026
1996-06-06,1.666088813121688
1996-06-07,1.6519914802587428
1996-06-08,1.679633237041196
1996-06-09,1.7034814643036627
1996-06-10,1.7172840327167682
1996-06-11,1.7518400660233666
1996-06-12,1.7907044842492192
1996-06-13,1.8141956770531746
1996-06-14,1.2719757129629046
1996-06-15,-0.0265235279861169
1996-06-16,-0.11198698991393319
1996-06-17,-0.029959084824869198
1996-06-18,-0.21666582002292367
1996-06-19,-0.17378519521302782
1996-06-20,-0.10368315281711049
1996-06-21,-0.04314827445088043
1996-06-22,-0.0037970782871912245
1996-06-23,0.07763249508325787
1996-06-24,0.11194902058003042
1996-06-25,0.13129210478951414
1996-06-26,0.7871136065269054
1996-06-27,0.8930598841373777
1996-06-28,0.845076087349286
1996-06-29,0.8333708457126655
1996-06-30,0.9034942246286465
1996-07-01,0.9097326661046596
1996-07-02,0.9129377664744617
1996-07-03,0.9332414779683439
1996-07-04,1.035675821682478
1996-07-05,1.1978602014351418
1996-07-06,1.304966587772335
1996-07-07,1.358834807195132
1996-07-08,1.4009345905539168
1996-07-09,1.4153364745647048
1996-07-10,1.3968788171840543
1996-07-11,1.3567993989629255
1996-07-12,1.358703185392633
1996-07-13,1.2673130057400637
1996-07-14,1.2045327532549013
1996-07-15,1.323489330776399
1996-07-16,1.4217716184373654
1996-07-17,1.3589923011448826
1996-07-18,1.3589923011448826
1996-07-19,1.3589923011448826
1996-07-20,1.3749178461291613
1996-07-21,1.3773331151420982
1996-07-22,1.423919548426915
1996-07-23,1.423919548426915
1996-07-24,1.4973117668684754
1996-07-25,1.5104530898107298
1996-07-26,0.8414567173547837
1996-07-27,0.8414567173547837
1996-07-28,0.7276544443952623
1996-07-29,0.8414567173547837
1996-07-30,0.9673631298759848
1996-07-31,0.9673631298759848
1996-08-01,0.9673631298759848
1996-08-02,0.9673631298759848
1996-08-03,0.9673631298759848
1996-08-04,0.9673631298759848
1996-08-05,0.9673631298759848
1996-08-06,0.9673631298759848
1996-08-07,0.9673631298759848
1996-08-08,0.9673631298759848
1996-08-09,0.9673631298759848
1996-08-10,0.9673631298759848
1996-08-11,0.9673631298759848
1996-08-12,0.8414567173547837
1996-08-13,0.8414567173547837
1996-08-14,1.110828095252784
1996-08-15,1.110828095252784
1996-08-16,1.110828095252784
1996-08-17,1.110828095252784
1996-08-18,1.110828095252784
1996-08-19,0.9673631298759848
1996-08-20,0.9673631298759848
1996-08-21,1.110828095252784
1996-08-22,1.110828095252784
1996-08-23,1.110828095252784
1996-08-24,1.110828095252784
1996-08-25,1.110828095252784
1996-08-26,1.110828095252784
1996-08-27,1.110828095252784
1996-08-28,1.110828095252784
1996-08-29,1.110828095252784
1996-08-30,1.110828095252784
1996-08-31,1.110828095252784
1996-09-01,0.9673631298759848
1996-09-02,0.9673631298759848
1996-09-03,0.9673631298759848
1996-09-04,0.9673631298759848
1996-09-05,0.9673631298759848
1996-09-06,0.9673631298759848
1996-09-07,0.9673631298759848
1996-09-08,0.8414567173547837
1996-09-09,0.8414567173547837
1996-09-10,0.8414567173547837
1996-09-11,0.8414567173547837
1996-09-12,0.9673631298759848
1996-09-13,0.8414567173547837
1996-09-14,0.8414567173547837
1996-09-15,0.8414567173547837
1996-09-16,0.7276544443952623
1996-09-17,0.7276544443952623
1996-09-18,0.8414567173547837
1996-09-19,0.7276544443952623
1996-09-20,0.5240018703826799
1996-09-21,0.430291758905722
1996-09-22,0.430291758905722
1996-09-23,0.430291758905722
1996-09-24,0.430291758905722
1996-09-25,0.3402517889631431
1996-09-26,0.3402517889631431
1996-09-27,0.3402517889631431
1996-09-28,0.25293326782658254
1996-09-29,0.25293326782658254
1996-09-30,0.1675553012840909
1996-10-01,0.0834458732659098
1996-10-02,-0.0834458732659098
1996-10-03,-0.1675553012840909
1996-10-04,-0.25293326782658254
1996-10-05,-0.1675553012840909
1996-10-06,-0.1675553012840909
1996-10-07,-0.1675553012840909
1996-10-08,-0.1675553012840909
1996-10-09,-0.25293326782658254
1996-10-10,-0.25293326782658254
1996-10-11,-0.25293326782658254
1996-10-12,-0.25293326782658254
1996-10-13,-0.25293326782658254
1996-10-14,-0.3402517889631431
1996-10-15,-0.43029175890572224
1996-10-16,-0.43029175890572224
1996-10-17,-0.43029175890572224
1996-10-18,-0.4037489672035446
1996-10-19,-0.3362285778298235
1996-10-20,-0.3257815879494017
1996-10-21,-0.26047395163304343
1996-10-22,-0.305959578924865
1996-10-23,-0.31932363746653203
1996-10-24,-0.2943029648223987
1996-10-25,-0.18264170119417367
1996-10-26,-0.18808362438751947
1996-10-27,-0.19470602970786954
1996-10-28,-0.1425779564276326
1996-10-29,0.2532336609756567
1996-10-30,0.4479883575987633
1996-10-31,0.4036262977437508
1996-11-01,0.4119714040470035
1996-11-02,0.4370939150999509
1996-11-03,0.4543505659958844
1996-11-04,0.47794476481277615
1996-11-05,0.4831758284692329
1996-11-06,0.490010424756254
1996-11-07,0.3842367990306135
1996-11-08,0.3281022762459662
1996-11-09,0.32506658125059906
1996-11-10,0.21033693146218946
1996-11-11,0.137237002242107
1996-11-12,0.18496067320168996
1996-11-13,0.14358113042713927
1996-11-14,0.1508382660453742
1996-11-15,0.13629663239269374
1996-11-16,0.49000009907496933
1996-11-17,1.1765832825461224
1996-11-18,1.2436778889216535
1996-11-19,1.451391396318506
1996-11-20,1.4539916584032149
1996-11-21,1.8068832434815658
1996-11-22,2.116411572275464
1996-11-23,2.194635464409397
1996-11-24,2.22824313207622
1996-11-25,1.8924597273358155
1996-11-26,1.822243021684515
1996-11-27,1.9247106180777815
1996-11-28,1.7650788822357195
1996-11-29,1.5282090373953465
1996-11-30,1.3994743853206488
1996-12-01,1.293851843788198
1996-12-02,1.2085261722635874
1996-12-03,1.1522260339945487
1996-12-04,1.1468017758210067
1996-12-05,1.3295571277837381
1996-12-06,1.3607846162997932
1996-12-07,1.3372163726113524
1996-12-08,1.3264803264965264
1996-12-09,1.5610852444337424
1996-12-10,1.891848825660466
1996-12-11,1.785105850625964
1996-12-12,1.9149163059868437
1996-12-13,1.9418328818039252
1996-12-14,1.9524425519850501
1996-12-15,1.9011595773523529
1996-12-16,1.6821298281699013
1996-12-17,1.2992299572997454
1996-12-18,1.2598859196501209
1996-12-19,1.055472859880487
1996-12-20,1.0873040051833933
1996-12-21,1.5378791391504207
1996-12-22,1.4180965658996345
1996-12-23,1.4095959084431053
1996-12-24,1.3686825459968026
1996-12-25,1.3131983597490162
1996-12-26,1.3673072353460713
1996-12-27,1.3727116645575883
1996-12-28,1.335851521899257
1996-12-29,1.3701239837811032
1996-12-30,1.4632633491280853
1996-12-31,1.5181911333737617
1997-01-01,1.7332995347111824
1997-01-02,1.865633435572207
1997-01-03,1.8848306111722346
1997-01-04,1.7452943809216999
1997-01-05,1.6166587340408713
1997-01-06,1.7417940289813196
1997-01-07,1.7117619809657243
1997-01-08,1.535413127981359
1997-01-09,1.3678676025908418
1997-01-10,1.3571892410365298
1997-01-11,1.3146938799581283
1997-01-12,1.3238235208099314
1997-01-13,1.319113376422166
1997-01-14,1.3574014453718861
1997-01-15,1.365648706877805
1997-01-16,1.3923984449925566
1997-01-17,1.403715153135067
1997-01-18,1.3341357578261612
1997-01-19,1.2500129383881813
1997-01-20,0.8501366762025526
1997-01-21,0.8712706641134308
1997-01-22,1.1378902716997366
1997-01-23,1.2397459492709002
1997-01-24,1.2858752797400101
1997-01-25,1.3308691628776508
1997-01-26,1.3608290948945703
1997-01-27,1.3483676045757735
1997-01-28,1.3101200374005417
1997-01-29,1.2131383032013634
1997-01-30,1.1868473414037262
1997-01-31,0.9175026975488729
1997-02-01,0.642770365589302
1997-02-02,0.6171018601462996
1997-02-03,0.6215945384504409
1997-02-04,0.633161280187988
1997-02-05,0.6636586811469998
1997-02-06,0.6731451103007271
1997-02-07,0.6574526830325085
1997-02-08,0.6383206473206854
1997-02-09,0.6363609004736872
1997-02-10,0.6111928763456345
1997-02-11,0.5354926900926889
1997-02-12,0.4923850113670425
1997-02-13,0.46028949023473653
1997-02-14,0.43650097642680685
1997-02-15,0.4322895725501039
1997-02-16,0.42909395234078684
1997-02-17,0.4429680671217908
1997-02-18,0.42210366730433346
1997-02-19,0.2666412859866363
1997-02-20,0.11633946462586597
1997-02-21,-0.44965777963998654
1997-02-22,-0.524765244183026
1997-02-23,-0.6652079226041999
1997-02-24,-1.0177646038438624
1997-02-25,-1.3850815170109345
1997-02-26,-1.5233401584444497
1997-02-27,-1.55226393541291
1997-02-28,-1.576864897803759
1997-03-01,-1.6085521105830995
1997-03-02,-1.603853786987223
1997-03-03,-1.6658643328221698
1997-03-04,-1.698338702025893
1997-03-05,-1.7507163709193985
1997-03-06,-1.7741502246683898
1997-03-07,-2.2881060098956745
1997-03-08,-2.4093900577746306
1997-03-09,-2.503885008376843
1997-03-10,-2.3083846304675304
1997-03-11,-2.3647437844648223
1997-03-12,-2.364862187041998
1997-03-13,-2.495558347620692
1997-03-14,-2.7977499883635923
1997-03-15,-2.9891031289108936
1997-03-16,-3.058135849413467
1997-03-17,-3.0122884466658766
1997-03-18,-3.0003934517850634
1997-03-19,-3.096707612941432
1997-03-20,-3.009704237291462
1997-03-21,-2.748229258894871
1997-03-22,-2.621255986073902
1997-03-23,-2.4953836534347063
1997-03-24,-2.3295562182250635
1997-03-25,-2.1831764606583484
1997-03-26,-1.855504328079938
1997-03-27,-1.9931711312157243
1997-03-28,-2.048379491422101
1997-03-29,-2.023439325637392
1997-03-30,-2.067045937415431
1997-03-31,-2.032874205335168
1997-04-01,-2.1259070059419205
1997-04-02,-2.3914059302323962
1997-04-03,-2.3386629642881185
1997-04-04,-2.2311933608681214
1997-04-05,-2.189562745657443
1997-04-06,-2.1873044867406914
1997-04-07,-2.25720563649913
1997-04-08,-2.327275419111164
1997-04-09,-2.3578195323013444
1997-04-10,-2.3566680472797916
1997-04-11,-2.362233909459835
1997-04-12,-2.373117905549069
1997-04-13,-2.392898409862629
1997-04-14,-2.403954318114584
1997-04-15,-1.8343248635084133
1997-04-16,-1.8343248635084133
1997-04-17,-1.8343248635084133
1997-04-18,-1.985272084493443
1997-04-19,-1.9476695546798055
1997-04-20,-1.9479617555226851
1997-04-21,-1.8677753553759828
1997-04-22,-1.787992398822337
1997-04-23,-1.7896874368246782
1997-04-24,-1.7220407280184906
1997-04-25,-1.5911208594766388
1997-04-26,-1.5463648575492375
1997-04-27,-1.4406426603290186
1997-04-28,-1.4223452351593862
1997-04-29,-1.4115273617894804
1997-04-30,-1.401430444189586
1997-05-01,-1.378731994867107
1997-05-02,-1.3543309671913029
1997-05-03,-1.3566973765557722
1997-05-04,-1.3320538125773962
1997-05-05,-1.2571592946683094
1997-05-06,-1.1786996968375103
1997-05-07,-1.1112838905724152
1997-05-08,-1.0838171982512033
1997-05-09,-0.9895916959698983
1997-05-10,-0.9636164588271159
1997-05-11,-0.9607802623192568
1997-05-12,-0.9266472178401111
1997-05-13,-0.9057386389825406
1997-05-14,-0.945355986376358
1997-05-15,-0.9858517374479111
1997-05-16,-0.8198067051651174
1997-05-17,-0.8306950693557795
1997-05-18,-1.48722853668513
1997-05-19,-1.68685461535149
1997-05-20,-1.6643045243600572
1997-05-21,-1.4339690381149053
1997-05-22,-1.281728756502709
1997-05-23,-0.9419769714413248
1997-05-24,-1.1805315579010405
1997-05-25,-1.0832445757189086
1997-05-26,-1.0434984112914019
1997-05-27,-1.0643466084952808
1997-05-28,-1.0852305792857346
1997-05-29,-1.0798226578692394
1997-05-30,-1.10753384354535
1997-05-31,-1.100757858670856
1997-06-01,-0.9669777687384566
1997-06-02,-0.8218535312298918
1997-06-03,-0.6150782664620296
1997-06-04,-0.6600665088417795
1997-06-05,-0.5896857613798874
1997-06-06,-0.5500449394714559
1997-06-07,-0.49324004799804744
1997-06-08,-0.49128469260421537
1997-06-09,-0.4843927487875348
1997-06-10,-0.4860611621978772
1997-06-11,-0.48962498304665436
1997-06-12,-0.47537926718972323
1997-06-13,-0.4135522404089078
1997-06-14,-0.4142958958927012
1997-06-15,-0.37499774655883744
1997-06-16,-0.3562953994052014
1997-06-17,-0.2769313597070284
1997-06-18,-0.22920863255660917
1997-06-19,-0.18632342851288386
1997-06-20,-0.02762213568352978
1997-06-21,0.028999843663680913
1997-06-22,-0.19074312618343314
1997-06-23,-0.10643357255383878
1997-06-24,-0.07212175989086256
1997-06-25,-0.07414846098399375
1997-06-26,-0.04610208680719796
1997-06-27,-0.009333182990370892
1997-06-28,-0.05752356523451052
1997-06-29,-0.08884452816414568
1997-06-30,-0.03784436988410267
1997-07-01,-0.026568983053911976
1997-07-02,-0.020145128690448377
1997-07-03,-0.4074830227253612
1997-07-04,-0.3402517889631431
1997-07-05,-0.25293326782658254
1997-07-06,-0.25293326782658254
1997-07-07,-0.25293326782658254
1997-07-08,-0.0834458732659098
1997-07-09,-0.0834458732659098
1997-07-10,0.0834458732659098
1997-07-11,0.25293326782658254
1997-07-12,0.25293326782658254
1997-07-13,0.3402517889631431
1997-07-14,0.3402517889631431
1997-07-15,0.3402517889631431
1997-07-16,0.3402517889631431
1997-07-17,0.3402517889631431
1997-07-18,0.3402517889631431
1997-07-19,0.3402517889631431
1997-07-20,0.3402517889631431
1997-07-21,0.430291758905722
1997-07-22,0.3402517889631431
1997-07-23,0.3402517889631431
1997-07-24,0.430291758905722
1997-07-25,0.6225875482329675
1997-07-26,0.8414567173547837
1997-07-27,0.8414567173547837
1997-07-28,0.7276544443952623
1997-07-29,0.8414567173547837
1997-07-30,0.9673631298759848
1997-07-31,0.9673631298759848
1997-08-01,0.9673631298759848
1997-08-02,0.9673631298759848
1997-08-03,0.9673631298759848
1997-08-04,0.9673631298759848
1997-08-05,0.9673631298759848
1997-08-06,0.9673631298759848
1997-08-07,0.9673631298759848
1997-08-08,0.9673631298759848
1997-08-09,0.9673631298759848
1997-08-10,0.9673631298759848
1997-08-11,0.9673631298759848
1997-08-12,0.8414567173547837
1997-08-13,0.8414567173547837
1997-08-14,1.110828095252784
1997-08-15,1.110828095252784
1997-08-16,1.110828095252784
1997-08-17,1.110828095252784
1997-08-18,1.110828095252784
1997-08-19,1.1083160891778434
1997-08-20,1.1083160891778434
1997-08-21,1.1904590643986652
1997-08-22,1.1904590643986652
1997-08-23,1.1904590643986652
1997-08-24,1.1900268382946741
1997-08-25,1.1884784365930963
1997-08-26,1.1884784365930963
1997-08-27,1.1838300288955494
1997-08-28,1.1838300288955494
1997-08-29,1.1838300288955494
1997-08-30,1.1872365367971145
1997-08-31,1.194400967152745
1997-09-01,1.0694102996184216
1997-09-02,1.0694102996184216
1997-09-03,1.0694102996184216
1997-09-04,1.0694102996184216
1997-09-05,1.1444103318382126
1997-09-06,1.1444103318382126
1997-09-07,1.1444103318382126
1997-09-08,1.174000973664373
1997-09-09,1.174000973664373
1997-09-10,1.174000973664373
1997-09-11,1.2001375275964885
1997-09-12,1.320311301515919
1997-09-13,1.1549019106462914
1997-09-14,1.143739293320904
1997-09-15,1.143739293320904
1997-09-16,0.977325788974211
1997-09-17,0.977325788974211
1997-09-18,0.8414567173547837
1997-09-19,0.7276544443952623
1997-09-20,0.5240018703826799
1997-09-21,0.430291758905722
1997-09-22,0.430291758905722
1997-09-23,0.430291758905722
1997-09-24,0.430291758905722
1997-09-25,0.3402517889631431
1997-09-26,0.3402517889631431
1997-09-27,0.3402517889631431
1997-09-28,0.25293326782658254
1997-09-29,0.25293326782658254
1997-09-30,0.1675553012840909
1997-10-01,0.12059065227500221
1997-10-02,0.7787698434549516
1997-10-03,0.7694277848731729
1997-10-04,0.410231605354066
1997-10-05,0.3197177714982702
1997-10-06,0.30129141104348456
1997-10-07,0.4454132934184565
1997-10-08,0.7010862813530557
1997-10-09,1.201238396934871
1997-10-10,1.2781923194191358
1997-10-11,1.2444463234105978
1997-10-12,1.1812145344680194
1997-10-13,0.9913874167487514
1997-10-14,0.9816607322700432
1997-10-15,0.9717547584184522
1997-10-16,0.902672781212471
1997-10-17,0.861944438812049
1997-10-18,0.8540608390722593
1997-10-19,0.7741955619562012
1997-10-20,0.7893372769661273
1997-10-21,0.77140418069963
1997-10-22,0.7362517754364425
1997-10-23,0.6934090243716274
1997-10-24,0.617602443030733
1997-10-25,0.5235614005824547
1997-10-26,0.4290334120925403
1997-10-27,0.4231366021864409
1997-10-28,0.3768402199545602
1997-10-29,0.34759112942799475
1997-10-30,0.2530503631387644
1997-10-31,0.20390116285037774
1997-11-01,0.05669344228596329
1997-11-02,0.045244493880714165
1997-11-03,0.0732780272011817
1997-11-04,0.10593860636230135
1997-11-05,0.11410359764939715
1997-11-06,0.08565421810029039
1997-11-07,-0.1635798257469696
1997-11-08,-0.5729129742736594
1997-11-09,-0.8592263013028425
1997-11-10,-0.5175074105138999
1997-11-11,-0.307175622909972
1997-11-12,-0.14709600846898296
1997-11-13,0.17505669340189023
1997-11-14,0.19247854840183098
1997-11-15,0.4092281786573284
1997-11-16,0.3622232611159455
1997-11-17,0.32542600005431144
1997-11-18,0.27104142081117644
1997-11-19,0.25480324114071773
1997-11-20,0.15411505799707692
1997-11-21,0.13492615345619452
1997-11-22,0.10261733952277163
1997-11-23,0.10352670169964906
1997-11-24,0.18060154306748122
1997-11-25,0.6148812126579213
1997-11-26,1.569436075315608
1997-11-27,1.7164334504945697
1997-11-28,1.7266401582129478
1997-11-29,1.7023223242171297
1997-11-30,1.6582173242462974
1997-12-01,1.5746764816229541
1997-12-02,1.4608699441691928
1997-12-03,1.392107954300105
1997-12-04,1.376055984514541
1997-12-05,1.3470836790239513
1997-12-06,1.3964166384923262
1997-12-07,1.6926684788642823
1997-12-08,1.7374144769067383
1997-12-09,1.7149838562650457
1997-12-10,1.580653279059784
1997-12-11,1.387320273833078
1997-12-12,1.321800785900627
1997-12-13,1.1888567106547685
1997-12-14,1.2382175537414497
1997-12-15,1.0771936564126006
1997-12-16,1.03704231505019
1997-12-17,1.025396464491315
1997-12-18,0.9765042262811996
1997-12-19,0.9246472776007049
1997-12-20,0.8968732700868103
1997-12-21,0.8218555036523305
1997-12-22,0.7916277926678017
1997-12-23,0.7858872914234398
1997-12-24,0.7410678421215534
1997-12-25,0.5839991984951372
1997-12-26,-0.09464070464623275
1997-12-27,-0.12985065925574624
1997-12-28,-0.16251960370102858
1997-12-29,-0.2168978873588574
1997-12-30,-0.2974047136865563
1997-12-31,-0.3216215515902978
1998-01-01,-0.26266909076324585
1998-01-02,-0.09327439380345615
1998-01-03,-0.05229695897165554
1998-01-04,0.15194139565073828
1998-01-05,0.13562547394397662
1998-01-06,-0.2973617375777651
1998-01-07,-0.4209054439037325
1998-01-08,-0.41603381475005485
1998-01-09,-0.1951907209372754
1998-01-10,0.027855616675463102
1998-01-11,0.2969726920781808
1998-01-12,0.6495514851777384
1998-01-13,0.6436440752762006
1998-01-14,0.8171386712302275
1998-01-15,1.116940035624947
1998-01-16,1.1336694373701337
1998-01-17,1.1419832689209475
1998-01-18,1.280524093388295
1998-01-19,1.2435701209791383
1998-01-20,1.3246318787032918
1998-01-21,1.327343987463974
1998-01-22,1.2838586390277178
1998-01-23,1.366913315185498
1998-01-24,1.3206489757672872
1998-01-25,1.272828754795524
1998-01-26,1.2183283744056892
1998-01-27,1.2194649513777693
1998-01-28,1.2739969275531302
1998-01-29,1.3846913028472994
1998-01-30,1.4041959609786863
1998-01-31,1.4179459951507773
1998-02-01,1.4387205356950439
1998-02-02,1.6307754992493688
1998-02-03,1.8192871672382482
1998-02-04,1.8342482722059856
1998-02-05,1.868594228315019
1998-02-06,2.0305598622717564
1998-02-07,2.2124042098131036
1998-02-08,2.1923365113526483
1998-02-09,2.1340872625434804
1998-02-10,2.0680781868881386
1998-02-11,1.9291658519762818
1998-02-12,2.0491546280806854
1998-02-13,1.9308481655017928
1998-02-14,1.8977362158051303
1998-02-15,1.925976319540395
1998-02-16,1.985994204753768
1998-02-17,1.8708918432216217
1998-02-18,1.8911500149281117
1998-02-19,2.1128670631089634
1998-02-20,2.028655459106436
1998-02-21,2.1151587292694347
1998-02-22,2.1691809864758826
1998-02-23,2.196106421763006
1998-02-24,2.090199239082929
1998-02-25,2.102376700127884
1998-02-26,2.2325598923902112
1998-02-27,2.188340130679917
1998-02-28,2.116142626871171
1998-03-01,2.100597764692222
1998-03-02,2.057927760004543
1998-03-03,1.9798278157583291
1998-03-04,1.8136344352806586
1998-03-05,1.4367966608867326
1998-03-06,1.4619666386690189
1998-03-07,1.3509787638850506
1998-03-08,1.1400426761781306
1998-03-09,0.8866431513018351
1998-03-10,0.8094980789372269
1998-03-11,0.8331503355449894
1998-03-12,0.7945838598735124
1998-03-13,0.7734426929371433
1998-03-14,0.6747182501012027
1998-03-15,0.6590398696472342
1998-03-16,0.16276877085672736
1998-03-17,0.18866390140292344
1998-03-18,0.20690654249001184
1998-03-19,0.21473602388987856
1998-03-20,0.1765387718777618
1998-03-21,-0.23018427948975617
1998-03-22,-0.24942411690912603
1998-03-23,-0.35666897082575066
1998-03-24,0.06844557794608708
1998-03-25,0.19727735002325786
1998-03-26,0.23451500706041473
1998-03-27,0.26212601661799084
1998-03-28,0.3208249303398134
1998-03-29,0.3636082161813272
1998-03-30,0.3843780677183266
1998-03-31,0.5957088698276458
1998-04-01,0.6270677072370836
1998-04-02,0.7302418345470736
1998-04-03,0.8544735530274908
1998-04-04,0.7743039123416815
1998-04-05,0.7405018082985605
1998-04-06,0.7324108476887423
1998-04-07,0.8142649674272409
1998-04-08,0.8322152295163975
1998-04-09,0.834414255460908
1998-04-10,0.8607269405209224
1998-04-11,0.889857858529518
1998-04-12,0.9428141740225918
1998-04-13,1.0543598628925013
1998-04-14,1.1718024332584198
1998-04-15,1.2613743850037944
1998-04-16,1.2726738344376574
1998-04-17,1.248160075442823
1998-04-18,1.2671305564318094
1998-04-19,1.3587301271300625
1998-04-20,1.3508016076469356
1998-04-21,1.4188557622576223
1998-04-22,1.3635499358829333
1998-04-23,1.217529795533883
1998-04-24,1.101361393821505
1998-04-25,1.1569029963505062
1998-04-26,1.1662909818575877
1998-04-27,1.107752272501278
1998-04-28,1.1053498246750955
1998-04-29,1.128202283897184
1998-04-30,0.9733059798553868
1998-05-01,1.008811077728132
1998-05-02,1.0381690576786258
1998-05-03,1.0833972509513141
1998-05-04,1.2011883793390994
1998-05-05,1.3840165786970502
1998-05-06,1.480373857081388
1998-05-07,1.3937998230683701
1998-05-08,1.4234193463769205
1998-05-09,1.4686309117450453
1998-05-10,1.4675116154303576
1998-05-11,1.5716242334322001
1998-05-12,1.7606528398280148
1998-05-13,1.7449760435961514
1998-05-14,1.6032516871292821
1998-05-15,1.5695337250611185
1998-05-16,1.4826461798627197
1998-05-17,1.5729026900314322
1998-05-18,1.4906166067077038
1998-05-19,1.445370120702968
1998-05-20,1.5358318639370798
1998-05-21,1.5391819978386703
1998-05-22,1.5551928989924053
1998-05-23,1.5574442868353808
1998-05-24,1.568440327308948
1998-05-25,1.525557632515639
1998-05-26,1.7022936269582174
1998-05-27,1.7229137670895354
1998-05-28,2.0594167958050478
1998-05-29,2.1612749673475498
1998-05-30,2.1869363550934042
1998-05-31,2.2059909760158245
1998-06-01,2.102374930057849
1998-06-02,1.892346427521235
1998-06-03,1.867856728310763
1998-06-04,1.7588500377113339
1998-06-05,1.6010597729968863
1998-06-06,1.6537225374948696
1998-06-07,1.6580843774707963
1998-06-08,1.6858012939744709
1998-06-09,1.7138272389601092
1998-06-10,1.6451391118913739
1998-06-11,1.5075260050863175
1998-06-12,1.4288246324734666
1998-06-13,1.421982007806931
1998-06-14,1.5249624447546979
1998-06-15,1.62646135674321
1998-06-16,1.6293017958432896
1998-06-17,1.7062692916873634
1998-06-18,1.7886283246566093
1998-06-19,1.8037555102394882
1998-06-20,1.8471927225562923
1998-06-21,1.8495980966916181
1998-06-22,1.8286049933319672
1998-06-23,1.928067416384049
1998-06-24,2.0635332812539615
1998-06-25,1.8086398858698196
1998-06-26,1.8100300532574738
1998-06-27,0.9980914445917788
1998-06-28,0.33731232946073586
1998-06-29,0.31180714841164514
1998-06-30,0.3479496130589388
1998-07-01,0.3448224182667128
1998-07-02,0.33713866678283333
1998-07-03,0.40183503954392985
1998-07-04,0.4834010960378696
1998-07-05,0.5885626260651817
1998-07-06,0.1593941283853535
1998-07-07,-0.06643127466192333
1998-07-08,0.06792093183612358
1998-07-09,0.004697625349802337
1998-07-10,0.15240337776205615
1998-07-11,0.25293326782658254
1998-07-12,0.25293326782658254
1998-07-13,0.3402517889631431
1998-07-14,0.3402517889631431
1998-07-15,0.3402517889631431
1998-07-16,0.3402517889631431
1998-07-17,0.3402517889631431
1998-07-18,0.3402517889631431
1998-07-19,0.3402517889631431
1998-07-20,0.3402517889631431
1998-07-21,0.430291758905722
1998-07-22,0.3402517889631431
1998-07-23,0.3402517889631431
1998-07-24,0.430291758905722
1998-07-25,0.6225875482329675
1998-07-26,0.8414567173547837
1998-07-27,0.8414567173547837
1998-07-28,0.7276544443952623
1998-07-29,0.8414567173547837
1998-07-30,0.9673631298759848
1998-07-31,0.9673631298759848
1998-08-01,0.9673631298759848
1998-08-02,0.9673631298759848
1998-08-03,0.9673631298759848
1998-08-04,0.9673631298759848
1998-08-05,0.9673631298759848
1998-08-06,0.9673631298759848
1998-08-07,0.9673631298759848
1998-08-08,0.9673631298759848
1998-08-09,0.9673631298759848
1998-08-10,0.9673631298759848
1998-08-11,0.9673631298759848
1998-08-12,0.8414567173547837
1998-08-13,0.8414567173547837
1998-08-14,1.110828095252784
1998-08-15,1.110828095252784
1998-08-16,1.110828095252784
1998-08-17,1.110828095252784
1998-08-18,1.110828095252784
1998-08-19,0.9673631298759848
1998-08-20,0.9673631298759848
1998-08-21,1.110828095252784
1998-08-22,1.110828095252784
1998-08-23,1.110828095252784
1998-08-24,1.110828095252784
1998-08-25,1.110828095252784
1998-08-26,1.110828095252784
1998-08-27,1.110828095252784
1998-08-28,1.110828095252784
1998-08-29,1.110828095252784
1998-08-30,1.110828095252784
1998-08-31,1.110828095252784
1998-09-01,0.9673631298759848
1998-09-02,0.9673631298759848
1998-09-03,0.9673631298759848
1998-09-04,0.9673631298759848
1998-09-05,0.9673631298759848
1998-09-06,0.9673631298759848
1998-09-07,0.9673631298759848
1998-09-08,0.8869046682896344
1998-09-09,0.8869046682896344
1998-09-10,0.8869046682896344
1998-09-11,0.8907439468615733
1998-09-12,1.02841707763276
1998-09-13,0.8868950824779492
1998-09-14,0.8883270892354043
1998-09-15,0.8883270892354043
1998-09-16,0.7751527534919072
1998-09-17,0.7751527534919072
1998-09-18,0.8861527253862563
1998-09-19,0.7661354016695245
1998-09-20,0.5806235484791744
1998-09-21,0.4818855826102768
1998-09-22,0.46236394546338144
1998-09-23,0.4649650508147696
1998-09-24,0.4464700304392639
1998-09-25,0.35313799751228325
1998-09-26,0.35313799751228325
1998-09-27,0.3532282296223386
1998-09-28,0.2700024496579969
1998-09-29,0.2700024496579969
1998-09-30,0.1854905464292611
1998-10-01,0.1562221191175801
1998-10-02,0.4458478782273074
1998-10-03,0.4196042963312845
1998-10-04,0.1970926881685553
1998-10-05,0.14027872149205556
1998-10-06,0.13437553060226426
1998-10-07,0.12650187092290377
1998-10-08,0.10297823160673536
1998-10-09,-0.02624612823308392
1998-10-10,-0.00936591938025444
1998-10-11,0.0027887331100358015
1998-10-12,-0.019162269553751
1998-10-13,-0.025126833709849583
1998-10-14,-0.10073355010564566
1998-10-15,-0.11910851210145612
1998-10-16,-0.060334401589328124
1998-10-17,-0.022051533861411565
1998-10-18,-0.01683361409150308
1998-10-19,-0.18045981253875043
1998-10-20,-0.1453301432813956
1998-10-21,-0.18500688861504488
1998-10-22,-0.23296389275868035
1998-10-23,-0.24895230211443997
1998-10-24,0.41401778749755835
1998-10-25,0.30628299133748915
1998-10-26,0.24053830883271288
1998-10-27,0.23914229443741042
1998-10-28,0.20102095494927985
1998-10-29,0.17899055165387345
1998-10-30,0.30618375510172124
1998-10-31,0.3434094929670224
1998-11-01,0.25071394276576653
1998-11-02,0.2465260322557996
1998-11-03,0.3707631726653948
1998-11-04,0.39655780146321207
1998-11-05,0.40248600809317603
1998-11-06,0.4275664066226812
1998-11-07,0.44859364870282725
1998-11-08,0.4500000182895574
1998-11-09,0.6254534126839442
1998-11-10,0.6051165155173615
1998-11-11,0.5572960807459246
1998-11-12,0.7770442431432556
1998-11-13,0.751740764175979
1998-11-14,0.7553821007503126
1998-11-15,0.7513961224475776
1998-11-16,0.6770069317924476
1998-11-17,0.6529710893735677
1998-11-18,0.6539830961698916
1998-11-19,0.6968603296390257
1998-11-20,0.6425410887477385
1998-11-21,0.6241733304343016
1998-11-22,0.5970440762138776
1998-11-23,0.3479214665847876
1998-11-24,0.37128163210357146
1998-11-25,0.5035698274308313
1998-11-26,0.4351350575119668
1998-11-27,0.6984203616782169
1998-11-28,0.7674549842227618
1998-11-29,0.6287333988328068
1998-11-30,0.9363925264873624
1998-12-01,0.8930104829434214
1998-12-02,0.803276842597756
1998-12-03,0.964847354409883
1998-12-04,1.039478537748431
1998-12-05,1.0302044697094894
1998-12-06,0.999802472000199
1998-12-07,0.9092720860177186
1998-12-08,0.8709876564152518
1998-12-09,0.7297332012999344
1998-12-10,0.6543159948384999
1998-12-11,0.553081918788932
1998-12-12,0.3480100679172733
1998-12-13,0.3229116335942177
1998-12-14,0.2587298918976966
1998-12-15,0.22805082920171693
1998-12-16,0.21639943212335333
1998-12-17,0.18058350919774968
1998-12-18,0.12845693403457603
1998-12-19,0.08267337633035954
1998-12-20,0.35731856787598937
1998-12-21,0.3026756860474902
1998-12-22,0.27726591246054055
1998-12-23,0.2126087075143197
1998-12-24,0.19053645179813206
1998-12-25,0.159799361413006
1998-12-26,0.20037605412767245
1998-12-27,0.06859764503527965
1998-12-28,-0.006019124918390517
1998-12-29,-0.05345275514562342
1998-12-30,-0.38475064091353217
1998-12-31,-0.41752555409244985
1999-01-01,-0.36086228442734636
1999-01-02,-0.7066838640501417
1999-01-03,-0.9715723792979863
1999-01-04,-1.131778697048143
1999-01-05,-0.9891545860130483
1999-01-06,-1.1347005859335932
1999-01-07,-1.1357465822137862
1999-01-08,-1.1149609989310554
1999-01-09,-1.1421253522363377
1999-01-10,-1.0825791155634041
1999-01-11,-1.1518965319888026
1999-01-12,-1.1881330152990572
1999-01-13,-1.098787090470291
1999-01-14,-1.0426691493501665
1999-01-15,-0.7612372414563445
1999-01-16,-0.8110550538359063
1999-01-17,-0.8090091290478809
1999-01-18,-0.45797500425159754
1999-01-19,-0.16642455251152044
1999-01-20,-0.12079479153071415
1999-01-21,-0.06581505407388066
1999-01-22,-0.08540025680125507
1999-01-23,0.04590741694157563
1999-01-24,0.06957264166466448
1999-01-25,0.06308688100700688
1999-01-26,0.10782561996517348
1999-01-27,0.20453038740135532
1999-01-28,0.2606508412481381
1999-01-29,0.2961129922796435
1999-01-30,0.32707050717990827
1999-01-31,0.44562530584160975
1999-02-01,0.5247125103955403
1999-02-02,0.5182004542854759
1999-02-03,0.534452507257261
1999-02-04,0.5475640853785433
1999-02-05,0.5665288678133014
1999-02-06,0.6284142074022643
1999-02-07,0.8326176473826867
1999-02-08,0.9938355809058835
1999-02-09,1.2403900296640267
1999-02-10,1.2920589634712571
1999-02-11,1.3197295940278257
1999-02-12,1.3475434378147328
1999-02-13,1.318847173062244
1999-02-14,1.2291971365113388
1999-02-15,1.242607030662934
1999-02-16,1.2825179229566932
1999-02-17,1.18733644828791
1999-02-18,0.958162004723891
1999-02-19,0.9075716644190878
1999-02-20,0.9985589403590296
1999-02-21,1.057848690266316
1999-02-22,0.9265015264185925
1999-02-23,0.9143097820047901
1999-02-24,0.9090847803412734
1999-02-25,0.8863421025173535
1999-02-26,0.8476864264269022
1999-02-27,0.8002992498120285
1999-02-28,0.7964748359550793
1999-03-01,0.7397450092246095
1999-03-02,0.6467717698248108
1999-03-03,0.6766790719443581
1999-03-04,0.7001542704837168
1999-03-05,0.6877972668357232
1999-03-06,0.6836068101451597
1999-03-07,0.6823425160240078
1999-03-08,0.6939808646203899
1999-03-09,0.5883614666998831
1999-03-10,0.37000341318665186
1999-03-11,-0.10386514942004199
1999-03-12,-0.2370008097917875
1999-03-13,-0.27983294667107494
1999-03-14,-0.34924754145656123
1999-03-15,-0.3997789907229474
1999-03-16,-0.43998294237137525
1999-03-17,-0.4107917550400555
1999-03-18,-0.46646157965604984
1999-03-19,-0.4184740662392348
1999-03-20,-0.4521495311137038
1999-03-21,-0.35975922275497174
1999-03-22,-0.7635140707624052
1999-03-23,-0.8995967303668938
1999-03-24,-0.8388761156618207
1999-03-25,-0.7749652868951747
1999-03-26,-0.6323431911780348
1999-03-27,-0.6223951020109262
1999-03-28,-0.5698577848804254
1999-03-29,-0.5451211248399708
1999-03-30,-0.5105802750358908
1999-03-31,-0.35422898769265854
1999-04-01,-0.34054641496549354
1999-04-02,-0.45139833918768524
1999-04-03,-0.47034628646030163
1999-04-04,-0.40938457769107117
1999-04-05,-0.1525944759827147
1999-04-06,-0.10994205377038502
1999-04-07,-0.19964262151201684
1999-04-08,-0.23325792182568228
1999-04-09,-0.05591482904009726
1999-04-10,-0.02409064837916941
1999-04-11,-0.025841123643977282
1999-04-12,-0.02007188972264351
1999-04-13,-0.01158719227776217
1999-04-14,0.0033432852326096274
1999-04-15,-0.02450684318524554
1999-04-16,-0.04511376162841496
1999-04-17,-0.09365108870939864
1999-04-18,-0.0806955675563994
1999-04-19,-0.06799472189534006
1999-04-20,-0.066063333815781
1999-04-21,0.0003858932932243597
1999-04-22,0.04014237686515387
1999-04-23,0.0779663660080332
1999-04-24,0.12887597296217335
1999-04-25,0.15620660839092948
1999-04-26,0.18629121690070694
1999-04-27,0.15756934694475655
1999-04-28,0.17282364678030837
1999-04-29,0.15493352903282287
1999-04-30,0.07642222536306353
1999-05-01,0.09218067165983967
1999-05-02,0.14277879556160178
1999-05-03,0.2335623592795426
1999-05-04,0.2907623871485505
1999-05-05,0.0523525400961764
1999-05-06,0.015253170221327883
1999-05-07,0.05947420148807314
1999-05-08,-0.29472016142445034
1999-05-09,-0.9061841163438409
1999-05-10,-0.9636164588271159
1999-05-11,-0.9607802623192573
1999-05-12,-0.9266472178401111
1999-05-13,-0.9057386389825406
1999-05-14,-0.945355986376358
1999-05-15,-0.9858517374479115
1999-05-16,-0.8198067051651179
1999-05-17,-0.8306950693557797
1999-05-18,-0.7522999551826647
1999-05-19,-0.6988201238748118
1999-05-20,-0.6626609370526283
1999-05-21,-0.6195282818496213
1999-05-22,-0.5986660110938273
1999-05-23,-0.6405551386653527
1999-05-24,-0.8500030895971715
1999-05-25,-0.7963425411726451
1999-05-26,-0.759715143709429
1999-05-27,-0.7367945164555048
1999-05-28,-0.7575825039746464
1999-05-29,-0.7533445078564754
1999-05-30,-0.7780237304908124
1999-05-31,-0.7668694742203854
1999-06-01,-0.9491345209370096
1999-06-02,-1.1033185085683246
1999-06-03,-0.8977269955753902
1999-06-04,-0.9506742073398706
1999-06-05,-0.8840093672810178
1999-06-06,-0.8092306648499105
1999-06-07,-0.7226380546641936
1999-06-08,-0.7227632316444106
1999-06-09,-0.7186715304276591
1999-06-10,-0.7208736725266415
1999-06-11,-0.7258503284138559
1999-06-12,-0.7168110477127374
1999-06-13,-0.6655943818341857
1999-06-14,-0.6853089807949615
1999-06-15,-0.6936644026227566
1999-06-16,-0.6822011606642944
1999-06-17,-0.613798622786802
1999-06-18,-0.5499715186832752
1999-06-19,-0.5105358960298769
1999-06-20,-0.3406179860518914
1999-06-21,-0.2661148503001085
1999-06-22,-0.22569230210044555
1999-06-23,-0.14063578097516527
1999-06-24,-0.10562016212195813
1999-06-25,-0.11212151246698898
1999-06-26,-0.08429672924535292
1999-06-27,-0.0523278765193691
1999-06-28,-0.09799076056608635
1999-06-29,-0.1293989659144863
1999-06-30,-0.08001941027703441
1999-07-01,-0.09087943342149485
1999-07-02,-0.18170859944440876
1999-07-03,-0.5240018703826799
1999-07-04,-0.3402517889631431
1999-07-05,-0.25293326782658254
1999-07-06,-0.25293326782658254
1999-07-07,-0.25293326782658254
1999-07-08,-0.0834458732659098
1999-07-09,-0.0834458732659098
1999-07-10,0.0834458732659098
1999-07-11,0.25293326782658254
1999-07-12,0.25293326782658254
1999-07-13,0.3402517889631431
1999-07-14,0.3402517889631431
1999-07-15,0.3402517889631431
1999-07-16,0.3402517889631431
1999-07-17,0.3402517889631431
1999-07-18,0.3402517889631431
1999-07-19,0.3402517889631431
1999-07-20,0.3402517889631431
1999-07-21,0.430291758905722
1999-07-22,0.3402517889631431
1999-07-23,0.3402517889631431
1999-07-24,0.430291758905722
1999-07-25,0.6225875482329675
1999-07-26,0.8414567173547837
1999-07-27,0.8414567173547837
1999-07-28,1.3238581309846797
1999-07-29,1.5166922159225982
1999-07-30,1.5741116737545666
1999-07-31,1.619432219907135
1999-08-01,1.5515889351138186
1999-08-02,1.4620384027960598
1999-08-03,1.4620384027960598
1999-08-04,1.4620384027960598
1999-08-05,1.4620384027960598
1999-08-06,2.246000396075522
1999-08-07,2.246000396075522
1999-08-08,2.246000396075522
1999-08-09,2.246000396075522
1999-08-10,2.331276559763518
1999-08-11,2.3570455373769876
1999-08-12,2.4821421635107046
1999-08-13,2.4773186464452697
1999-08-14,2.353614837785383
1999-08-15,2.353614837785383
1999-08-16,2.353614837785383
1999-08-17,2.353614837785383
1999-08-18,2.353614837785383
1999-08-19,2.4283954419516585
1999-08-20,2.4283954419516585
1999-08-21,2.3442284924814594
1999-08-22,2.3442284924814594
1999-08-23,2.3442284924814594
1999-08-24,2.3396791900977316
1999-08-25,2.321500692293829
1999-08-26,2.321500692293829
1999-08-27,2.2863232050919624
1999-08-28,2.2863232050919624
1999-08-29,2.2863232050919624
1999-08-30,2.3356013156018736
1999-08-31,2.3952505277302367
1999-09-01,2.4625133562823893
1999-09-02,2.4625133562823893
1999-09-03,2.4625133562823893
1999-09-04,2.4625133562823893
1999-09-05,0.9673631298759848
1999-09-06,0.9673631298759848
1999-09-07,0.9673631298759848
1999-09-08,0.8414567173547837
1999-09-09,0.8414567173547837
1999-09-10,0.8414567173547837
1999-09-11,0.8414567173547837
1999-09-12,0.9673631298759848
1999-09-13,0.8414567173547837
1999-09-14,0.8414567173547837
1999-09-15,0.8414567173547837
1999-09-16,0.7276544443952623
1999-09-17,0.7276544443952623
1999-09-18,0.8414567173547837
1999-09-19,0.7276544443952623
1999-09-20,0.5240018703826799
1999-09-21,0.430291758905722
1999-09-22,0.430291758905722
1999-09-23,0.430291758905722
1999-09-24,0.430291758905722
1999-09-25,0.3402517889631431
1999-09-26,0.3402517889631431
1999-09-27,0.3402517889631431
1999-09-28,0.25293326782658254
1999-09-29,0.25293326782658254
1999-09-30,0.1675553012840909
1999-10-01,0.0834458732659098
1999-10-02,-0.0834458732659098
1999-10-03,-0.1675553012840909
1999-10-04,-0.25293326782658254
1999-10-05,-0.1675553012840909
1999-10-06,-0.1675553012840909
1999-10-07,-0.1675553012840909
1999-10-08,-0.1675553012840909
1999-10-09,-0.25293326782658254
1999-10-10,-0.25293326782658254
1999-10-11,-0.25293326782658254
1999-10-12,-0.25293326782658254
1999-10-13,-0.25293326782658254
1999-10-14,-0.3402517889631431
1999-10-15,-0.43029175890572224
1999-10-16,-0.43029175890572224
1999-10-17,-0.43029175890572224
1999-10-18,-0.43029175890572224
1999-10-19,-0.5240018703826799
1999-10-20,-0.6225875482329679
1999-10-21,-0.6225875482329679
1999-10-22,-0.6225875482329679
1999-10-23,-0.6225875482329679
1999-10-24,-0.6225875482329679
1999-10-25,-0.6225875482329679
1999-10-26,-0.6225875482329679
1999-10-27,-0.6147477456591639
1999-10-28,-0.5860985438437802
1999-10-29,-0.6391984066047707
1999-10-30,-0.7045261228007739
1999-10-31,-0.7205920977916207
1999-11-01,-0.733460321717444
1999-11-02,-0.7832745555334044
1999-11-03,-0.6914139092527497
1999-11-04,-0.665952424061163
1999-11-05,-0.6585375364211433
1999-11-06,-0.7119192118806948
1999-11-07,-0.21246750980109597
1999-11-08,0.08964794274648336
1999-11-09,0.09155277612669344
1999-11-10,-0.055834285694007946
1999-11-11,-0.13463312735590982
1999-11-12,-0.06594171988857656
1999-11-13,-0.11219685584824712
1999-11-14,-0.10379854712794034
1999-11-15,-0.12187647678331981
1999-11-16,-0.02104269299699668
1999-11-17,-0.11101109055895164
1999-11-18,-0.25077449646396466
1999-11-19,-0.10699028591574855
1999-11-20,-0.22975216797532627
1999-11-21,-0.2548700794134011
1999-11-22,-0.2874060416099029
1999-11-23,-0.30040159354126783
1999-11-24,-0.29729546889157565
1999-11-25,-0.02853931467829529
1999-11-26,-0.16771928128283164
1999-11-27,-0.21521436601876043
1999-11-28,-0.2211386318130717
1999-11-29,-0.17116959672973375
1999-11-30,-0.06582067544636239
1999-12-01,-0.12516908720497844
1999-12-02,-0.18061086676942284
1999-12-03,-0.16904359756108445
1999-12-04,-0.18749115145022865
1999-12-05,-0.19753313779805204
1999-12-06,-0.3115947664638412
1999-12-07,-0.7584975890146743
1999-12-08,-1.172017237010985
1999-12-09,-1.0408123977864963
1999-12-10,-1.1586548845481657
1999-12-11,-1.227646288034314
1999-12-12,-1.2765784992717912
1999-12-13,-1.3614754052021976
1999-12-14,-1.5271177330742354
1999-12-15,-1.5256014168298546
1999-12-16,-1.7492254521506845
1999-12-17,-1.7860507039918332
1999-12-18,-1.864748136576201
1999-12-19,-2.141299541427951
1999-12-20,-2.01137214461215
1999-12-21,-2.0732611560322667
1999-12-22,-2.0702003097606356
1999-12-23,-2.064135637243956
1999-12-24,-2.0765443134412873
1999-12-25,-2.061196346899064
1999-12-26,-1.9258603743373803
1999-12-27,-1.9124433920092458
1999-12-28,-1.9397380070140278
1999-12-29,-2.0152477609509654
1999-12-30,-2.383559783236357
1999-12-31,-2.406209864583574
2000-01-01,-2.2604772007056804
2000-01-02,-2.1828820045620496
2000-01-03,-2.1253074234325715
2000-01-04,-2.172617435161855
2000-01-05,-1.9401715466239904
2000-01-06,-1.714207187783574
2000-01-07,-1.7126061547899054
2000-01-08,-1.8111420284030253
2000-01-09,-1.8158240170213618
2000-01-10,-1.8068883190951788
2000-01-11,-1.6360638511778405
2000-01-12,-1.6268128518293357
2000-01-13,-1.539411343442812
2000-01-14,-1.3619551748465253
2000-01-15,-1.3108000031222002
2000-01-16,-1.2850074829530782
2000-01-17,-1.0788448846835879
2000-01-18,-0.8219641476123124
2000-01-19,-0.7159106557440309
2000-01-20,-0.6778420943160527
2000-01-21,-0.5882447442493097
2000-01-22,-0.5952715282692174
2000-01-23,-0.24826867912403272
2000-01-24,0.37770698793763424
2000-01-25,0.6333408473696074
2000-01-26,0.61644538759051
2000-01-27,0.6439202088056564
2000-01-28,0.6891677823057066
2000-01-29,0.7141490727812874
2000-01-30,0.7930181069084683
2000-01-31,0.836202007282687
2000-02-01,0.8806062646215316
2000-02-02,0.9003926084955282
2000-02-03,0.9496589409610031
2000-02-04,0.9553970733670216
2000-02-05,0.975578616841238
2000-02-06,1.027125688828086
2000-02-07,1.0546498796620045
2000-02-08,1.0399894760788055
2000-02-09,1.0440357234871267
2000-02-10,1.0478156495130384
2000-02-11,1.2673488227163126
2000-02-12,1.3910013746714789
2000-02-13,1.6233058133700184
2000-02-14,1.6848031133522077
2000-02-15,1.7243017545784267
2000-02-16,1.7485741643734634
2000-02-17,1.7330429774060807
2000-02-18,1.7526718742457166
2000-02-19,1.7626531767342555
2000-02-20,1.7531518508453146
2000-02-21,1.734548955560161
2000-02-22,1.6930894026926175
2000-02-23,1.4724234870814858
2000-02-24,1.2675855817869581
2000-02-25,1.2639808777671022
2000-02-26,1.3475627338602383
2000-02-27,1.431193079154973
2000-02-28,1.4699923084318434
2000-03-01,1.415036683679349
2000-03-02,1.3796488511465976
2000-03-03,1.351208272248903
2000-03-04,1.3830881439795828
2000-03-05,1.5278365195180026
2000-03-06,1.5553768300516122
2000-03-07,1.4924007790271152
2000-03-08,1.5789254313270906
2000-03-09,1.6169323917226746
2000-03-10,1.6326660332806966
2000-03-11,1.6956417758111018
2000-03-12,1.6822945385052952
2000-03-13,1.4969082477638345
2000-03-14,1.4876441953195894
2000-03-15,1.13779949698446
2000-03-16,1.032428972029455
2000-03-17,0.9891004421925451
2000-03-18,0.9127489233617597
2000-03-19,0.9729814065668969
2000-03-20,0.9206408712018374
2000-03-21,0.9143487021881218
2000-03-22,0.7211142170721365
2000-03-23,0.6966861267412829
2000-03-24,0.419786830549818
2000-03-25,0.18507256684149742
2000-03-26,0.19130275843590216
2000-03-27,0.2061785838178647
2000-03-28,0.15147267454461377
2000-03-29,-0.06095888965402518
2000-03-30,-0.13631278492957155
2000-03-31,-0.16109175433013911
2000-04-01,-0.157517843506074
2000-04-02,-0.09360151477124012
2000-04-03,-0.11456483128946204
2000-04-04,-0.5674580074293838
2000-04-05,-0.5421429624891441
2000-04-06,-0.7027588371208695
2000-04-07,-1.234345165240064
2000-04-08,-1.334957131486266
2000-04-09,-1.6909498914590353
2000-04-10,-1.6861172162717983
2000-04-11,-1.690591781311187
2000-04-12,-1.5830260789022788
2000-04-13,-1.520165690428771
2000-04-14,-1.5229651000477447
2000-04-15,-1.4756743990996073
2000-04-16,-1.2980272535413242
2000-04-17,-0.37056067875900567
2000-04-18,-0.3209813036414213
2000-04-19,-0.29383250135647376
2000-04-20,-0.2852408910854989
2000-04-21,-0.21531490131945707
2000-04-22,-0.16730218079157333
2000-04-23,0.01618996485389057
2000-04-24,0.03742198816704323
2000-04-25,0.06989790030878518
2000-04-26,0.1005839815885623
2000-04-27,0.1839602876701223
2000-04-28,0.19918657031999887
2000-04-29,0.22530428973108974
2000-04-30,0.270004328016652
2000-05-01,0.2850014090582378
2000-05-02,0.3048332400291023
2000-05-03,0.3424045709472874
2000-05-04,0.40227415865982064
2000-05-05,0.4604938189730352
2000-05-06,0.623591419944405
2000-05-07,0.7985900408166042
2000-05-08,0.8702248248930757
2000-05-09,1.1100743499526486
2000-05-10,1.1930347326035164
2000-05-11,1.2623039097080064
2000-05-12,1.348142604835755
2000-05-13,1.3813372739650296
2000-05-14,1.4094441057779825
2000-05-15,1.4110952774703582
2000-05-16,1.2777312483250918
2000-05-17,0.7349078541721455
2000-05-18,0.6515579217420739
2000-05-19,0.6767242169195482
2000-05-20,0.7445109487674534
2000-05-21,1.0837851552412625
2000-05-22,1.0836397857202993
2000-05-23,1.0208031222758702
2000-05-24,1.0908099904193707
2000-05-25,1.1423341712630541
2000-05-26,1.1004235748775586
2000-05-27,1.0799114292421437
2000-05-28,1.0665238400375758
2000-05-29,1.0609732112378265
2000-05-30,1.0667880595347607
2000-05-31,1.1054084176887453
2000-06-01,1.1169925303840924
2000-06-02,1.12334225269292
2000-06-03,1.131958534243961
2000-06-04,1.1404810573104611
2000-06-05,1.0133244423274288
2000-06-06,0.897171752442828
2000-06-07,0.9171105943474098
2000-06-08,0.700251150201448
2000-06-09,0.5878183246025983
2000-06-10,0.593166256322829
2000-06-11,0.6069681006315018
2000-06-12,0.6348261892527045
2000-06-13,0.6765202922736194
2000-06-14,0.5672924580285117
2000-06-15,0.6585880259750305
2000-06-16,0.6976999814001925
2000-06-17,0.7791142352428377
2000-06-18,0.7694116879783268
2000-06-19,0.8013614022166571
2000-06-20,-0.2193505177274555
2000-06-21,-0.1523530461274496
2000-06-22,-0.11191749488578662
2000-06-23,-0.02905707963706816
2000-06-24,0.004528701394045154
2000-06-25,0.011992372249783001
2000-06-26,0.040250231384951984
2000-06-27,0.08703716799448302
2000-06-28,0.03448668111893971
2000-06-29,0.0038282260036004434
2000-06-30,0.058088190823175845
2000-07-01,0.06926415238545491
2000-07-02,0.07559471515389715
2000-07-03,0.16015006829215683
2000-07-04,0.2418090504501058
2000-07-05,0.32670718446206704
2000-07-06,0.37046452962466336
2000-07-07,0.16111911134586254
2000-07-08,-0.0834458732659098
2000-07-09,-0.0834458732659098
2000-07-10,0.0834458732659098
2000-07-11,0.25293326782658254
2000-07-12,0.25293326782658254
2000-07-13,0.3402517889631431
2000-07-14,0.3402517889631431
2000-07-15,0.3402517889631431
2000-07-16,0.3402517889631431
2000-07-17,0.3402517889631431
2000-07-18,0.3402517889631431
2000-07-19,0.3402517889631431
2000-07-20,0.3402517889631431
2000-07-21,0.430291758905722
2000-07-22,0.3402517889631431
2000-07-23,0.3402517889631431
2000-07-24,0.430291758905722
2000-07-25,0.6225875482329675
2000-07-26,0.8414567173547837
2000-07-27,0.8414567173547837
2000-07-28,0.7276544443952623
2000-07-29,0.8414567173547837
2000-07-30,0.9673631298759848
2000-07-31,0.9673631298759848
2000-08-01,0.9673631298759848
2000-08-02,0.9673631298759848
2000-08-03,0.9673631298759848
2000-08-04,0.9673631298759848
2000-08-05,0.9673631298759848
2000-08-06,0.9673631298759848
2000-08-07,0.9673631298759848
2000-08-08,0.9673631298759848
2000-08-09,0.9673631298759848
2000-08-10,0.9673631298759848
2000-08-11,0.9673631298759848
2000-08-12,0.8414567173547837
2000-08-13,0.8414567173547837
2000-08-14,1.110828095252784
2000-08-15,1.110828095252784
2000-08-16,1.110828095252784
2000-08-17,1.110828095252784
2000-08-18,1.110828095252784
2000-08-19,0.9673631298759848
2000-08-20,0.9673631298759848
2000-08-21,1.110828095252784
2000-08-22,1.110828095252784
2000-08-23,1.110828095252784
2000-08-24,1.110828095252784
2000-08-25,1.110828095252784
2000-08-26,1.110828095252784
2000-08-27,1.110828095252784
2000-08-28,1.110828095252784
2000-08-29,1.110828095252784
2000-08-30,1.110828095252784
2000-08-31,1.110828095252784
2000-09-01,1.5485638861117645
2000-09-02,1.5485638861117645
2000-09-03,1.5485638861117645
2000-09-04,1.5485638861117645
2000-09-05,2.4304684728835566
2000-09-06,2.4304684728835566
2000-09-07,2.4304684728835566
2000-09-08,2.3444101482172326
2000-09-09,2.3444101482172326
2000-09-10,2.3444101482172326
2000-09-11,2.439458835534077
2000-09-12,2.3999656836090546
2000-09-13,2.23403939130179
2000-09-14,2.149606652168626
2000-09-15,2.149606652168626
2000-09-16,1.7130742910393404
2000-09-17,1.7130742910393404
2000-09-18,1.6956180601679902
2000-09-19,1.6677577854001524
2000-09-20,1.6085019562086718
2000-09-21,1.3662655131802421
2000-09-22,1.2962205419746917
2000-09-23,1.2995783402340897
2000-09-24,1.2278360090625875
2000-09-25,1.12581459373836
2000-09-26,1.12581459373836
2000-09-27,1.1225395016984363
2000-09-28,1.0602714733072467
2000-09-29,1.0602714733072467
2000-09-30,1.0452058225840275
2000-10-01,0.0834458732659098
2000-10-02,-0.0834458732659098
2000-10-03,-0.1675553012840909
2000-10-04,-0.25293326782658254
2000-10-05,-0.1675553012840909
2000-10-06,-0.1675553012840909
2000-10-07,-0.1675553012840909
2000-10-08,-0.1675553012840909
2000-10-09,1.3863908991252734
2000-10-10,2.2861180047633898
2000-10-11,2.6164567267487997
2000-10-12,2.72021433754477
2000-10-13,2.302755333705387
2000-10-14,2.352359051692569
2000-10-15,2.277345771003226
2000-10-16,2.014501305041362
2000-10-17,2.0106704558996533
2000-10-18,1.9820904816942282
2000-10-19,2.0465217355063685
2000-10-20,1.9533705564892045
2000-10-21,1.9808144004274202
2000-10-22,1.986764376845731
2000-10-23,1.9167055782608897
2000-10-24,1.6973728327484368
2000-10-25,1.7746641104382292
2000-10-26,1.6860352986546836
2000-10-27,1.644954553788887
2000-10-28,1.9578427601162032
2000-10-29,2.1196247168748616
2000-10-30,2.1567995185368822
2000-10-31,2.3075946034676407
2000-11-01,2.2999646997445398
2000-11-02,2.2268901247564985
2000-11-03,2.2316212309534396
2000-11-04,2.201708931595072
2000-11-05,2.190372753757778
2000-11-06,2.1553442854851643
2000-11-07,2.2926557420279994
2000-11-08,2.1084938080355817
2000-11-09,1.7893772906868328
2000-11-10,1.6992943665527602
2000-11-11,1.6008598209370164
2000-11-12,1.5113374545571139
2000-11-13,1.5298489690256734
2000-11-14,1.5283219515640836
2000-11-15,1.5390765263822117
2000-11-16,1.5001599926659952
2000-11-17,1.4650741283765192
2000-11-18,1.6629020844753275
2000-11-19,1.571545642632012
2000-11-20,1.6519102558770051
2000-11-21,1.7357524829464777
2000-11-22,1.736237062094043
2000-11-23,1.7998643238717584
2000-11-24,1.7912551399128898
2000-11-25,1.4069691326278888
2000-11-26,1.2922595745045662
2000-11-27,0.673681369983723
2000-11-28,-0.13275533755111013
2000-11-29,-0.06339918952684487
2000-11-30,-0.9028825874735442
2000-12-01,-0.9462171101030628
2000-12-02,-0.9763943862763778
2000-12-03,-0.9268800128984821
2000-12-04,-0.8693892609538909
2000-12-05,-0.8539717390855012
2000-12-06,-1.0198530658198233
2000-12-07,-1.1067754473016422
2000-12-08,-1.048684051342071
2000-12-09,-1.0581961283571606
2000-12-10,-1.1828815204419625
2000-12-11,-1.0609859946328248
2000-12-12,-1.0933005507778737
2000-12-13,-1.2172786421645152
2000-12-14,-1.1214859919134903
2000-12-15,-1.0480153943395578
2000-12-16,-1.0199591005167936
2000-12-17,-1.0455959913431232
2000-12-18,-0.45368077787332184
2000-12-19,-0.3820059766598862
2000-12-20,-0.3678820131032592
2000-12-21,-0.5703730173572583
2000-12-22,-0.6130445061198986
2000-12-23,-0.6127800178413845
2000-12-24,-0.6307940204224118
2000-12-25,-0.6438612251640045
2000-12-26,-0.5629631614351935
2000-12-27,-0.5535841304416798
2000-12-28,-0.5845509912074702
2000-12-29,-0.7118366615631302
2000-12-30,-0.6690178782504704
2000-12-31,-0.6444127608201506
2001-01-01,-0.5775206339615893
2001-01-02,-0.5691426565531561
2001-01-03,-0.6457155103290345
2001-01-04,-0.6856002412242143
2001-01-05,-0.5823829350034602
2001-01-06,-0.6885326698755813
2001-01-07,-0.6154313652694721
2001-01-08,-0.3906955289495577
2001-01-09,-0.39781579820038604
2001-01-10,-0.23511595059475554
2001-01-11,-0.24047112483286814
2001-01-12,-0.2449013369556814
2001-01-13,-0.23188576074948375
2001-01-14,-0.2885520029437605
2001-01-15,-0.28656235256353324
2001-01-16,-0.3240465513818891
2001-01-17,-0.6279728227755412
2001-01-18,-0.5927883295586185
2001-01-19,-0.5258400517489554
2001-01-20,-0.6116236853639556
2001-01-21,-0.5984498521206598
2001-01-22,-0.6303925317807766
2001-01-23,-0.7466289551704568
2001-01-24,-0.6588801894805234
2001-01-25,-0.41645668556995497
2001-01-26,-0.388444165340714
2001-01-27,-0.34400348846294504
2001-01-28,-0.2982423290916709
2001-01-29,-0.2501911100270924
2001-01-30,-0.10704240781382035
2001-01-31,-0.036050163972580984
2001-02-01,0.032271525229300435
2001-02-02,-0.005764744034586711
2001-02-03,0.037311270875310276
2001-02-04,0.059105133894158834
2001-02-05,0.07988143646297052
2001-02-06,0.03138201355128167
2001-02-07,-0.17006976524803963
2001-02-08,-0.2046334050598504
2001-02-09,-0.29532324143094413
2001-02-10,-0.2785090167166848
2001-02-11,-0.18876845462240133
2001-02-12,-0.2707339017115131
2001-02-13,-0.2729220632929894
2001-02-14,-0.27876147574755583
2001-02-15,-0.24384410773628207
2001-02-16,-0.3715090403859951
2001-02-17,-0.3774856100880799
2001-02-18,-0.3626923292798043
2001-02-19,-0.21818275507522467
2001-02-20,-0.1920272793413913
2001-02-21,-0.13191796515779863
2001-02-22,-0.07910132021699878
2001-02-23,-0.039582724945565584
2001-02-24,-0.0848553230255289
2001-02-25,-0.08730631494761298
2001-02-26,-0.16684109633840238
2001-02-27,-0.21017963844030896
2001-02-28,-0.24042569716057516
2001-03-01,-0.02049912580998048
2001-03-02,0.027034468843387227
2001-03-03,-0.012606997030252698
2001-03-04,0.11354618158630392
2001-03-05,0.12491891722532644
2001-03-06,0.09969829898359017
2001-03-07,0.1567754902873557
2001-03-08,0.18901475849535476
2001-03-09,0.24468609239748051
2001-03-10,0.30104620100907575
2001-03-11,0.22785702845782163
2001-03-12,0.17822090707456106
2001-03-13,0.12452458927072962
2001-03-14,0.0564074473925269
2001-03-15,0.046060992180998905
2001-03-16,0.032293261701265674
2001-03-17,-0.006309427277559454
2001-03-18,0.04439639743107304
2001-03-19,0.07346151202831752
2001-03-20,0.042282790980757046
2001-03-21,0.05412983570543539
2001-03-22,0.04186847675839478
2001-03-23,0.03823534518061833
2001-03-24,-0.04562991267620453
2001-03-25,-0.06725260414796175
2001-03-26,-0.08185570380158191
2001-03-27,-0.0626446720762619
2001-03-28,-0.05502144401209863
2001-03-29,-0.029575218029860073
2001-03-30,-0.03126473363649729
2001-03-31,-0.5211498436766913
2001-04-01,-0.64067550275907
2001-04-02,-0.43366434627154704
2001-04-03,-0.5364279170914681
2001-04-04,-0.4931821908211602
2001-04-05,-0.4685518468161398
2001-04-06,-0.32684208132962556
2001-04-07,-0.29712897175489417
2001-04-08,-0.0365964046913565
2001-04-09,-0.04365890385108062
2001-04-10,-0.026139697420844765
2001-04-11,-0.027893564326069376
2001-04-12,-0.10127287802392426
2001-04-13,-0.09390038172392101
2001-04-14,-0.08003484705131925
2001-04-15,-0.11440492144351877
2001-04-16,-0.1371857361161799
2001-04-17,-0.1901728046471174
2001-04-18,-0.13183671710586542
2001-04-19,-0.09473758999454618
2001-04-20,0.5204167548793992
2001-04-21,0.7760172232118464
2001-04-22,0.8375656037208294
2001-04-23,0.9161391624104068
2001-04-24,0.95466405265631
2001-04-25,0.9352270816270623
2001-04-26,0.9601055562875059
2001-04-27,0.9504654640063193
2001-04-28,0.9650297684924911
2001-04-29,1.0002208660575458
2001-04-30,1.06463928959952
2001-05-01,1.07667338371221
2001-05-02,1.0116137629282502
2001-05-03,0.9978962688206183
2001-05-04,1.0371573895878767
2001-05-05,1.0915406914459607
2001-05-06,1.0329602433247622
2001-05-07,1.056471971557188
2001-05-08,0.8191877601304884
2001-05-09,0.8560278437259632
2001-05-10,0.8622728660483316
2001-05-11,0.9205005286552915
2001-05-12,1.0133542634245578
2001-05-13,1.0566189577264922
2001-05-14,1.0743423453134808
2001-05-15,0.9657904444706702
2001-05-16,0.9428336642905206
2001-05-17,0.9952088585911616
2001-05-18,0.9434939321506204
2001-05-19,0.9208773011990692
2001-05-20,-0.1255910766621866
2001-05-21,-1.8343248635084133
2001-05-22,-1.281728756502709
2001-05-23,-1.8343248635084133
2001-05-24,-1.8343248635084133
2001-05-25,-1.5013851891566723
2001-05-26,-1.5013851891566723
2001-05-27,-1.8343248635084133
2001-05-28,-1.8343248635084133
2001-05-29,-1.8343248635084133
2001-05-30,-1.8343248635084133
2001-05-31,-1.8343248635084133
2001-06-01,-1.5013851891566723
2001-06-02,-1.281728756502709
2001-06-03,-1.281728756502709
2001-06-04,-1.281728756502709
2001-06-05,-1.281728756502709
2001-06-06,-1.110828095252784
2001-06-07,-0.9673631298759848
2001-06-08,-0.9673631298759848
2001-06-09,-0.9673631298759848
2001-06-10,-0.9673631298759848
2001-06-11,-0.9673631298759848
2001-06-12,-0.9673631298759848
2001-06-13,-0.9673631298759848
2001-06-14,-0.9673631298759848
2001-06-15,-1.110828095252784
2001-06-16,-1.110828095252784
2001-06-17,-1.110828095252784
2001-06-18,-0.9673631298759848
2001-06-19,-0.9673631298759848
2001-06-20,-0.8414567173547837
2001-06-21,-0.7276544443952623
2001-06-22,-0.7276544443952623
2001-06-23,-0.6225875482329679
2001-06-24,-0.5240018703826799
2001-06-25,-0.2696539307902537
2001-06-26,-0.14682983386600168
2001-06-27,-0.1233511516118011
2001-06-28,-0.1638649584584424
2001-06-29,-0.19507744801779858
2001-06-30,-0.14865987621988674
2001-07-01,-0.13752648846426307
2001-07-02,-0.1311387713615353
2001-07-03,-0.03198988706314121
2001-07-04,0.05740605379724539
2001-07-05,0.13094259317420032
2001-07-06,0.15939412838535527
2001-07-07,0.2126671614256872
2001-07-08,0.3138623728413983
2001-07-09,0.3531283791513813
2001-07-10,0.44349058862566526
2001-07-11,0.4889362775963588
2001-07-12,0.4912009078989925
2001-07-13,0.544435841623651
2001-07-14,0.5452809347948153
2001-07-15,0.5246966810981284
2001-07-16,0.5662393282558762
2001-07-17,0.5897770096172037
2001-07-18,0.5897770096172037
2001-07-19,0.5897770096172037
2001-07-20,0.5930455017574046
2001-07-21,0.6244593045672779
2001-07-22,0.607883748886997
2001-07-23,0.607883748886997
2001-07-24,0.7366174596768209
2001-07-25,0.7510946845276368
2001-07-26,0.8414567173547837
2001-07-27,0.8414567173547837
2001-07-28,0.7276544443952623
2001-07-29,0.8414567173547837
2001-07-30,0.9673631298759848
2001-07-31,0.9673631298759848
2001-08-01,0.9673631298759848
2001-08-02,0.9673631298759848
2001-08-03,0.9673631298759848
2001-08-04,0.9673631298759848
2001-08-05,0.9673631298759848
2001-08-06,0.9673631298759848
2001-08-07,0.9673631298759848
2001-08-08,0.9673631298759848
2001-08-09,0.9673631298759848
2001-08-10,0.9673631298759848
2001-08-11,0.9673631298759848
2001-08-12,0.8414567173547837
2001-08-13,0.8414567173547837
2001-08-14,1.110828095252784
2001-08-15,1.110828095252784
2001-08-16,1.110828095252784
2001-08-17,1.110828095252784
2001-08-18,1.110828095252784
2001-08-19,0.9673631298759848
2001-08-20,0.9673631298759848
2001-08-21,1.110828095252784
2001-08-22,1.110828095252784
2001-08-23,1.110828095252784
2001-08-24,1.110828095252784
2001-08-25,1.110828095252784
2001-08-26,1.110828095252784
2001-08-27,1.110828095252784
2001-08-28,1.110828095252784
2001-08-29,1.110828095252784
2001-08-30,1.110828095252784
2001-08-31,1.110828095252784
2001-09-01,0.9673631298759848
2001-09-02,0.9673631298759848
2001-09-03,0.9673631298759848
2001-09-04,0.9673631298759848
2001-09-05,0.9673631298759848
2001-09-06,0.9673631298759848
2001-09-07,0.9673631298759848
2001-09-08,0.8414567173547837
2001-09-09,0.8414567173547837
2001-09-10,0.8414567173547837
2001-09-11,0.8414567173547837
2001-09-12,0.9673631298759848
2001-09-13,0.8414567173547837
2001-09-14,0.8414567173547837
2001-09-15,0.8414567173547837
2001-09-16,0.7276544443952623
2001-09-17,0.7276544443952623
2001-09-18,0.8414567173547837
2001-09-19,0.7276544443952623
2001-09-20,0.5240018703826799
2001-09-21,0.430291758905722
2001-09-22,0.430291758905722
2001-09-23,0.430291758905722
2001-09-24,0.919943519798625
2001-09-25,0.813853167156935
2001-09-26,0.813853167156935
2001-09-27,0.8122186639969392
2001-09-28,0.710380249317154
2001-09-29,0.710380249317154
2001-09-30,0.6673818717056498
2001-10-01,0.7469447833308742
2001-10-02,0.4767887067543237
2001-10-03,0.16452866272572475
2001-10-04,0.03653377082932918
2001-10-05,0.014949930292217806
2001-10-06,0.016217520959500353
2001-10-07,0.010029972038429591
2001-10-08,0.0035477088388198297
2001-10-09,-0.1134661021649006
2001-10-10,-0.08857463703979152
2001-10-11,-0.07391961844666395
2001-10-12,-0.0907921440494841
2001-10-13,-0.08899960010898211
2001-10-14,-0.1692172670968075
2001-10-15,-0.1978741529787651
2001-10-16,-0.1383946991121343
2001-10-17,-0.18236861323776665
2001-10-18,-0.1765004557245422
2001-10-19,-0.33622857782982263
2001-10-20,-0.3257815879494008
2001-10-21,-0.36149630062142757
2001-10-22,-0.40154735960037713
2001-10-23,-0.41123916269836247
2001-10-24,-0.6225875482329679
2001-10-25,-0.6225875482329679
2001-10-26,-0.6225875482329679
2001-10-27,-0.7276544443952623
2001-10-28,-0.7276544443952623
2001-10-29,-0.7521859789766981
2001-10-30,-0.0023905211746892974
2001-10-31,-0.04451666811656585
2001-11-01,-0.07184196391706288
2001-11-02,-0.039547553273598934
2001-11-03,-0.008217617360657847
2001-11-04,0.02593009783194211
2001-11-05,0.03460807703677227
2001-11-06,0.04046316127401273
2001-11-07,-0.11672687269742199
2001-11-08,-0.18729716142307806
2001-11-09,-0.18022730894513073
2001-11-10,-0.2876587917981519
2001-11-11,-0.3071756229099716
2001-11-12,0.6371104236476627
2001-11-13,0.6161010705531058
2001-11-14,0.6206082095911178
2001-11-15,0.6141304873020696
2001-11-16,0.5655395330603896
2001-11-17,0.5011181533212072
2001-11-18,0.46817453566441225
2001-11-19,0.39765720330699117
2001-11-20,0.3231134594094971
2001-11-21,0.3077833622289414
2001-11-22,0.3188139449147662
2001-11-23,0.4425315723880341
2001-11-24,0.8412458205100317
2001-11-25,0.8605773763127074
2001-11-26,0.7749006371676649
2001-11-27,0.8126445868523622
2001-11-28,0.9055289352817867
2001-11-29,0.5800512297815335
2001-11-30,0.5672715846935712
2001-12-01,0.6480140680323823
2001-12-02,0.9013395261873267
2001-12-03,0.9150525888644848
2001-12-04,0.8780302807567895
2001-12-05,0.876946691071043
2001-12-06,0.8456599074077461
2001-12-07,0.8090302896629477
2001-12-08,0.8070342891377799
2001-12-09,0.7950363991685213
2001-12-10,0.725088079545581
2001-12-11,0.6071761892523919
2001-12-12,-0.010004765206147015
2001-12-13,0.07275745261308608
2001-12-14,0.08321764861106473
2001-12-15,0.05588806595664808
2001-12-16,0.06857810841698342
2001-12-17,0.1509830766568787
2001-12-18,0.09851087092777155
2001-12-19,0.16902504714737177
2001-12-20,0.4502665468615392
2001-12-21,0.3890642871726073
2001-12-22,0.5061201469847005
2001-12-23,0.4680137808100222
2001-12-24,0.2810870521620499
2001-12-25,0.2483225576789596
2001-12-26,0.32840517576819495
2001-12-27,0.3545292720383588
2001-12-28,0.6274674497235304
2001-12-29,0.7131553369365825
2001-12-30,0.813114900069732
2001-12-31,0.7712802487291954
2002-01-01,0.6608305663270873
2002-01-02,0.845990030961731
2002-01-03,0.8470899214161156
2002-01-04,0.7801535256223294
2002-01-05,0.7622919272922517
2002-01-06,0.7804441761441854
2002-01-07,0.7629249987241975
2002-01-08,0.732374291640222
2002-01-09,0.746448496039682
2002-01-10,0.761128584338318
2002-01-11,0.796036012401982
2002-01-12,0.7188623847900221
2002-01-13,0.6968764092235138
2002-01-14,0.7012801459111802
2002-01-15,0.6903995973857995
2002-01-16,0.6421173984177596
2002-01-17,0.6447467146710252
2002-01-18,0.5946401914312331
2002-01-19,0.43177555025086045
2002-01-20,0.41863822204063506
2002-01-21,0.30761165356798514
2002-01-22,0.25901073470225544
2002-01-23,0.14041607670357625
2002-01-24,0.11871067342729957
2002-01-25,0.08230570875366383
2002-01-26,0.20429058372803377
2002-01-27,-0.12939593292934304
2002-01-28,-0.2487489670400318
2002-01-29,-0.39963051736906885
2002-01-30,-0.4113657868114411
2002-01-31,-0.44273161874543576
2002-02-01,-1.025874472283436
2002-02-02,-1.1125132933810244
2002-02-03,-1.023519730829374
2002-02-04,-1.0300675097636538
2002-02-05,-1.0068976112630863
2002-02-06,-1.0980042665817855
2002-02-07,-0.865685461244832
2002-02-08,-0.8819927695448673
2002-02-09,-0.893221748917795
2002-02-10,-0.9474808386875058
2002-02-11,-0.9783351423915002
2002-02-12,-1.1248269321124775
2002-02-13,-1.1146644022442267
2002-02-14,-1.1214034794662653
2002-02-15,-1.1602018374890557
2002-02-16,-0.717802905275352
2002-02-17,-0.5028200212369844
2002-02-18,-0.46858368653412996
2002-02-19,-0.4388788476377039
2002-02-20,-0.4376608278745793
2002-02-21,-0.38110589718362164
2002-02-22,-0.3486087078054225
2002-02-23,-0.26802011277455207
2002-02-24,-0.19334681574784662
2002-02-25,-0.38785970195122843
2002-02-26,-0.5113689979575284
2002-02-27,-0.5639785253948684
2002-02-28,-0.5892419301103293
2002-03-01,-0.6428543668765547
2002-03-02,-0.6723277946740032
2002-03-03,-0.734180419420011
2002-03-04,-0.7710048190847838
2002-03-05,-0.7771420164643691
2002-03-06,-0.23416372100105498
2002-03-07,-0.05454213456381751
2002-03-08,-0.013352335809395433
2002-03-09,-0.03156873509196312
2002-03-10,0.1036911322652101
2002-03-11,0.12686434430365856
2002-03-12,0.14950445570918713
2002-03-13,0.12264293580643981
2002-03-14,0.09636264622716384
2002-03-15,0.08859484893243885
2002-03-16,0.0796870823867466
2002-03-17,0.15455612927169726
2002-03-18,-0.1514394903554388
2002-03-19,-0.3725899264068735
2002-03-20,-0.42163805138535326
2002-03-21,-0.40019098298928646
2002-03-22,-0.08968701394786649
2002-03-23,0.09116492598576942
2002-03-24,0.09585284463336108
2002-03-25,0.10632697097536559
2002-03-26,0.15645807428800662
2002-03-27,0.17188407875385603
2002-03-28,0.1878517277875047
2002-03-29,0.21384490252559996
2002-03-30,0.21759668914149133
2002-03-31,0.24849438464813156
2002-04-01,0.2728097939441414
2002-04-02,0.3535551706162581
2002-04-03,0.35928017879841145
2002-04-04,0.37279837802135884
2002-04-05,-0.06475075803032948
2002-04-06,-0.19472435407760447
2002-04-07,-0.23756940955285177
2002-04-08,-0.35163608885784736
2002-04-09,-0.48479776252045714
2002-04-10,-0.4803760355003186
2002-04-11,-0.48287903192062
2002-04-12,-0.48079176533221557
2002-04-13,-0.4753649626251677
2002-04-14,-0.46632070137856796
2002-04-15,-0.5270579292205597
2002-04-16,-0.5257618503908676
2002-04-17,-0.5456156291719538
2002-04-18,-0.49953727907398404
2002-04-19,-0.47914378138088387
2002-04-20,-0.47165065367147774
2002-04-21,-0.9026536017403637
2002-04-22,-1.3871893536857471
2002-04-23,-1.4054991388568556
2002-04-24,-1.341914694966989
2002-04-25,-1.2413459568437684
2002-04-26,-1.1998491463464602
2002-04-27,-1.1098434272748476
2002-04-28,-1.0923586630815718
2002-04-29,-1.0267361176001293
2002-04-30,-1.009489475106184
2002-05-01,-0.9973657398646195
2002-05-02,-1.1569598524752103
2002-05-03,-1.1551088498398683
2002-05-04,-1.1270121451293058
2002-05-05,-1.0546044370904477
2002-05-06,-0.9795833768024348
2002-05-07,-0.9118516366871191
2002-05-08,-0.8815919322158245
2002-05-09,-0.8100551560772637
2002-05-10,-0.7851816335762412
2002-05-11,-0.777611820501185
2002-05-12,-0.7378380197653648
2002-05-13,-0.725447968709074
2002-05-14,-0.7612277940688487
2002-05-15,-0.8079998877279067
2002-05-16,-1.0532028129761262
2002-05-17,-1.5602116775247477
2002-05-18,-1.4872285366851266
2002-05-19,-1.117962274544911
2002-05-20,-0.15019811964315566
2002-05-21,-0.054471649114173015
2002-05-22,-0.07902946278387524
2002-05-23,-0.05975900542755985
2002-05-24,-0.1809604320811029
2002-05-25,-0.15351753953907998
2002-05-26,-0.13884228527620257
2002-05-27,-0.089028095132067
2002-05-28,-0.10745750609258287
2002-05-29,-0.1386404166601798
2002-05-30,-0.15397268008612475
2002-05-31,-0.13418933964161583
2002-06-01,-0.08586812579322611
2002-06-02,-0.018906231809023843
2002-06-03,-0.02264580466429078
2002-06-04,-0.06362413176348336
2002-06-05,-0.01388401727684907
2002-06-06,-0.006048735365143498
2002-06-07,0.01534548425806026
2002-06-08,0.023068725859267225
2002-06-09,0.03466659904671121
2002-06-10,0.03602786564821581
2002-06-11,0.04000580640614326
2002-06-12,0.06179682168068723
2002-06-13,0.1195367558434417
2002-06-14,0.18020756553940487
2002-06-15,0.2609260442369983
2002-06-16,0.2923630908555439
2002-06-17,0.3751223819785643
2002-06-18,0.3647162990885542
2002-06-19,-0.4912534596143594
2002-06-20,-0.6964704298626129
2002-06-21,-0.5947862894748321
2002-06-22,-0.6223575363545739
2002-06-23,-0.5230905644960635
2002-06-24,-0.4530616695581353
2002-06-25,-0.5263137326082423
2002-06-26,-0.5124761086728178
2002-06-27,-0.5666414343075752
2002-06-28,-0.6225875482329679
2002-06-29,-0.6225875482329679
2002-06-30,-0.6225875482329679
2002-07-01,-0.6225875482329679
2002-07-02,-0.6225875482329679
2002-07-03,-0.5240018703826799
2002-07-04,-0.3402517889631431
2002-07-05,-0.25293326782658254
2002-07-06,-0.25293326782658254
2002-07-07,-0.25293326782658254
2002-07-08,-0.0834458732659098
2002-07-09,-0.0834458732659098
2002-07-10,0.0834458732659098
2002-07-11,0.25293326782658254
2002-07-12,0.25293326782658254
2002-07-13,0.3402517889631431
2002-07-14,0.3402517889631431
2002-07-15,0.3402517889631431
2002-07-16,0.3402517889631431
2002-07-17,0.3402517889631431
2002-07-18,0.3402517889631431
2002-07-19,0.3402517889631431
2002-07-20,0.3402517889631431
2002-07-21,0.430291758905722
2002-07-22,0.3402517889631431
2002-07-23,0.3402517889631431
2002-07-24,0.430291758905722
2002-07-25,0.6225875482329675
2002-07-26,0.8414567173547837
2002-07-27,0.8414567173547837
2002-07-28,0.7276544443952623
2002-07-29,0.8414567173547837
2002-07-30,0.9673631298759848
2002-07-31,0.9673631298759848
2002-08-01,0.9673631298759848
2002-08-02,0.9673631298759848
2002-08-03,0.9673631298759848
2002-08-04,0.9673631298759848
2002-08-05,0.9673631298759848
2002-08-06,0.9673631298759848
2002-08-07,0.9673631298759848
2002-08-08,0.9673631298759848
2002-08-09,0.9673631298759848
2002-08-10,0.9673631298759848
2002-08-11,0.9673631298759848
2002-08-12,0.8414567173547837
2002-08-13,0.8414567173547837
2002-08-14,1.110828095252784
2002-08-15,1.110828095252784
2002-08-16,1.110828095252784
2002-08-17,1.110828095252784
2002-08-18,1.110828095252784
2002-08-19,0.9673631298759848
2002-08-20,0.9673631298759848
2002-08-21,1.110828095252784
2002-08-22,1.110828095252784
2002-08-23,1.110828095252784
2002-08-24,1.110828095252784
2002-08-25,1.110828095252784
2002-08-26,1.110828095252784
2002-08-27,1.110828095252784
2002-08-28,1.110828095252784
2002-08-29,1.110828095252784
2002-08-30,1.110828095252784
2002-08-31,1.110828095252784
2002-09-01,0.9673631298759848
2002-09-02,0.9673631298759848
2002-09-03,0.9673631298759848
2002-09-04,0.9673631298759848
2002-09-05,0.9673631298759848
2002-09-06,0.9673631298759848
2002-09-07,0.9673631298759848
2002-09-08,0.8414567173547837
2002-09-09,0.8414567173547837
2002-09-10,0.8414567173547837
2002-09-11,0.8414567173547837
2002-09-12,0.9673631298759848
2002-09-13,0.8414567173547837
2002-09-14,0.8414567173547837
2002-09-15,0.8414567173547837
2002-09-16,0.7276544443952623
2002-09-17,0.7276544443952623
2002-09-18,0.8414567173547837
2002-09-19,0.7276544443952623
2002-09-20,0.5240018703826799
2002-09-21,0.430291758905722
2002-09-22,0.430291758905722
2002-09-23,0.430291758905722
2002-09-24,0.430291758905722
2002-09-25,0.3402517889631431
2002-09-26,0.3402517889631431
2002-09-27,0.3402517889631431
2002-09-28,0.25293326782658254
2002-09-29,0.25293326782658254
2002-09-30,0.1675553012840909
2002-10-01,0.0834458732659098
2002-10-02,-0.0834458732659098
2002-10-03,-0.1675553012840909
2002-10-04,-0.25293326782658254
2002-10-05,-0.1675553012840909
2002-10-06,-0.1675553012840909
2002-10-07,-0.1675553012840909
2002-10-08,-0.1675553012840909
2002-10-09,-0.25293326782658254
2002-10-10,-0.25293326782658254
2002-10-11,-0.25293326782658254
2002-10-12,-0.25293326782658254
2002-10-13,-0.25293326782658254
2002-10-14,-0.3402517889631431
2002-10-15,-0.43029175890572224
2002-10-16,-0.43029175890572224
2002-10-17,-0.43029175890572224
2002-10-18,-0.43029175890572224
2002-10-19,-0.5240018703826799
2002-10-20,-0.6225875482329679
2002-10-21,-0.6225875482329679
2002-10-22,-0.6225875482329679
2002-10-23,-0.6225875482329679
2002-10-24,-0.6225875482329679
2002-10-25,-0.6225875482329679
2002-10-26,-0.6225875482329679
2002-10-27,-0.7276544443952623
2002-10-28,-0.7276544443952623
2002-10-29,-0.8414567173547837
2002-10-30,-0.8414567173547837
2002-10-31,-0.8414567173547837
2002-11-01,-0.8414567173547837
2002-11-02,-0.9673631298759848
2002-11-03,-0.8414567173547837
2002-11-04,-0.8414567173547837
2002-11-05,-0.8414567173547837
2002-11-06,-0.9208299712329135
2002-11-07,-0.16837344528520615
2002-11-08,0.1674006250232427
2002-11-09,0.2060793421709588
2002-11-10,0.12045570129064997
2002-11-11,0.5479319771151543
2002-11-12,0.5591696431630839
2002-11-13,0.5275105006024463
2002-11-14,0.5613740612506193
2002-11-15,0.8144105598400742
2002-11-16,0.7676618714144863
2002-11-17,0.7104686139744522
2002-11-18,0.724716755940017
2002-11-19,0.651219857466296
2002-11-20,0.5918903041372623
2002-11-21,0.5705742667187994
2002-11-22,0.5396645410263168
2002-11-23,0.5571787629080269
2002-11-24,0.5871674956516442
2002-11-25,0.6685201175361857
2002-11-26,0.5821172349041928
2002-11-27,0.6043114461580874
2002-11-28,0.605231536477759
2002-11-29,0.5738929323851334
2002-11-30,0.510420608363777
2002-12-01,0.42582937133333165
2002-12-02,0.35213145032234716
2002-12-03,0.3378624582617997
2002-12-04,0.31089606435745654
2002-12-05,0.2816312428774972
2002-12-06,0.202200187165817
2002-12-07,-0.18125514071306315
2002-12-08,-0.4906027217654718
2002-12-09,-0.5255956960565691
2002-12-10,-0.6712997391353424
2002-12-11,-1.5375066801041766
2002-12-12,-1.5131845187512392
2002-12-13,-1.0723127853366963
2002-12-14,-0.8916836073735636
2002-12-15,-1.2204648446274575
2002-12-16,-0.31435464588502793
2002-12-17,-0.18353979671289955
2002-12-18,-0.11325351030166675
2002-12-19,0.15629910675483427
2002-12-20,0.28665438683140954
2002-12-21,0.3008746055907754
2002-12-22,0.44463971084714293
2002-12-23,0.5796105598790808
2002-12-24,0.5555128914164646
2002-12-25,0.6577954223539472
2002-12-26,0.6905766480276261
2002-12-27,0.6966341377561611
2002-12-28,0.7588248991755011
2002-12-29,0.7784725912763913
2002-12-30,0.8261016153096395
2002-12-31,0.8991339339372134
2003-01-01,0.9611531834431369
2003-01-02,0.898914402205666
2003-01-03,0.8972609686380892
2003-01-04,0.8609010997130421
2003-01-05,0.8247535104880267
2003-01-06,0.8504527193460664
2003-01-07,0.8323027691598862
2003-01-08,0.797837889617865
2003-01-09,0.8368850510865675
2003-01-10,0.8671263175600634
2003-01-11,0.9001692231479006
2003-01-12,0.7904408422706627
2003-01-13,0.7190970728517279
2003-01-14,0.6954371057215937
2003-01-15,0.39987014195319026
2003-01-16,0.31375128736890456
2003-01-17,0.24080733010876787
2003-01-18,0.08497887032022833
2003-01-19,0.039028312073918325
2003-01-20,-0.07932566650663131
2003-01-21,-0.24058958535565367
2003-01-22,-0.45892214359915506
2003-01-23,-0.6767113722621261
2003-01-24,-0.9211985665310073
2003-01-25,-0.9191230264143793
2003-01-26,-0.8699955838216058
2003-01-27,-1.0130786954831947
2003-01-28,-1.0414836142958674
2003-01-29,-1.204181533147012
2003-01-30,-1.3553567625164389
2003-01-31,-1.5430956408597742
2003-02-01,-1.470383416272037
2003-02-02,-1.533359341616752
2003-02-03,-1.4525914403239484
2003-02-04,-1.4182996180520608
2003-02-05,-1.3982966695745307
2003-02-06,-1.6083337756989249
2003-02-07,-1.6871541684220799
2003-02-08,-2.0042671714644498
2003-02-09,-2.440922194060862
2003-02-10,-2.6050755506386856
2003-02-11,-2.676333011331269
2003-02-12,-1.76208621710609
2003-02-13,-1.6432731487924988
2003-02-14,-1.6711307948855276
2003-02-15,-1.0976906366910335
2003-02-16,-1.1379748997849632
2003-02-17,-1.1645969898706516
2003-02-18,-1.1890968041037817
2003-02-19,-1.0659292505143014
2003-02-20,-1.0509455553669151
2003-02-21,-0.9745477367914835
2003-02-22,-0.9008726404988289
2003-02-23,-0.754273665942036
2003-02-24,-0.6114431128175442
2003-02-25,-0.5997698646966343
2003-02-26,-0.6838419757459403
2003-02-27,-0.7056818444895339
2003-02-28,-0.7327559137280776
2003-03-01,-0.7880239361380047
2003-03-02,-0.8168838078873418
2003-03-03,-0.8798457947910153
2003-03-04,-0.9212751262919611
2003-03-05,-0.9814258901784847
2003-03-06,-1.041461581978879
2003-03-07,-0.9310925158530972
2003-03-08,-0.8987115598644492
2003-03-09,-0.8490646060104386
2003-03-10,-0.7382633609743618
2003-03-11,-0.747579727957448
2003-03-12,-0.7338037847944746
2003-03-13,-0.7972139192263139
2003-03-14,-0.6437131131887247
2003-03-15,-0.6158637998500485
2003-03-16,-0.5653191450942507
2003-03-17,-0.9693489123720633
2003-03-18,-0.9135729189282865
2003-03-19,-0.7770000302560047
2003-03-20,-0.7548051833931203
2003-03-21,-0.8026874899460444
2003-03-22,-0.6109853377550258
2003-03-23,-0.4914288243063676
2003-03-24,-0.4870902610671912
2003-03-25,-0.47521693032738255
2003-03-26,-0.36156921728799873
2003-03-27,-0.3378422571258395
2003-03-28,-0.37427143285580855
2003-03-29,-0.3643986153352401
2003-03-30,-0.3734867112401443
2003-03-31,-0.33116930780155096
2003-04-01,-0.060702562831798534
2003-04-02,0.174824840048053
2003-04-03,0.29833416546477265
2003-04-04,0.3589814970547842
2003-04-05,0.37609574753050334
2003-04-06,0.35666842986339087
2003-04-07,0.31980367344492233
2003-04-08,0.30116149655580027
2003-04-09,0.29768062066914136
2003-04-10,0.3185043336202813
2003-04-11,0.3378727739479461
2003-04-12,0.600376829254001
2003-04-13,0.4883334731516862
2003-04-14,0.44891917605838993
2003-04-15,0.40558717282500445
2003-04-16,0.39548745646537786
2003-04-17,0.3685358675355406
2003-04-18,0.3555955394465089
2003-04-19,0.4094004114327068
2003-04-20,0.4224025349864071
2003-04-21,0.5597938586277151
2003-04-22,0.564393965692273
2003-04-23,0.6539956271635231
2003-04-24,0.8445789733666372
2003-04-25,0.8857682513920974
2003-04-26,0.910962127580087
2003-04-27,1.086243597373055
2003-04-28,1.1585567187849022
2003-04-29,1.1961581227659426
2003-04-30,1.2657751734339788
2003-05-01,1.112289943525822
2003-05-02,1.050440678957175
2003-05-03,1.0336548111753472
2003-05-04,1.0900726594284231
2003-05-05,1.1441748647223284
2003-05-06,1.1892930330225442
2003-05-07,1.27395884321702
2003-05-08,1.3966387347077485
2003-05-09,1.4414120886090642
2003-05-10,1.4406184100958432
2003-05-11,1.492153117781387
2003-05-12,1.2077116682860098
2003-05-13,1.0677649400086946
2003-05-14,1.0858441721679335
2003-05-15,0.9768792367179733
2003-05-16,0.9527499486005501
2003-05-17,1.005216713926755
2003-05-18,0.962188779327224
2003-05-19,0.9409731150189214
2003-05-20,1.016252338304923
2003-05-21,0.8215937512949658
2003-05-22,0.8119252928578368
2003-05-23,0.8386363102963611
2003-05-24,0.6379569148319436
2003-05-25,0.5619015682591064
2003-05-26,0.5459696512842327
2003-05-27,0.09204836935414362
2003-05-28,-0.1530935969559093
2003-05-29,-0.1518127380041121
2003-05-30,-0.16736725527079743
2003-05-31,-0.18959779377766162
2003-06-01,-0.510823950001956
2003-06-02,-0.7193421447226156
2003-06-03,-0.7282427691436709
2003-06-04,-0.7849486625609923
2003-06-05,-0.7140705577942353
2003-06-06,-0.6618838116517546
2003-06-07,-0.9673631298759848
2003-06-08,-0.9673631298759848
2003-06-09,-0.9673631298759848
2003-06-10,-0.9673631298759848
2003-06-11,-0.9673631298759848
2003-06-12,-0.9673631298759848
2003-06-13,-0.9673631298759848
2003-06-14,-0.9673631298759848
2003-06-15,-1.110828095252784
2003-06-16,-1.110828095252784
2003-06-17,-1.110828095252784
2003-06-18,-0.9673631298759848
2003-06-19,-0.9673631298759848
2003-06-20,-0.8414567173547837
2003-06-21,-0.7276544443952623
2003-06-22,-0.7276544443952623
2003-06-23,-0.6225875482329679
2003-06-24,-0.5240018703826799
2003-06-25,-0.6225875482329679
2003-06-26,-0.6225875482329679
2003-06-27,-0.7276544443952623
2003-06-28,-0.6225875482329679
2003-06-29,-0.6225875482329679
2003-06-30,-0.6225875482329679
2003-07-01,-0.6225875482329679
2003-07-02,-0.6225875482329679
2003-07-03,-0.5240018703826799
2003-07-04,-0.3402517889631431
2003-07-05,-0.25293326782658254
2003-07-06,-0.25293326782658254
2003-07-07,-0.25293326782658254
2003-07-08,-0.0834458732659098
2003-07-09,-0.0834458732659098
2003-07-10,0.0834458732659098
2003-07-11,0.25293326782658254
2003-07-12,0.25293326782658254
2003-07-13,0.3402517889631431
2003-07-14,0.3402517889631431
2003-07-15,0.3402517889631431
2003-07-16,0.3402517889631431
2003-07-17,0.3402517889631431
2003-07-18,0.3402517889631431
2003-07-19,0.3402517889631431
2003-07-20,0.3402517889631431
2003-07-21,0.430291758905722
2003-07-22,0.3402517889631431
2003-07-23,0.3402517889631431
2003-07-24,0.430291758905722
2003-07-25,0.6225875482329675
2003-07-26,0.8414567173547837
2003-07-27,0.8414567173547837
2003-07-28,0.7276544443952623
2003-07-29,0.8414567173547837
2003-07-30,0.9673631298759848
2003-07-31,1.2485100412150953
2003-08-01,1.500376640810619
2003-08-02,1.8543659436583158
2003-08-03,1.8543659436583158
2003-08-04,1.8543659436583158
2003-08-05,1.8543659436583158
2003-08-06,1.5070858214091927
2003-08-07,1.5070858214091927
2003-08-08,1.5070858214091927
2003-08-09,1.5070858214091927
2003-08-10,1.5470468415241436
2003-08-11,1.5625177022221128
2003-08-12,1.5986321952895093
2003-08-13,1.5668890418087886
2003-08-14,1.5858273226097803
2003-08-15,1.5858273226097803
2003-08-16,1.5858273226097803
2003-08-17,1.5858273226097803
2003-08-18,1.5858273226097803
2003-08-19,1.5665704960195992
2003-08-20,1.5665704960195992
2003-08-21,1.621047630148809
2003-08-22,1.621047630148809
2003-08-23,1.621047630148809
2003-08-24,1.6281425028667782
2003-08-25,1.655778949158505
2003-08-26,1.655778949158505
2003-08-27,1.7050473174216132
2003-08-28,1.7050473174216132
2003-08-29,1.7050473174216132
2003-08-30,1.6336587488256702
2003-08-31,1.5357033328835894
2003-09-01,1.1476299006425887
2003-09-02,1.1476299006425887
2003-09-03,1.1476299006425887
2003-09-04,1.1476299006425887
2003-09-05,1.3460736650533365
2003-09-06,1.3460736650533365
2003-09-07,1.3460736650533365
2003-09-08,1.3943799659343536
2003-09-09,1.3943799659343536
2003-09-10,1.3943799659343536
2003-09-11,1.4356091094438268
2003-09-12,1.5276793965429105
2003-09-13,1.3577385506511044
2003-09-14,1.333253017500818
2003-09-15,1.333253017500818
2003-09-16,1.1176961226983997
2003-09-17,1.1176961226983997
2003-09-18,1.1827241638539734
2003-09-19,1.084499929150534
2003-09-20,0.7421105623905222
2003-09-21,0.6226808209451435
2003-09-22,0.5762745493352386
2003-09-23,0.5544633947064133
2003-09-24,0.430291758905722
2003-09-25,0.3402517889631431
2003-09-26,0.3402517889631431
2003-09-27,0.3402517889631431
2003-09-28,0.25293326782658254
2003-09-29,0.25293326782658254
2003-09-30,0.1675553012840909
2003-10-01,0.0834458732659098
2003-10-02,-0.0834458732659098
2003-10-03,-0.1675553012840909
2003-10-04,-0.25293326782658254
2003-10-05,-0.1675553012840909
2003-10-06,-0.1675553012840909
2003-10-07,-0.1675553012840909
2003-10-08,-0.1675553012840909
2003-10-09,-0.25293326782658254
2003-10-10,-0.25293326782658254
2003-10-11,-0.25293326782658254
2003-10-12,-0.25293326782658254
2003-10-13,-0.25293326782658254
2003-10-14,-0.3402517889631431
2003-10-15,-0.43029175890572224
2003-10-16,-0.43029175890572224
2003-10-17,-0.43029175890572224
2003-10-18,-0.43029175890572224
2003-10-19,-0.5240018703826799
2003-10-20,-0.6225875482329679
2003-10-21,-0.6225875482329679
2003-10-22,-0.6225875482329679
2003-10-23,-0.6225875482329679
2003-10-24,-0.6225875482329679
2003-10-25,-0.6225875482329679
2003-10-26,-0.6225875482329679
2003-10-27,-0.7276544443952623
2003-10-28,-0.7276544443952623
2003-10-29,-0.8414567173547837
2003-10-30,-0.8414567173547837
2003-10-31,-0.8414567173547837
2003-11-01,-0.8414567173547837
2003-11-02,-0.8333772861039589
2003-11-03,-0.6524088619029925
2003-11-04,-0.6240036610806936
2003-11-05,-0.6158446929337751
2003-11-06,-0.4795382669366357
2003-11-07,-0.5660856544125772
2003-11-08,-0.1414455031236832
2003-11-09,0.11006408468896312
2003-11-10,0.010139913655216493
2003-11-11,-0.06752432837541988
2003-11-12,0.00015254158468791523
2003-11-13,-0.04497598134932379
2003-11-14,-0.03298012394804117
2003-11-15,-0.026835766014824847
2003-11-16,-0.02855749236176619
2003-11-17,-0.11892356975047047
2003-11-18,-0.21161096523240475
2003-11-19,-0.28434163048492866
2003-11-20,-0.4263324532429935
2003-11-21,-0.4598627499702084
2003-11-22,-0.49161449810854374
2003-11-23,-0.51092876052187
2003-11-24,-0.4628422950559341
2003-11-25,-0.1701624385433771
2003-11-26,-0.27088878465342714
2003-11-27,-0.31724206596905913
2003-11-28,-0.32402109821189096
2003-11-29,-0.31456084573895926
2003-11-30,-0.2979512827950366
2003-12-01,-0.3537893193178667
2003-12-02,-0.43581210786165236
2003-12-03,-0.444889863988414
2003-12-04,-0.43050156443200116
2003-12-05,-0.3344933487169308
2003-12-06,-0.23931367469166998
2003-12-07,-0.19739040946478337
2003-12-08,-0.4790619176687696
2003-12-09,-0.6183791165864594
2003-12-10,-0.3054830340435959
2003-12-11,-0.26365147633277775
2003-12-12,-0.20847511089589932
2003-12-13,-0.11717666551734296
2003-12-14,0.05554867332585922
2003-12-15,0.013798068440418643
2003-12-16,-0.022828050652846654
2003-12-17,-0.03309105992230932
2003-12-18,-0.08526010627719383
2003-12-19,0.06050728927837423
2003-12-20,0.14147747159430235
2003-12-21,0.12200757646403715
2003-12-22,0.10064123134674485
2003-12-23,0.15139261638607326
2003-12-24,0.36609067147073326
2003-12-25,0.5299273644792728
2003-12-26,0.6138827001356575
2003-12-27,0.6201331092625837
2003-12-28,0.590564105647686
2003-12-29,0.688783679723528
2003-12-30,0.7087410245911853
2003-12-31,0.7564508736393806
2004-01-01,1.0403232240873237
2004-01-02,1.0153925064018556
2004-01-03,1.0142055733434003
2004-01-04,0.9558735255538254
2004-01-05,0.8371918835780597
2004-01-06,0.83424656684866
2004-01-07,0.821609397050432
2004-01-08,0.7727415462621494
2004-01-09,0.6542523685611468
2004-01-10,0.6266510467346484
2004-01-11,0.6113190204489434
2004-01-12,0.535318381952943
2004-01-13,0.44015926913945647
2004-01-14,0.43384745153591253
2004-01-15,0.4332796048698413
2004-01-16,0.4226668724830238
2004-01-17,0.40599968948314746
2004-01-18,0.33075772740822384
2004-01-19,0.31984422026330117
2004-01-20,0.2702372897867884
2004-01-21,0.275010862464379
2004-01-22,0.1975310266725776
2004-01-23,-0.17093266135671858
2004-01-24,-0.397495803854377
2004-01-25,-0.47372592613141085
2004-01-26,-0.4430756778920857
2004-01-27,-0.2993763106419276
2004-01-28,-0.4135340478262095
2004-01-29,-0.41418563510036654
2004-01-30,-0.4367113750748035
2004-01-31,-1.0156340966806692
2004-02-01,-1.0853033861961225
2004-02-02,-0.7622107273770111
2004-02-03,-0.6159852508931758
2004-02-04,-0.5630188333634141
2004-02-05,-0.5788718631869085
2004-02-06,-0.5892044141379589
2004-02-07,-0.6451989303315139
2004-02-08,-0.679910728924225
2004-02-09,-0.680761422095246
2004-02-10,-0.7302323001128055
2004-02-11,-0.7555697504041815
2004-02-12,-0.8850419730357617
2004-02-13,-0.8782860909240694
2004-02-14,-0.8847592545150134
2004-02-15,-0.9118210393501155
2004-02-16,-0.6579329985070153
2004-02-17,-0.41357259060646
2004-02-18,-0.16565426813395745
2004-02-19,-0.1788877800928088
2004-02-20,-0.1742642587481189
2004-02-21,-0.10544045192357832
2004-02-22,-0.05465897937779851
2004-02-23,-0.005231342222092428
2004-02-24,0.11437265961357612
2004-02-25,0.42623975173335915
2004-02-26,0.5109080539644157
2004-02-27,0.5039176431767125
2004-02-28,0.49524132673186094
2004-03-01,0.6062166893177721
2004-03-02,0.590313454051562
2004-03-03,0.5481268980789196
2004-03-04,0.39831686709796466
2004-03-05,0.33133257621843715
2004-03-06,0.3008166507284822
2004-03-07,0.3386954088904939
2004-03-08,0.36809702745171524
2004-03-09,0.4130042355861685
2004-03-10,0.4611732315234929
2004-03-11,0.49083968013013135
2004-03-12,0.5174653470703903
2004-03-13,0.5056906790231526
2004-03-14,0.5204512987268157
2004-03-15,0.5401536882056199
2004-03-16,0.5556595182319919
2004-03-17,0.5756852677952735
2004-03-18,0.4270503765743727
2004-03-19,0.23328018476871248
2004-03-20,-0.06446065009675683
2004-03-21,-0.004301159565313739
2004-03-22,0.008108983500603628
2004-03-23,-0.005184797271779118
2004-03-24,-0.041421890936065076
2004-03-25,0.05614584553393298
2004-03-26,0.07914017423923969
2004-03-27,-0.31693294881986267
2004-03-28,-0.6825194407522115
2004-03-29,-0.7157140197557395
2004-03-30,-0.7324271401368895
2004-03-31,-1.2038149817659893
2004-04-01,-1.2558240827061846
2004-04-02,-1.1567492238342774
2004-04-03,-1.1514633939865038
2004-04-04,-1.0742040114223244
2004-04-05,-1.0441251389051804
2004-04-06,-1.0499301184963756
2004-04-07,-1.1373311373112458
2004-04-08,-1.1849030009379602
2004-04-09,-1.203986226216655
2004-04-10,-1.1676565457133175
2004-04-11,-1.171285445150862
2004-04-12,-1.1743749569880497
2004-04-13,-1.1808635476128666
2004-04-14,-1.1800578757011642
2004-04-15,-1.2132092675250195
2004-04-16,-1.2544619977393525
2004-04-17,-1.3407706095614544
2004-04-18,-1.392752821399572
2004-04-19,-1.3716515579180275
2004-04-20,-1.3691044144937736
2004-04-21,-1.293525244553822
2004-04-22,-1.256862081675208
2004-04-23,-1.2413375230500965
2004-04-24,-1.7705980494248288
2004-04-25,-1.738956578880769
2004-04-26,-1.8339416302285092
2004-04-27,-1.9512501808517824
2004-04-28,-1.9315014160727402
2004-04-29,-1.9242390668004616
2004-04-30,-1.9226768359883983
2004-05-01,-1.8971575752082595
2004-05-02,-1.8706757235322682
2004-05-03,-1.883358691703509
2004-05-04,-1.8667646086755358
2004-05-05,-1.7847106029710993
2004-05-06,-1.6967283127185704
2004-05-07,-1.6290640894018824
2004-05-08,-1.6079422291398657
2004-05-09,-1.398325984937287
2004-05-10,-1.4711500253872092
2004-05-11,-1.4785602956203845
2004-05-12,-1.4625647380392044
2004-05-13,-1.4502801749492096
2004-05-14,-1.490406659476517
2004-05-15,-1.5090893987625962
2004-05-16,-1.3420545863411322
2004-05-17,-1.4695798725346465
2004-05-18,-1.4375945611894085
2004-05-19,-1.5945388542328551
2004-05-20,-1.5710141243974678
2004-05-21,-1.372544066533525
2004-05-22,-1.1292554674712354
2004-05-23,-1.4038471167628215
2004-05-24,-1.617107982183915
2004-05-25,-1.5013851891566723
2004-05-26,-1.5013851891566723
2004-05-27,-1.3980166618009897
2004-05-28,-1.0248560842671637
2004-05-29,-1.019619895831737
2004-05-30,-1.046971543217455
2004-05-31,-1.0393997055257627
2004-06-01,-0.9148070657617957
2004-06-02,-0.7759532876881384
2004-06-03,-0.7849612320529323
2004-06-04,-0.8410153461645692
2004-06-05,-0.7707960846425368
2004-06-06,-0.7118519951785064
2004-06-07,-0.6378988981350527
2004-06-08,-0.6036398210046159
2004-06-09,-0.5980244729679312
2004-06-10,-0.6000773406723028
2004-06-11,-0.6046270734851524
2004-06-12,-0.5926768095025685
2004-06-13,-0.5341746959524316
2004-06-14,-0.545578207174831
2004-06-15,-0.5252153100635899
2004-06-16,-0.5097996452898308
2004-06-17,-0.434100110140891
2004-06-18,-0.38088032857787835
2004-06-19,-0.3386239167459182
2004-06-20,-0.17368484468906442
2004-06-21,-0.10931470661878828
2004-06-22,-0.0691984764884197
2004-06-23,0.01300503085052851
2004-06-24,0.04666559993958308
2004-06-25,0.05896832713436839
2004-06-26,-0.02787319016111045
2004-06-27,-0.4336140036411722
2004-06-28,-0.43154029945398675
2004-06-29,-0.4550972894767007
2004-06-30,-0.42700762092559397
2004-07-01,-0.41861496527652187
2004-07-02,-0.41368720928258207
2004-07-03,-0.30049719187658375
2004-07-04,-0.18048248045278759
2004-07-05,-0.11055860105897763
2004-07-06,-0.10115741511181331
2004-07-07,-0.06643127466192023
2004-07-08,-0.0834458732659098
2004-07-09,-0.0834458732659098
2004-07-10,0.0834458732659098
2004-07-11,0.25293326782658254
2004-07-12,0.25293326782658254
2004-07-13,0.3402517889631431
2004-07-14,0.3402517889631431
2004-07-15,0.3402517889631431
2004-07-16,0.3402517889631431
2004-07-17,0.3402517889631431
2004-07-18,0.3402517889631431
2004-07-19,0.3402517889631431
2004-07-20,0.3402517889631431
2004-07-21,0.430291758905722
2004-07-22,0.3402517889631431
2004-07-23,0.3402517889631431
2004-07-24,0.430291758905722
2004-07-25,0.6225875482329675
2004-07-26,0.8414567173547837
2004-07-27,0.8414567173547837
2004-07-28,0.7276544443952623
2004-07-29,0.8414567173547837
2004-07-30,0.9673631298759848
2004-07-31,0.9673631298759848
2004-08-01,0.9673631298759848
2004-08-02,0.9673631298759848
2004-08-03,0.9673631298759848
2004-08-04,0.9673631298759848
2004-08-05,0.9673631298759848
2004-08-06,0.9673631298759848
2004-08-07,0.9673631298759848
2004-08-08,0.9673631298759848
2004-08-09,0.9673631298759848
2004-08-10,0.9673631298759848
2004-08-11,0.9673631298759848
2004-08-12,0.8414567173547837
2004-08-13,0.8414567173547837
2004-08-14,1.110828095252784
2004-08-15,1.110828095252784
2004-08-16,1.110828095252784
2004-08-17,1.110828095252784
2004-08-18,1.110828095252784
2004-08-19,0.9673631298759848
2004-08-20,0.9673631298759848
2004-08-21,1.110828095252784
2004-08-22,1.110828095252784
2004-08-23,1.110828095252784
2004-08-24,1.110828095252784
2004-08-25,1.110828095252784
2004-08-26,1.110828095252784
2004-08-27,1.110828095252784
2004-08-28,1.110828095252784
2004-08-29,1.110828095252784
2004-08-30,1.110828095252784
2004-08-31,1.110828095252784
2004-09-01,0.9673631298759848
2004-09-02,0.9673631298759848
2004-09-03,0.9673631298759848
2004-09-04,0.9673631298759848
2004-09-05,0.9673631298759848
2004-09-06,0.9673631298759848
2004-09-07,0.9673631298759848
2004-09-08,0.8414567173547837
2004-09-09,0.8414567173547837
2004-09-10,0.8414567173547837
2004-09-11,0.8414567173547837
2004-09-12,0.9673631298759848
2004-09-13,0.8414567173547837
2004-09-14,0.8414567173547837
2004-09-15,0.8414567173547837
2004-09-16,0.7276544443952623
2004-09-17,0.7276544443952623
2004-09-18,0.8414567173547837
2004-09-19,1.1593464399420632
2004-09-20,1.0524395135873057
2004-09-21,0.8891898988481968
2004-09-22,0.822316694983094
2004-09-23,0.8294643574656448
2004-09-24,0.9605309631563623
2004-09-25,0.8548007041778796
2004-09-26,0.8548007041778796
2004-09-27,0.8529532117558352
2004-09-28,0.7556269888931472
2004-09-29,0.7556269888931472
2004-09-30,0.7165431007039931
2004-10-01,0.7931219470763256
2004-10-02,0.5384080702118061
2004-10-03,0.2191561464161973
2004-10-04,0.07181521140641678
2004-10-05,0.04156245945657333
2004-10-06,0.04149966523172455
2004-10-07,0.034875333602687686
2004-10-08,0.02750100424781121
2004-10-09,-0.09268315804355343
2004-10-10,-0.06913568465570363
2004-10-11,-0.05487149956879711
2004-10-12,-0.07307644251002676
2004-10-13,-0.07302835141606856
2004-10-14,-0.1521191282052381
2004-10-15,-0.1778736533436993
2004-10-16,-0.11822226096562982
2004-10-17,0.4007830005065969
2004-10-18,0.5914576413734518
2004-10-19,1.3259721465473442
2004-10-20,1.4636576215587724
2004-10-21,1.471656658118152
2004-10-22,1.498999876259406
2004-10-23,1.4906125893707487
2004-10-24,1.3539209418320803
2004-10-25,1.4935779459255534
2004-10-26,1.6903964661889122
2004-10-27,1.6429217507880165
2004-10-28,1.5244478117277058
2004-10-29,1.4346067262082913
2004-10-30,1.3925537017882879
2004-10-31,1.3392686880619196
2004-11-01,1.3220009782322193
2004-11-02,1.3050319728318018
2004-11-03,1.495571772858951
2004-11-04,1.521761320249252
2004-11-05,1.517093689152753
2004-11-06,1.5020368255388825
2004-11-07,1.5422665785138379
2004-11-08,1.5353689324082223
2004-11-09,1.5121912212309816
2004-11-10,1.6603218532215087
2004-11-11,1.8472139497468878
2004-11-12,1.7527592265075222
2004-11-13,1.7576931372436326
2004-11-14,1.7546333850332085
2004-11-15,1.7697443803915598
2004-11-16,1.592733245750244
2004-11-17,1.4931231796477302
2004-11-18,1.1805958317137226
2004-11-19,0.9601145531148908
2004-11-20,0.9352067361476232
2004-11-21,0.8730035962948367
2004-11-22,0.7936108888900163
2004-11-23,0.7471173366138711
2004-11-24,0.5755196166507941
2004-11-25,0.06009795493140668
2004-11-26,-0.07458839567000974
2004-11-27,0.08141575033229143
2004-11-28,0.09018783055152313
2004-11-29,0.08156356686402222
2004-11-30,0.05030396507998969
2004-12-01,-0.019953113391680155
2004-12-02,-0.07873867631872633
2004-12-03,-0.48287287390534384
2004-12-04,-0.5922479101214555
2004-12-05,-0.5870597083212872
2004-12-06,-0.6104488089087523
2004-12-07,-0.3079571607551834
2004-12-08,0.14928059558613516
2004-12-09,0.14516134957271198
2004-12-10,0.027829257127005347
2004-12-11,-0.36483115332257543
2004-12-12,-0.44549350578036284
2004-12-13,-0.5129496575899839
2004-12-14,-0.6315905818366703
2004-12-15,-0.6458050069492166
2004-12-16,-0.6301398660272974
2004-12-17,-0.649781676094885
2004-12-18,-0.7125453153724642
2004-12-19,-0.6223425820145532
2004-12-20,-0.5590287382399246
2004-12-21,-0.6246378641515826
2004-12-22,-0.6371219514580735
2004-12-23,-0.6367576589688315
2004-12-24,-0.6546624078950333
2004-12-25,-0.6672307233872786
2004-12-26,-0.5854498285986418
2004-12-27,-0.5151970708273048
2004-12-28,-0.362098558676228
2004-12-29,-0.20629615214937336
2004-12-30,0.2919838735385343
2004-12-31,0.5032522203339205
2005-01-01,0.565008271055143
2005-01-02,0.5936578091119527
2005-01-03,0.6898537447307969
2005-01-04,0.6602416596290619
2005-01-05,0.6177591100126516
2005-01-06,0.5290300355885427
2005-01-07,0.47477281999600685
2005-01-08,0.5982179923443023
2005-01-09,0.7508433434952836
2005-01-10,0.8872958510553863
2005-01-11,1.0110588929548514
2005-01-12,1.006330559411397
2005-01-13,1.0110009142665204
2005-01-14,1.030156520481762
2005-01-15,1.0273694441698533
2005-01-16,1.0404928738991592
2005-01-17,1.047726278783029
2005-01-18,0.9974067991142759
2005-01-19,0.969975638881857
2005-01-20,1.022738913485684
2005-01-21,1.0198770412307268
2005-01-22,0.9782867561724576
2005-01-23,0.9981124966291882
2005-01-24,0.9684304599695188
2005-01-25,0.9465393034923179
2005-01-26,0.9781709831084824
2005-01-27,0.9449254892840527
2005-01-28,1.0265411334895882
2005-01-29,0.7830899892844503
2005-01-30,0.6544795771341151
2005-01-31,0.6533903699415948
2005-02-01,0.642770365589302
2005-02-02,0.5230865826702185
2005-02-03,0.5321317612513736
2005-02-04,0.5407161796359246
2005-02-05,0.5321461236511356
2005-02-06,0.39036131581200784
2005-02-07,0.21618677990475788
2005-02-08,-0.020024215457249417
2005-02-09,-0.2389286464950522
2005-02-10,-0.44376798247364513
2005-02-11,-0.4547173640983335
2005-02-12,-0.5461555835222502
2005-02-13,-0.5442983487878676
2005-02-14,-0.5021355569451094
2005-02-15,-0.14867223237009264
2005-02-16,-0.037120900528619716
2005-02-17,-0.027715565460696867
2005-02-18,0.08800221051515722
2005-02-19,0.1617967140338914
2005-02-20,0.24083825040573692
2005-02-21,0.29687950354429415
2005-02-22,0.33454461456229634
2005-02-23,0.3689305597858832
2005-02-24,0.38986224846613293
2005-02-25,0.1797126236222828
2005-02-26,0.05398389936666348
2005-02-27,-0.007721401327370758
2005-02-28,0.031906664168321
2005-03-01,0.08833708309865451
2005-03-02,0.09730143622784282
2005-03-03,0.05172414845237516
2005-03-04,0.09837384177545672
2005-03-05,0.08025627292741455
2005-03-06,0.06237514341678185
2005-03-07,0.12286992277452469
2005-03-08,0.17921889409101066
2005-03-09,0.20492662658080918
2005-03-10,0.26322171604395184
2005-03-11,0.30430949450203304
2005-03-12,0.32888358697022846
2005-03-13,0.28868679389602403
2005-03-14,0.2686330493209137
2005-03-15,0.27200702980140945
2005-03-16,0.2277455549222942
2005-03-17,-0.1739220304451614
2005-03-18,-0.2973058908146877
2005-03-19,-0.1544448225670796
2005-03-20,-0.15543961368046477
2005-03-21,-0.04259221789566059
2005-03-22,0.5351908347105834
2005-03-23,0.7324964535002333
2005-03-24,0.7012314022300861
2005-03-25,0.6821251227568264
2005-03-26,0.6588934838763423
2005-03-27,0.7611726528099406
2005-03-28,0.8723837119646953
2005-03-29,0.8251009169318385
2005-03-30,0.8096855556723896
2005-03-31,0.7568967928778154
2005-04-01,0.7629245492577654
2005-04-02,0.7909120264054328
2005-04-03,0.7617529700189459
2005-04-04,0.7860589551936479
2005-04-05,0.8065850504064116
2005-04-06,0.7982785294697247
2005-04-07,0.7873729783217357
2005-04-08,0.8477717625926834
2005-04-09,0.9062892010505758
2005-04-10,0.9333609264568559
2005-04-11,0.9331628962012781
2005-04-12,0.9472488384792425
2005-04-13,0.9697022776374241
2005-04-14,0.9983157095576521
2005-04-15,1.0677438283249536
2005-04-16,1.1025109820673884
2005-04-17,1.1015958036360771
2005-04-18,1.062557616417699
2005-04-19,1.0496082792178463
2005-04-20,0.9583129110813153
2005-04-21,0.4315083934074433
2005-04-22,0.1560394114123922
2005-04-23,0.21111143297178314
2005-04-24,0.2505400353416942
2005-04-25,0.2735217017346221
2005-04-26,0.07764638460792939
2005-04-27,-0.0031327033389401127
2005-04-28,-0.058318647452322736
2005-04-29,-0.03505206888003065
2005-04-30,0.0033574911030886945
2005-05-01,0.032344342647989466
2005-05-02,0.05262388103600202
2005-05-03,0.0568168450387172
2005-05-04,0.1704128767349833
2005-05-05,0.37372755976589156
2005-05-06,0.4798366251279582
2005-05-07,0.48916178053764403
2005-05-08,0.4786204580044242
2005-05-09,0.5287137958473267
2005-05-10,0.5852462959247615
2005-05-11,0.6686202778801831
2005-05-12,0.7530989429195944
2005-05-13,0.8123969548520308
2005-05-14,0.8223382126383975
2005-05-15,0.7789236273027739
2005-05-16,0.7254481907791623
2005-05-17,0.7755980182941913
2005-05-18,0.7483045976302586
2005-05-19,0.7819393497744161
2005-05-20,0.8526677647328089
2005-05-21,0.8469288526669971
2005-05-22,0.8536023890842295
2005-05-23,0.8752676222809461
2005-05-24,0.9371045729151906
2005-05-25,0.9807268300024671
2005-05-26,0.9460959201047041
2005-05-27,0.903072561771405
2005-05-28,0.8265297176408689
2005-05-29,0.7839860313077119
2005-05-30,0.7848205241441398
2005-05-31,0.767938007199465
2005-06-01,0.7867232055699248
2005-06-02,0.8074605750310972
2005-06-03,0.7529054825784155
2005-06-04,0.5299065104747385
2005-06-05,0.42164962962093333
2005-06-06,0.40394978858680664
2005-06-07,0.23320704372660983
2005-06-08,0.1408039201500515
2005-06-09,0.06269530200266504
2005-06-10,0.0012427320084158477
2005-06-11,0.00463945922936948
2005-06-12,0.04403379525995099
2005-06-13,0.10215522774439201
2005-06-14,0.03643351230559233
2005-06-15,0.08010827003420928
2005-06-16,0.33280503489679436
2005-06-17,0.4417071844028688
2005-06-18,0.3647162990885542
2005-06-19,0.4026630377025917
2005-06-20,0.5338601199163968
2005-06-21,0.527946770890638
2005-06-22,0.5534144432243473
2005-06-23,0.5940761616982329
2005-06-24,0.6485690328614794
2005-06-25,0.7122809010926132
2005-06-26,0.7345367678421313
2005-06-27,0.8372166193534709
2005-06-28,0.7875880247370006
2005-06-29,0.7741600056406397
2005-06-30,0.8866191187125964
2005-07-01,0.8929884829514905
2005-07-02,0.896274199502374
2005-07-03,0.9178443320041283
2005-07-04,1.0194151402217901
2005-07-05,1.179800856972479
2005-07-06,1.2856501483841254
2005-07-07,1.3397864048743868
2005-07-08,1.0194520200427986
2005-07-09,0.9411419386467121
2005-07-10,0.9636461249940821
2005-07-11,0.9437827586620676
2005-07-12,0.8507440746957986
2005-07-13,0.8700159332132239
2005-07-14,0.8786329405263067
2005-07-15,0.9170260041891513
2005-07-16,0.5129780685135723
2005-07-17,0.4525197057873771
2005-07-18,0.4525197057873771
2005-07-19,0.4525197057873771
2005-07-20,0.45363882109739273
2005-07-21,0.5079219797640229
2005-07-22,0.4607560193191811
2005-07-23,0.4607560193191811
2005-07-24,0.5846234049992702
2005-07-25,0.7728848773684684
2005-07-26,0.9717602267764136
2005-07-27,0.9718146902546311
2005-07-28,0.9158897490174255
2005-07-29,1.001669224339925
2005-07-30,0.9673631298759848
2005-07-31,0.9673631298759848
2005-08-01,0.9673631298759848
2005-08-02,0.9673631298759848
2005-08-03,0.9673631298759848
2005-08-04,0.9673631298759848
2005-08-05,0.9673631298759848
2005-08-06,0.9673631298759848
2005-08-07,0.9673631298759848
2005-08-08,0.9673631298759848
2005-08-09,0.9673631298759848
2005-08-10,0.9673631298759848
2005-08-11,0.9673631298759848
2005-08-12,0.8414567173547837
2005-08-13,0.8414567173547837
2005-08-14,1.110828095252784
2005-08-15,1.110828095252784
2005-08-16,1.110828095252784
2005-08-17,1.110828095252784
2005-08-18,1.110828095252784
2005-08-19,0.9673631298759848
2005-08-20,0.9673631298759848
2005-08-21,1.110828095252784
2005-08-22,1.110828095252784
2005-08-23,1.110828095252784
2005-08-24,1.110828095252784
2005-08-25,1.110828095252784
2005-08-26,1.110828095252784
2005-08-27,1.110828095252784
2005-08-28,1.110828095252784
2005-08-29,1.110828095252784
2005-08-30,1.110828095252784
2005-08-31,1.110828095252784
2005-09-01,0.9673631298759848
2005-09-02,0.9673631298759848
2005-09-03,0.9673631298759848
2005-09-04,0.9673631298759848
2005-09-05,0.9673631298759848
2005-09-06,0.9673631298759848
2005-09-07,0.9673631298759848
2005-09-08,0.8414567173547837
2005-09-09,0.8414567173547837
2005-09-10,0.8414567173547837
2005-09-11,0.8414567173547837
2005-09-12,0.9673631298759848
2005-09-13,0.8414567173547837
2005-09-14,0.8414567173547837
2005-09-15,0.8414567173547837
2005-09-16,0.7276544443952623
2005-09-17,0.7276544443952623
2005-09-18,0.8414567173547837
2005-09-19,0.7276544443952623
2005-09-20,1.5057759054097746
2005-09-21,1.2779933836178508
2005-09-22,1.206928690814748
2005-09-23,1.2112602291834103
2005-09-24,1.135600617919583
2005-09-25,1.0321085843500017
2005-09-26,1.0321085843500017
2005-09-27,1.0293278614708257
2005-09-28,0.9542023553241462
2005-09-29,0.9542023553241462
2005-09-30,0.9312059303045415
2005-10-01,0.9871805441756418
2005-10-02,0.8079534942863275
2005-10-03,0.47812584449688766
2005-10-04,0.23298563038101938
2005-10-05,0.16959993326593636
2005-10-06,0.16177239233541263
2005-10-07,0.15361499047845428
2005-10-08,0.14216927493237752
2005-10-09,0.00871428852265077
2005-10-10,0.021046704285515583
2005-10-11,0.03172858410262758
2005-10-12,0.008027728903899689
2005-10-13,-0.0012792385479576396
2005-10-14,-0.07511365596937591
2005-10-15,-0.07158372602860963
2005-10-16,-0.01472178354837661
2005-10-17,-0.06439452696545023
2005-10-18,-0.058879561758725885
2005-10-19,-0.16372573009127733
2005-10-20,-0.49316423260299413
2005-10-21,-0.5170995874398678
2005-10-22,-0.5410793953334498
2005-10-23,-0.5448494170613807
2005-10-24,-0.5223670522433863
2005-10-25,-0.5725445006166368
2005-10-26,-0.5588407711813996
2005-10-27,-0.6250538654951086
2005-10-28,-0.6168253745355212
2005-10-29,-0.6775232083264445
2005-10-30,-0.7348390583634755
2005-10-31,-0.748271308671791
2005-11-01,-0.7590921524351854
2005-11-02,-0.8203068573177142
2005-11-03,-0.7228273332761128
2005-11-04,-0.7003159351628452
2005-11-05,-0.6936705258556772
2005-11-06,-0.755637837183503
2005-11-07,-0.8684192657589543
2005-11-08,-0.8989581760710431
2005-11-09,-0.8925959781416966
2005-11-10,-0.9470002252811668
2005-11-11,-0.9561408903885845
2005-11-12,-0.9410940799389205
2005-11-13,-0.949044352110389
2005-11-14,-0.9536531958438265
2005-11-15,-0.956103055105631
2005-11-16,-0.9592861756387767
2005-11-17,-1.1037392928416414
2005-11-18,-0.9673631298759848
2005-11-19,-1.110828095252784
2005-11-20,-1.110828095252784
2005-11-21,-1.281728756502709
2005-11-22,-1.281728756502709
2005-11-23,-1.281728756502709
2005-11-24,-1.281728756502709
2005-11-25,-1.5709159632928547
2005-11-26,-1.9877499259412246
2005-11-27,-2.169381771265153
2005-11-28,-1.7280790755529831
2005-11-29,-1.4802940923594625
2005-11-30,-1.3529644685012037
2005-12-01,-0.10655559091108713
2005-12-02,-0.011955825719483615
2005-12-03,-0.008539248982214476
2005-12-04,-0.029607864653761196
2005-12-05,-0.04566211796172848
2005-12-06,-0.147746931270907
2005-12-07,-0.18769087167634724
2005-12-08,-0.15850112618464451
2005-12-09,-0.17164070836136514
2005-12-10,-0.2528558232711269
2005-12-11,-0.3325548618860168
2005-12-12,-0.376632942680972
2005-12-13,-0.4426793893714793
2005-12-14,-0.5574678183464032
2005-12-15,-0.5730230448573761
2005-12-16,-0.5596140960877454
2005-12-17,-0.15676497225844077
2005-12-18,0.3109112292516687
2005-12-19,0.4050232979527635
2005-12-20,0.4078794999183353
2005-12-21,0.5342712433104047
2005-12-22,0.701373900501576
2005-12-23,0.7032894143098984
2005-12-24,0.6943004188186074
2005-12-25,0.8580431862031445
2005-12-26,0.9742310326175313
2005-12-27,0.9819463055841343
2005-12-28,1.0173885841862615
2005-12-29,1.0019585026266027
2005-12-30,1.0992311960658607
2005-12-31,1.1146726381622347
2006-01-01,1.1692053117042094
2006-01-02,1.4372508457555029
2006-01-03,1.4680358524354729
2006-01-04,1.4346153527792471
2006-01-05,1.3462561293933042
2006-01-06,1.4502823453590334
2006-01-07,1.4440246171066629
2006-01-08,1.3975444056518338
2006-01-09,1.4284926048101116
2006-01-10,1.420930397900003
2006-01-11,1.5015513229191475
2006-01-12,1.4815248505379204
2006-01-13,1.469548140265128
2006-01-14,1.5956435478868416
2006-01-15,1.5907348954605038
2006-01-16,1.5054307242498253
2006-01-17,1.3601490928892241
2006-01-18,1.2920451333799328
2006-01-19,1.2395340441460072
2006-01-20,1.203457333976911
2006-01-21,1.0801011735392914
2006-01-22,1.0333763588476772
2006-01-23,1.051821528783142
2006-01-24,0.7861972301256147
2006-01-25,0.662208349659147
2006-01-26,0.6495168987618916
2006-01-27,0.5690161489989773
2006-01-28,0.5900417769405732
2006-01-29,0.5155114257037932
2006-01-30,0.3310861205279063
2006-01-31,0.24474241084349369
2006-02-01,-0.34467294919971736
2006-02-02,-0.44125881562127933
2006-02-03,-0.3660407157217087
2006-02-04,-0.32492432787790504
2006-02-05,-0.3512245904339657
2006-02-06,-0.42669450279535015
2006-02-07,-0.4628556908886139
2006-02-08,-0.49528829470457114
2006-02-09,-0.49628233555281565
2006-02-10,-0.5516020240180739
2006-02-11,-0.5723657510335918
2006-02-12,-0.7186476028848582
2006-02-13,-1.0388098030767505
2006-02-14,-1.0454622464963377
2006-02-15,-1.0825864634628122
2006-02-16,-1.3184954279982817
2006-02-17,-1.4718082488200959
2006-02-18,-1.4294352120325762
2006-02-19,-1.4802365297382973
2006-02-20,-1.4244499000623603
2006-02-21,-1.3358763773608537
2006-02-22,-1.3040004284262703
2006-02-23,-1.174078077022138
2006-02-24,-1.0011518139310085
2006-02-25,-1.0093984959403641
2006-02-26,-1.0290614594907932
2006-02-27,-0.604562211999484
2006-02-28,-0.5005498440260434
2006-03-01,-0.6924242955130551
2006-03-02,-0.5491678145595043
2006-03-03,-0.442790523690761
2006-03-04,-0.44431442810868815
2006-03-05,-0.36000365098338016
2006-03-06,-0.24444111149079362
2006-03-07,-0.07798403679142663
2006-03-08,0.006447874691675404
2006-03-09,0.06263136967567284
2006-03-10,0.19016881646266892
2006-03-11,0.2764066006543304
2006-03-12,0.33874381518449526
2006-03-13,0.3685435556834993
2006-03-14,0.6370460458629467
2006-03-15,0.6870677710989981
2006-03-16,0.7443305244997912
2006-03-17,0.8390120671261273
2006-03-18,0.8987326533545479
2006-03-19,0.916277745222143
2006-03-20,1.0136119992046024
2006-03-21,1.0165285015651706
2006-03-22,0.9913443386299149
2006-03-23,0.9649001887619705
2006-03-24,0.9554896589292167
2006-03-25,1.15083612570188
2006-03-26,1.0698968716302484
2006-03-27,1.1163115651464053
2006-03-28,1.24805716111188
2006-03-29,1.1416471706319555
2006-03-30,1.143414399652063
2006-03-31,1.3021217509823657
2006-04-01,1.2726401565886285
2006-04-02,1.2886400422490962
2006-04-03,1.5626584004002102
2006-04-04,1.7669749709619382
2006-04-05,1.7799598020751457
2006-04-06,1.7213929777710382
2006-04-07,1.691368010096821
2006-04-08,1.6998577887625639
2006-04-09,1.706921421761689
2006-04-10,1.7652427215185034
2006-04-11,1.7574107097988423
2006-04-12,1.7699362785171242
2006-04-13,1.6922099110927187
2006-04-14,1.765638254565307
2006-04-15,1.919138094647458
2006-04-16,1.975346480136157
2006-04-17,2.029521472249799
2006-04-18,2.0299525829422835
2006-04-19,2.0731813617786314
2006-04-20,2.0865696501285926
2006-04-21,2.1515280271520316
2006-04-22,2.229779111582529
2006-04-23,2.346964807160867
2006-04-24,2.1569744543984157
2006-04-25,2.0638887173547342
2006-04-26,2.028144418645108
2006-04-27,1.8331365535206503
2006-04-28,1.8260282270736186
2006-04-29,1.8215835316232734
2006-04-30,1.7045070878792836
2006-05-01,1.6858548557776878
2006-05-02,1.6151015347014264
2006-05-03,1.1514140670388033
2006-05-04,0.5561812889326994
2006-05-05,0.3647768265625153
2006-05-06,0.38614708830670064
2006-05-07,0.41235023990645603
2006-05-08,0.44637981268096794
2006-05-09,0.37544733481343884
2006-05-10,0.12590079204592453
2006-05-11,0.12984380856816702
2006-05-12,0.11742875773223438
2006-05-13,0.09535744088510922
2006-05-14,-0.2423437450967485
2006-05-15,-0.4160611425814118
2006-05-16,-0.9710807514473425
2006-05-17,-1.1889332113667752
2006-05-18,-1.28032312606304
2006-05-19,-1.3566454296608863
2006-05-20,-1.330349815741974
2006-05-21,0.04908654801546608
2006-05-22,0.35750370774736306
2006-05-23,0.41531174404745896
2006-05-24,0.37635351646184767
2006-05-25,0.4087788585795842
2006-05-26,0.399591366659386
2006-05-27,0.43071566530360905
2006-05-28,0.41454469770109625
2006-05-29,0.4127181433023366
2006-05-30,0.42369644033472365
2006-05-31,0.48142915217854254
2006-06-01,0.5075174409714795
2006-06-02,0.5414406052007654
2006-06-03,0.5435750205139389
2006-06-04,0.5258689499433884
2006-06-05,0.5455473039517189
2006-06-06,0.543127658853003
2006-06-07,0.5466581660999952
2006-06-08,0.5607946323259994
2006-06-09,0.57654653602072
2006-06-10,0.566536896025823
2006-06-11,0.5798561284218504
2006-06-12,0.6074448968807271
2006-06-13,0.6500074767807889
2006-06-14,0.7793059917126071
2006-06-15,0.8741100753557088
2006-06-16,0.9173690214564784
2006-06-17,0.9977466523636542
2006-06-18,1.057700917170013
2006-06-19,1.0849771901931429
2006-06-20,0.5201678937247516
2006-06-21,-0.13769058488160257
2006-06-22,-0.22569230210044422
2006-06-23,-0.14063578097516394
2006-06-24,-0.10562016212195657
2006-06-25,-0.11212151246698787
2006-06-26,-0.08429672924535137
2006-06-27,-0.05232787651936799
2006-06-28,-0.09799076056608458
2006-06-29,-0.21852502932756157
2006-06-30,-0.386281997244335
2006-07-01,-0.37715685889927686
2006-07-02,-0.37182300626989995
2006-07-03,-0.25979671195330445
2006-07-04,-0.1464694911292337
2006-07-05,-0.07725460766608605
2006-07-06,-0.06527939877471356
2006-07-07,-0.026578597524877123
2006-07-08,0.10207528477782324
2006-07-09,0.13373415511166376
2006-07-10,0.25790527459864476
2006-07-11,0.3506514894265542
2006-07-12,0.3521349507204863
2006-07-13,0.4228761890923325
2006-07-14,0.4220617889425893
2006-07-15,0.40019735477266716
2006-07-16,0.4197691477111978
2006-07-17,0.43147357472448333
2006-07-18,0.43147357472448333
2006-07-19,0.43147357472448333
2006-07-20,0.43229814768443653
2006-07-21,0.430291758905722
2006-07-22,0.3402517889631431
2006-07-23,0.3402517889631431
2006-07-24,0.430291758905722
2006-07-25,0.6225875482329675
2006-07-26,0.8414567173547837
2006-07-27,0.8414567173547837
2006-07-28,0.7276544443952623
2006-07-29,0.8414567173547837
2006-07-30,0.9673631298759848
2006-07-31,0.9673631298759848
2006-08-01,0.9673631298759848
2006-08-02,0.9673631298759848
2006-08-03,0.9673631298759848
2006-08-04,0.9673631298759848
2006-08-05,0.9673631298759848
2006-08-06,0.9673631298759848
2006-08-07,0.9673631298759848
2006-08-08,0.9673631298759848
2006-08-09,0.9673631298759848
2006-08-10,0.9673631298759848
2006-08-11,0.9673631298759848
2006-08-12,0.8414567173547837
2006-08-13,0.8414567173547837
2006-08-14,1.110828095252784
2006-08-15,1.110828095252784
2006-08-16,1.110828095252784
2006-08-17,1.110828095252784
2006-08-18,1.110828095252784
2006-08-19,0.9673631298759848
2006-08-20,0.9673631298759848
2006-08-21,1.110828095252784
2006-08-22,1.110828095252784
2006-08-23,1.110828095252784
2006-08-24,1.110828095252784
2006-08-25,1.110828095252784
2006-08-26,1.110828095252784
2006-08-27,1.110828095252784
2006-08-28,1.110828095252784
2006-08-29,1.110828095252784
2006-08-30,1.110828095252784
2006-08-31,1.110828095252784
2006-09-01,0.9673631298759848
2006-09-02,0.9673631298759848
2006-09-03,0.9673631298759848
2006-09-04,0.9673631298759848
2006-09-05,0.9673631298759848
2006-09-06,0.9673631298759848
2006-09-07,0.9673631298759848
2006-09-08,0.8414567173547837
2006-09-09,0.8414567173547837
2006-09-10,0.8414567173547837
2006-09-11,0.8414567173547837
2006-09-12,0.9673631298759848
2006-09-13,0.8414567173547837
2006-09-14,0.8414567173547837
2006-09-15,0.8414567173547837
2006-09-16,0.7276544443952623
2006-09-17,0.7276544443952623
2006-09-18,0.8414567173547837
2006-09-19,0.7276544443952623
2006-09-20,0.5240018703826799
2006-09-21,0.430291758905722
2006-09-22,0.430291758905722
2006-09-23,0.430291758905722
2006-09-24,0.430291758905722
2006-09-25,0.3402517889631431
2006-09-26,0.3402517889631431
2006-09-27,0.3402517889631431
2006-09-28,0.25293326782658254
2006-09-29,0.25293326782658254
2006-09-30,0.1675553012840909
2006-10-01,0.22437604493902708
2006-10-02,0.41485745545609043
2006-10-03,0.1119037810340966
2006-10-04,0.42764679674928785
2006-10-05,0.5458362066660458
2006-10-06,0.6459847942961278
2006-10-07,0.6361059308262675
2006-10-08,0.7138150353183763
2006-10-09,0.5396704689487988
2006-10-10,0.4516106640045805
2006-10-11,0.42850220971727215
2006-10-12,0.38677193462659454
2006-10-13,0.3217015684434348
2006-10-14,0.27123761675656044
2006-10-15,0.27419337311344094
2006-10-16,0.2999373491571413
2006-10-17,0.24696248571676072
2006-10-18,0.24913075844517674
2006-10-19,0.100627768665138
2006-10-20,0.14677776922186325
2006-10-21,0.10950623291008421
2006-10-22,0.05970274374604445
2006-10-23,0.03439326280016486
2006-10-24,0.03146641759995994
2006-10-25,-0.08939359960164794
2006-10-26,-0.1052920257626433
2006-10-27,-0.10828695860157134
2006-10-28,-0.12001041960339509
2006-10-29,-0.13618384795703142
2006-10-30,-0.2399663922119184
2006-10-31,-0.29930362072258054
2006-11-01,-0.3645363867985538
2006-11-02,-0.2673926479933175
2006-11-03,-0.26783620208981507
2006-11-04,-0.31194945686571995
2006-11-05,-0.36572778698793806
2006-11-06,-0.37784226913369334
2006-11-07,-0.6096647087926106
2006-11-08,-0.6119293887411839
2006-11-09,-0.6002668472832313
2006-11-10,-0.760668680079289
2006-11-11,-0.6962199516510288
2006-11-12,-0.5152293447642537
2006-11-13,-0.060577718204299025
2006-11-14,-0.05238074404787052
2006-11-15,-0.06981674944539584
2006-11-16,-0.12095207123044815
2006-11-17,-0.21635013448672136
2006-11-18,-0.3650877577824039
2006-11-19,-0.4422617981205801
2006-11-20,-0.5880549287561949
2006-11-21,-0.6331999443690697
2006-11-22,-0.6485493617862491
2006-11-23,-0.6717516260281585
2006-11-24,-0.6789106206590194
2006-11-25,-0.36876763613261576
2006-11-26,-0.3321840420938549
2006-11-27,-0.33230247606846075
2006-11-28,-0.3392075876553644
2006-11-29,-0.32908697289833677
2006-11-30,-0.33396029011130945
2006-12-01,-0.4379567762359786
2006-12-02,-0.5420783548325907
2006-12-03,-0.5850123632953623
2006-12-04,-0.5967807030921632
2006-12-05,-0.5914237883473235
2006-12-06,-0.7365469811502554
2006-12-07,-0.8155018098896815
2006-12-08,-0.5297372339931672
2006-12-09,-0.05463382778874393
2006-12-10,0.027829257127004903
2006-12-11,-0.061025966367109774
2006-12-12,0.12621968687897
2006-12-13,-0.232839452918703
2006-12-14,-0.32084366390571306
2006-12-15,-0.3139797391913153
2006-12-16,-0.3086315775353581
2006-12-17,-0.3233153219973226
2006-12-18,-0.3817884627767225
2006-12-19,-0.3152680717693557
2006-12-20,-0.27001333310889497
2006-12-21,-0.1442414038479709
2006-12-22,-0.16913797167192568
2006-12-23,-0.17073178158660496
2006-12-24,-0.1908289592802439
2006-12-25,-0.21322596820942974
2006-12-26,0.029048386795659464
2006-12-27,0.20767880015595197
2006-12-28,0.17340563145342136
2006-12-29,0.17228540612237864
2006-12-30,0.19035410122025231
2006-12-31,0.21818065394237163
2007-01-01,0.24624273567044308
2007-01-02,0.2174960219112856
2007-01-03,0.22758920317467313
2007-01-04,0.34214143947109465
2007-01-05,0.35303163715233055
2007-01-06,0.3237518042622045
2007-01-07,0.21936155929849654
2007-01-08,-0.012024547616620973
2007-01-09,-0.11029958586770339
2007-01-10,-0.1109012258389559
2007-01-11,-0.3456716625471288
2007-01-12,-0.34294765054126386
2007-01-13,-0.2776224925574722
2007-01-14,-0.31894922900849365
2007-01-15,-0.31686039301128677
2007-01-16,-0.35535109678767407
2007-01-17,-0.3636552879206334
2007-01-18,-0.3401247066979396
2007-01-19,-0.2772412889499727
2007-01-20,-0.5241573332271583
2007-01-21,-0.5117351006767759
2007-01-22,-0.5442863286777035
2007-01-23,-0.766252821504522
2007-01-24,-0.7698928781346835
2007-01-25,-1.06396146604236
2007-01-26,-1.289247696162572
2007-01-27,-1.2150328718293268
2007-01-28,-1.1578058906299238
2007-01-29,-1.2117693194496764
2007-01-30,-1.2191663761557305
2007-01-31,-1.1146652917762554
2007-02-01,-1.025874472283436
2007-02-02,-1.181736080030463
2007-02-03,-1.6773847216503308
2007-02-04,-1.654070425616893
2007-02-05,-1.640676376705713
2007-02-06,-2.0560254614448077
2007-02-07,-1.93756588946533
2007-02-08,-1.3987897828375373
2007-02-09,-0.879205959970496
2007-02-10,-0.21749262144916148
2007-02-11,-0.16030395323135926
2007-02-12,-0.21614676844248826
2007-02-13,-0.21914239316215567
2007-02-14,-0.2249279442036609
2007-02-15,-0.24384410773628207
2007-02-16,-0.26573572043587546
2007-02-17,-0.27391629206602075
2007-02-18,-0.284434938611825
2007-02-19,-0.30173226677512943
2007-02-20,-0.29219525926410417
2007-02-21,-0.2281436702723756
2007-02-22,0.11241532325973513
2007-02-23,0.1710655770131282
2007-02-24,0.3186286629666406
2007-02-25,0.44062684748608083
2007-02-26,0.6051098707077289
2007-02-27,0.6363207026591325
2007-02-28,0.6388316289498683
2007-03-01,0.6062166893177714
2007-03-02,0.5746664942222519
2007-03-03,0.5322075104564863
2007-03-04,0.5457166128376192
2007-03-05,0.5282548374841778
2007-03-06,0.5180553037370035
2007-03-07,0.5340485421119778
2007-03-08,0.5821069516539894
2007-03-09,0.6242637602118644
2007-03-10,0.5770591931508293
2007-03-11,0.44428036102650337
2007-03-12,-0.018940362319331827
2007-03-13,-0.12873934759436745
2007-03-14,-0.2157074993597674
2007-03-15,-0.24365873081524092
2007-03-16,-0.2746126054564748
2007-03-17,-0.24635582938581235
2007-03-18,-0.1944319102362524
2007-03-19,-0.16264505639309235
2007-03-20,-0.029130941770787233
2007-03-21,0.028619075459071164
2007-03-22,0.03963536283963465
2007-03-23,0.03608762673496302
2007-03-24,-0.3305494785059029
2007-03-25,-0.29795350013025335
2007-03-26,-0.1342086085731733
2007-03-27,-0.3077597103854528
2007-03-28,-0.7543758434107262
2007-03-29,-0.9522888162908594
2007-03-30,-1.0066719713299692
2007-03-31,-0.9517406439381981
2007-04-01,-0.9258725724746789
2007-04-02,-0.8375259255294377
2007-04-03,-0.8109564169085736
2007-04-04,-0.7419319357631587
2007-04-05,-0.7149957315178544
2007-04-06,-0.723607508643938
2007-04-07,-0.7728780226340876
2007-04-08,-0.8131703448394729
2007-04-09,-0.8284199006812479
2007-04-10,-0.7999921059833691
2007-04-11,-0.5111071631921598
2007-04-12,-0.5092415946705455
2007-04-13,-0.5073425387678174
2007-04-14,-0.30945737999704814
2007-04-15,-0.35920880012594236
2007-04-16,-0.3877190950177698
2007-04-17,-0.45234301522034714
2007-04-18,-0.40720053639383824
2007-04-19,-0.5596660674849496
2007-04-20,-0.5526437565054381
2007-04-21,-0.10492618757070238
2007-04-22,0.07792423870380039
2007-04-23,0.14307632845875107
2007-04-24,0.19357243613146502
2007-04-25,-0.04944010941395449
2007-04-26,-0.024082280937763878
2007-04-27,0.01174159504222283
2007-04-28,0.027155154053573938
2007-04-29,0.051339342582577885
2007-04-30,0.09180733913311268
2007-05-01,0.10750494573696256
2007-05-02,0.1306873668215529
2007-05-03,0.2246232127694041
2007-05-04,0.28160544488117223
2007-05-05,0.3406473774729022
2007-05-06,0.3951816948824951
2007-05-07,0.47108080415864895
2007-05-08,0.5257398174852208
2007-05-09,0.5601362931931309
2007-05-10,0.5576038835431278
2007-05-11,0.3305077017960836
2007-05-12,0.40401122118824007
2007-05-13,0.439950840646292
2007-05-14,0.1541762480936133
2007-05-15,0.07761974255475601
2007-05-16,0.1474540341708206
2007-05-17,0.18832211765859896
2007-05-18,0.20069224736246638
2007-05-19,0.2134548402825538
2007-05-20,0.26899854964781733
2007-05-21,-0.3384543249177363
2007-05-22,-0.8100926895710541
2007-05-23,-0.903746419415489
2007-05-24,-1.1398103730476077
2007-05-25,-1.0497087655054755
2007-05-26,-1.009851814729057
2007-05-27,-1.0233991880622328
2007-05-28,-1.0443573632040373
2007-05-29,-1.039062911736363
2007-05-30,-1.0665434211245712
2007-05-31,-1.0592292642974832
2007-06-01,-0.9491345209370081
2007-06-02,-1.281728756502709
2007-06-03,-1.281728756502709
2007-06-04,-1.281728756502709
2007-06-05,-1.281728756502709
2007-06-06,-1.110828095252784
2007-06-07,-0.9673631298759848
2007-06-08,-0.9673631298759848
2007-06-09,-0.9673631298759848
2007-06-10,-0.9673631298759848
2007-06-11,-0.9673631298759848
2007-06-12,-0.9673631298759848
2007-06-13,-0.9673631298759848
2007-06-14,-0.9673631298759848
2007-06-15,-1.110828095252784
2007-06-16,-1.110828095252784
2007-06-17,-1.110828095252784
2007-06-18,-0.9673631298759848
2007-06-19,-0.9673631298759848
2007-06-20,-0.8414567173547837
2007-06-21,-0.7276544443952623
2007-06-22,-0.7276544443952623
2007-06-23,-0.6225875482329679
2007-06-24,-0.5240018703826799
2007-06-25,-0.6225875482329679
2007-06-26,-0.6225875482329679
2007-06-27,-0.7276544443952623
2007-06-28,-0.6225875482329679
2007-06-29,-0.6225875482329679
2007-06-30,-0.6225875482329679
2007-07-01,-0.6225875482329679
2007-07-02,-0.6225875482329679
2007-07-03,-0.5240018703826799
2007-07-04,-0.3402517889631431
2007-07-05,-0.25293326782658254
2007-07-06,-0.25293326782658254
2007-07-07,-0.25293326782658254
2007-07-08,-0.0834458732659098
2007-07-09,-0.0834458732659098
2007-07-10,0.0834458732659098
2007-07-11,0.25293326782658254
2007-07-12,0.25293326782658254
2007-07-13,0.3402517889631431
2007-07-14,0.3402517889631431
2007-07-15,0.3402517889631431
2007-07-16,0.3402517889631431
2007-07-17,0.3402517889631431
2007-07-18,0.3402517889631431
2007-07-19,0.3402517889631431
2007-07-20,0.3402517889631431
2007-07-21,0.430291758905722
2007-07-22,0.3402517889631431
2007-07-23,0.3402517889631431
2007-07-24,0.430291758905722
2007-07-25,0.6225875482329675
2007-07-26,0.8414567173547837
2007-07-27,0.8414567173547837
2007-07-28,0.7276544443952623
2007-07-29,0.8414567173547837
2007-07-30,0.9673631298759848
2007-07-31,0.9673631298759848
2007-08-01,0.9673631298759848
2007-08-02,0.9673631298759848
2007-08-03,0.9673631298759848
2007-08-04,0.9673631298759848
2007-08-05,0.9673631298759848
2007-08-06,0.9673631298759848
2007-08-07,0.9673631298759848
2007-08-08,0.9673631298759848
2007-08-09,0.9673631298759848
2007-08-10,0.9673631298759848
2007-08-11,0.9673631298759848
2007-08-12,0.8414567173547837
2007-08-13,0.8414567173547837
2007-08-14,1.110828095252784
2007-08-15,1.110828095252784
2007-08-16,1.110828095252784
2007-08-17,1.110828095252784
2007-08-18,1.110828095252784
2007-08-19,0.9673631298759848
2007-08-20,0.9673631298759848
2007-08-21,1.110828095252784
2007-08-22,1.110828095252784
2007-08-23,1.110828095252784
2007-08-24,1.110828095252784
2007-08-25,1.110828095252784
2007-08-26,1.110828095252784
2007-08-27,1.110828095252784
2007-08-28,1.110828095252784
2007-08-29,1.110828095252784
2007-08-30,1.110828095252784
2007-08-31,1.110828095252784
2007-09-01,0.9673631298759848
2007-09-02,0.9673631298759848
2007-09-03,0.9673631298759848
2007-09-04,0.9673631298759848
2007-09-05,0.9673631298759848
2007-09-06,0.9673631298759848
2007-09-07,0.9673631298759848
2007-09-08,0.8414567173547837
2007-09-09,0.8414567173547837
2007-09-10,0.8414567173547837
2007-09-11,0.8414567173547837
2007-09-12,0.9673631298759848
2007-09-13,0.8414567173547837
2007-09-14,0.8414567173547837
2007-09-15,0.8414567173547837
2007-09-16,0.7276544443952623
2007-09-17,0.7276544443952623
2007-09-18,0.8414567173547837
2007-09-19,0.7276544443952623
2007-09-20,0.666730165035823
2007-09-21,0.5909023637386832
2007-09-22,1.1885751179452135
2007-09-23,1.193097131117144
2007-09-24,1.1167384174802082
2007-09-25,1.0129649636519167
2007-09-26,1.0129649636519167
2007-09-27,1.010285334357179
2007-09-28,0.9326072243125827
2007-09-29,0.9326072243125827
2007-09-30,0.9079426616551027
2007-10-01,0.9666119172627443
2007-10-02,0.7787698434549539
2007-10-03,0.4488393294259998
2007-10-04,0.21504657163197716
2007-10-05,0.16959993326593636
2007-10-06,0.16177239233541263
2007-10-07,0.15361499047845428
2007-10-08,0.14216927493237752
2007-10-09,0.7052686981878563
2007-10-10,0.82616035037852
2007-10-11,0.8046437375168629
2007-10-12,0.959096828795982
2007-10-13,0.8037043479270605
2007-10-14,0.7836051365562632
2007-10-15,0.7803181063096809
2007-10-16,0.801637320406505
2007-10-17,0.758069462792023
2007-10-18,0.7520047572276899
2007-10-19,0.6965724195260957
2007-10-20,0.7022984948088472
2007-10-21,0.6760918589694096
2007-10-22,0.47746847986860064
2007-10-23,0.4408687095292092
2007-10-24,0.39412016416192897
2007-10-25,0.2852234651300889
2007-10-26,0.222244063168205
2007-10-27,0.22113546552169527
2007-10-28,0.19261589913792765
2007-10-29,0.20297670460813322
2007-10-30,0.10377077130083401
2007-10-31,0.06005325525295335
2007-11-01,0.03282624930479483
2007-11-02,0.06544149148562006
2007-11-03,0.09275414535374837
2007-11-04,0.12123704975661753
2007-11-05,0.12929762239304443
2007-11-06,0.13645926461598434
2007-11-07,-0.011448855445929551
2007-11-08,-0.3515818898085752
2007-11-09,-0.4993573209190758
2007-11-10,-0.08971275184332339
2007-11-11,-0.19508611965179679
2007-11-12,-0.12234552331430781
2007-11-13,-0.16940978424246733
2007-11-14,-0.1608153647516588
2007-11-15,-0.23463061437446542
2007-11-16,-0.28456409038956987
2007-11-17,-0.3895708364205053
2007-11-18,-0.5718559668954644
2007-11-19,-0.6595002468692504
2007-11-20,-0.7970784566592557
2007-11-21,-0.8678004715229258
2007-11-22,-0.8935765860526828
2007-11-23,-0.9194738720788785
2007-11-24,-0.9310861315563612
2007-11-25,-0.6407270639366953
2007-11-26,-0.7679237862187732
2007-11-27,-0.8608935522819805
2007-11-28,-0.9294392213408321
2007-11-29,-0.8938509349364545
2007-11-30,-0.8630271121720452
2007-12-01,-0.9074336258699307
2007-12-02,-0.93875887106883
2007-12-03,-0.8910162307726781
2007-12-04,-0.8980207852225514
2007-12-05,-0.8815568126054325
2007-12-06,-0.2664615997553468
2007-12-07,0.010119339231353441
2007-12-08,0.03306756027714486
2007-12-09,0.019092895899810225
2007-12-10,-0.45577054859369115
2007-12-11,-0.622144273012899
2007-12-12,-0.667690698704209
2007-12-13,-0.7397239841081756
2007-12-14,-0.8708275468190737
2007-12-15,-0.8807508132648245
2007-12-16,-0.8035366111354539
2007-12-17,-0.6153097435746511
2007-12-18,-0.27046838913745197
2007-12-19,-0.06364346541472043
2007-12-20,0.1617317007785375
2007-12-21,0.09222839576885411
2007-12-22,0.07123410335736091
2007-12-23,0.06861980772132092
2007-12-24,0.04732991519143881
2007-12-25,0.01978728770994298
2007-12-26,0.07574738853578178
2007-12-27,0.09436795905588635
2007-12-28,0.06793812778549624
2007-12-29,0.07556718098733772
2007-12-30,0.09631557509006106
2007-12-31,0.12371692202078943
2008-01-01,0.15599438334198878
2008-01-02,0.13141300809379253
2008-01-03,0.2545675539151737
2008-01-04,0.6903307519087966
2008-01-05,0.6800876534956725
2008-01-06,0.5688388952190777
2008-01-07,0.5532185827889151
2008-01-08,0.5751454884289238
2008-01-09,0.5900088439878513
2008-01-10,0.6323450239171504
2008-01-11,0.6590359873456707
2008-01-12,0.6495514851777417
2008-01-13,0.6732711977640391
2008-01-14,0.6766304880525891
2008-01-15,0.6586309158702505
2008-01-16,0.5842505239642621
2008-01-17,0.40880629074394204
2008-01-18,0.31146611788889933
2008-01-19,0.2151036234302237
2008-01-20,0.19195724399484781
2008-01-21,0.2678439702067994
2008-01-22,0.4394181373291959
2008-01-23,0.575055931103879
2008-01-24,0.5742493324592488
2008-01-25,0.6270208149457024
2008-01-26,0.6728598949847274
2008-01-27,0.8264975077770986
2008-01-28,0.8512903691194559
2008-01-29,0.8997048554139324
2008-01-30,0.9202423487515182
2008-01-31,1.0051897370573641
2008-02-01,1.0503595247430986
2008-02-02,1.0666248498069286
2008-02-03,0.7599727616290555
2008-02-04,0.5701986313095957
2008-02-05,0.5800933248300755
2008-02-06,0.576825449809798
2008-02-07,0.5147216417410381
2008-02-08,0.4891013022339954
2008-02-09,0.4603387488260471
2008-02-10,0.43597980363727773
2008-02-11,0.4409523340828554
2008-02-12,0.4026374199795586
2008-02-13,0.39032751398096144
2008-02-14,0.3850862305993705
2008-02-15,0.37973241620590725
2008-02-16,0.37123353073813403
2008-02-17,0.37675984061829637
2008-02-18,0.3765421603915551
2008-02-19,0.5160173033543811
2008-02-20,0.45339951824770464
2008-02-21,0.3028751698515568
2008-02-22,0.1593235353819742
2008-02-23,0.25131940610640946
2008-02-24,0.2558450934311163
2008-02-25,0.15063483898938257
2008-02-26,-0.13950223120483152
2008-02-27,-0.18250043910124125
2008-02-28,-0.2588626168889774
2008-03-01,-0.33921051053839957
2008-03-02,-0.5093260548035989
2008-03-03,-0.5834728773586053
2008-03-04,-0.9068302765620847
2008-03-05,-1.134062256354661
2008-03-06,-1.1958187834802452
2008-03-07,-1.0998916368208274
2008-03-08,-1.0690658597612193
2008-03-09,-1.0201401963350922
2008-03-10,-0.9007153971276586
2008-03-11,-0.9151293678339628
2008-03-12,-0.9029562417252672
2008-03-13,-0.96959912978182
2008-03-14,-1.1124546402118933
2008-03-15,-1.197987082425786
2008-03-16,-1.2851912861972796
2008-03-17,-1.2510813604369977
2008-03-18,-1.1936742490769876
2008-03-19,-1.170623842401711
2008-03-20,-1.137221007753566
2008-03-21,-1.4445266038236984
2008-03-22,-1.487457103787168
2008-03-23,-1.6006753045334803
2008-03-24,-1.784872677085327
2008-03-25,-2.199997911202332
2008-03-26,-3.2519534331876803
2008-03-27,-3.181528285089115
2008-03-28,-2.698376381763987
2008-03-29,-2.672227352368621
2008-03-30,-2.728351001632408
2008-03-31,-2.637424839619725
2008-04-01,-2.6040223626665626
2008-04-02,-2.4593167257881867
2008-04-03,-2.4054542162853316
2008-04-04,-2.296219924242899
2008-04-05,-2.2539135334200098
2008-04-06,-2.251271960649745
2008-04-07,-2.3221679652583855
2008-04-08,-2.3935505857758774
2008-04-09,-2.4247475335860647
2008-04-10,-2.4239258160409562
2008-04-11,-2.4296011026275686
2008-04-12,-2.5218963713645763
2008-04-13,-2.543184526396429
2008-04-14,-2.555534173895429
2008-04-15,-1.8122946089126435
2008-04-16,-1.8179346684489714
2008-04-17,-1.8259282109299528
2008-04-18,-2.980306258534274
2008-04-19,-3.0408034608687537
2008-04-20,-3.0457456723583105
2008-04-21,-2.953762764796738
2008-04-22,-2.7505688926450067
2008-04-23,-2.779644686259467
2008-04-24,-2.6999697028291614
2008-04-25,-2.5158546394181185
2008-04-26,-2.461673729470828
2008-04-27,-2.7309342949224207
2008-04-28,-2.708555694249416
2008-04-29,-2.705672780933245
2008-04-30,-2.7151904767661685
2008-05-01,-2.685025681102947
2008-05-02,-2.654826023773766
2008-05-03,-2.681409421784226
2008-05-04,-2.6746047708722207
2008-05-05,-2.5800385293191246
2008-05-06,-2.4762631522646545
2008-05-07,-2.4055498535692768
2008-05-08,-2.391691217927267
2008-05-09,-1.7486119323650855
2008-05-10,-1.7375627451884164
2008-05-11,-1.7435722699234895
2008-05-12,-1.7394918656409708
2008-05-13,-1.7352023180266194
2008-05-14,-1.7547607770689702
2008-05-15,-1.7592618900920634
2008-05-16,-1.667044204676436
2008-05-17,-2.0622776287971964
2008-05-18,-1.91059303493207
2008-05-19,-1.811491207314338
2008-05-20,-1.7901747375427957
2008-05-21,-1.5097176639723502
2008-05-22,-1.281728756502709
2008-05-23,-1.1612940118600776
2008-05-24,-0.5972245079472789
2008-05-25,-0.5601632340015013
2008-05-26,-0.5302779354445639
2008-05-27,-0.49077550457652763
2008-05-28,-0.5108492347814351
2008-05-29,-0.5077436484679321
2008-05-30,-0.5290142573689927
2008-05-31,-0.5144728844039392
2008-06-01,-0.44382697914779046
2008-06-02,-0.35094887446472
2008-06-03,-0.35770577143689986
2008-06-04,-0.4097361536280475
2008-06-05,-0.34555766394378473
2008-06-06,-0.32355343859659014
2008-06-07,-0.28475214392599724
2008-06-08,-0.2805168671717835
2008-06-09,-0.27152379675857863
2008-06-10,-0.2721159165776812
2008-06-11,-0.27298126995647176
2008-06-12,-0.25521143425107806
2008-06-13,-0.19248399879631117
2008-06-14,-0.16959038024485706
2008-06-15,-0.10720849180706438
2008-06-16,-0.08302492729998079
2008-06-17,-0.0008560092179599188
2008-06-18,0.04298814543447227
2008-06-19,0.08451784604265433
2008-06-20,0.23082240211547278
2008-06-21,0.27604572177338493
2008-06-22,0.22037136291963866
2008-06-23,-0.6225875482329679
2008-06-24,-0.5240018703826799
2008-06-25,-0.6225875482329679
2008-06-26,-0.6225875482329679
2008-06-27,-0.7276544443952623
2008-06-28,-0.6225875482329679
2008-06-29,-0.6225875482329679
2008-06-30,-0.6225875482329679
2008-07-01,-0.6225875482329679
2008-07-02,-0.6225875482329679
2008-07-03,-0.5240018703826799
2008-07-04,-0.3402517889631431
2008-07-05,-0.25293326782658254
2008-07-06,-0.25293326782658254
2008-07-07,-0.25293326782658254
2008-07-08,-0.0834458732659098
2008-07-09,-0.0834458732659098
2008-07-10,0.0834458732659098
2008-07-11,0.25293326782658254
2008-07-12,0.25293326782658254
2008-07-13,0.3402517889631431
2008-07-14,0.3402517889631431
2008-07-15,0.3402517889631431
2008-07-16,0.3402517889631431
2008-07-17,0.3402517889631431
2008-07-18,0.3402517889631431
2008-07-19,0.3402517889631431
2008-07-20,0.3402517889631431
2008-07-21,0.430291758905722
2008-07-22,0.3402517889631431
2008-07-23,0.3402517889631431
2008-07-24,0.430291758905722
2008-07-25,0.6225875482329675
2008-07-26,0.8414567173547837
2008-07-27,0.8414567173547837
2008-07-28,0.7276544443952623
2008-07-29,0.8414567173547837
2008-07-30,0.9673631298759848
2008-07-31,0.9673631298759848
2008-08-01,0.9673631298759848
2008-08-02,0.9673631298759848
2008-08-03,0.9673631298759848
2008-08-04,0.9673631298759848
2008-08-05,0.9673631298759848
2008-08-06,0.9673631298759848
2008-08-07,0.9673631298759848
2008-08-08,0.9673631298759848
2008-08-09,0.9673631298759848
2008-08-10,0.9673631298759848
2008-08-11,0.9673631298759848
2008-08-12,0.8414567173547837
2008-08-13,0.8414567173547837
2008-08-14,1.110828095252784
2008-08-15,1.110828095252784
2008-08-16,1.110828095252784
2008-08-17,1.110828095252784
2008-08-18,1.110828095252784
2008-08-19,0.9673631298759848
2008-08-20,0.9673631298759848
2008-08-21,1.110828095252784
2008-08-22,1.110828095252784
2008-08-23,1.110828095252784
2008-08-24,1.110828095252784
2008-08-25,1.110828095252784
2008-08-26,1.110828095252784
2008-08-27,1.110828095252784
2008-08-28,1.110828095252784
2008-08-29,1.110828095252784
2008-08-30,1.110828095252784
2008-08-31,1.110828095252784
2008-09-01,0.9673631298759848
2008-09-02,0.9673631298759848
2008-09-03,0.9673631298759848
2008-09-04,0.9673631298759848
2008-09-05,0.9673631298759848
2008-09-06,0.9673631298759848
2008-09-07,0.9673631298759848
2008-09-08,0.8414567173547837
2008-09-09,0.8414567173547837
2008-09-10,0.8414567173547837
2008-09-11,0.8414567173547837
2008-09-12,0.9673631298759848
2008-09-13,0.8414567173547837
2008-09-14,0.8414567173547837
2008-09-15,0.8414567173547837
2008-09-16,0.7276544443952623
2008-09-17,0.7276544443952623
2008-09-18,0.8414567173547837
2008-09-19,0.7276544443952623
2008-09-20,0.5240018703826799
2008-09-21,0.430291758905722
2008-09-22,0.430291758905722
2008-09-23,0.430291758905722
2008-09-24,0.430291758905722
2008-09-25,0.3402517889631431
2008-09-26,0.3402517889631431
2008-09-27,0.3402517889631431
2008-09-28,0.25293326782658254
2008-09-29,0.25293326782658254
2008-09-30,0.1675553012840909
2008-10-01,0.0834458732659098
2008-10-02,-0.0834458732659098
2008-10-03,0.6827687094109522
2008-10-04,0.7916574400835242
2008-10-05,0.663622034030136
2008-10-06,0.6191867467192826
2008-10-07,0.6093037460743629
2008-10-08,0.5847348829281194
2008-10-09,0.4175324722017768
2008-10-10,0.3549496323027628
2008-10-11,0.3405802472656805
2008-10-12,0.30212517380715687
2008-10-13,0.25026619892454827
2008-10-14,0.19479598165742962
2008-10-15,0.19622698694991536
2008-10-16,0.23074645450075826
2008-10-17,0.177557722016366
2008-10-18,0.1806571666154384
2008-10-19,0.026686655549921
2008-10-20,0.07238655019445495
2008-10-21,0.03387190577732602
2008-10-22,-0.016272735603931388
2008-10-23,-0.03930261117532785
2008-10-24,-0.03515060870071163
2008-10-25,-0.15553060497926818
2008-10-26,-0.16392463394825119
2008-10-27,-0.16930047790258418
2008-10-28,-0.17742845489634007
2008-10-29,-0.19411848258400122
2008-10-30,-0.11947095568985255
2008-10-31,0.047970856557392194
2008-11-01,0.43921583307970713
2008-11-02,0.3889493845630141
2008-11-03,0.4801664415458333
2008-11-04,0.503064457864066
2008-11-05,0.5080759986644279
2008-11-06,0.5146629287955644
2008-11-07,0.4121584606183386
2008-11-08,0.38551015176784764
2008-11-09,0.38124497026647375
2008-11-10,0.27517829648065173
2008-11-11,0.20389987225642936
2008-11-12,0.24599249198951734
2008-11-13,0.2060403140699294
2008-11-14,0.21297106810143118
2008-11-15,0.19940812509657402
2008-11-16,0.14825078267517422
2008-11-17,0.06657185039899494
2008-11-18,-0.049586742182986754
2008-11-19,-0.11965927844078683
2008-11-20,-0.2523233411883108
2008-11-21,-0.278167175861882
2008-11-22,-0.3106575836258636
2008-11-23,-0.3244215408379669
2008-11-24,-0.32203463790798637
2008-11-25,-0.04512074030760127
2008-11-26,0.0717123451540369
2008-11-27,0.052872874378872226
2008-11-28,0.049193849417763724
2008-11-29,-0.09293515144074971
2008-11-30,-0.31136007860221704
2008-12-01,-1.027544806412727
2008-12-02,-1.169474332698066
2008-12-03,-1.5613521559730839
2008-12-04,-1.5584660869104061
2008-12-05,-1.5184412948391985
2008-12-06,-1.7372480863707438
2008-12-07,-1.8448908816675096
2008-12-08,-1.8739385558546695
2008-12-09,-1.8805869564575863
2008-12-10,-2.0348969725195247
2008-12-11,-2.0962569790619168
2008-12-12,-2.098270854124321
2008-12-13,-2.162936364711325
2008-12-14,-1.6989313993131565
2008-12-15,-1.4516928405154537
2008-12-16,-1.3883010020510227
2008-12-17,-1.4195922184195808
2008-12-18,-1.4581144984942764
2008-12-19,-1.2373048707106338
2008-12-20,-1.1239800550076304
2008-12-21,-0.6277108284418504
2008-12-22,-0.5689220770115484
2008-12-23,-0.5487687511382311
2008-12-24,-0.26173499471060224
2008-12-25,-0.13195944905331736
2008-12-26,-0.18051498596180737
2008-12-27,-0.17220099097597674
2008-12-28,-0.2046928073921912
2008-12-29,-0.19997012750432908
2008-12-30,-0.17150790054870435
2008-12-31,-0.14518401218823795
2009-01-01,-0.10083573777332333
2009-01-02,-0.03374020951836587
2009-01-03,-0.06317333539484804
2009-01-04,-0.10116989555413314
2009-01-05,-0.03550080056390614
2009-01-06,-0.10450980998483939
2009-01-07,-0.1141737899451103
2009-01-08,-0.11737848557090214
2009-01-09,-0.12442274911694606
2009-01-10,-0.08658339725478625
2009-01-11,-0.11233016084033687
2009-01-12,-0.11781726432927919
2009-01-13,-0.18004640104109693
2009-01-14,-0.2745648570641541
2009-01-15,-0.2805724401477616
2009-01-16,-0.31785546724253466
2009-01-17,-0.338319410016809
2009-01-18,-0.3462164267010992
2009-01-19,-0.2890571092462315
2009-01-20,-0.7220662976533915
2009-01-21,-0.5781188805799389
2009-01-22,-0.31866007491914283
2009-01-23,-0.20153888500748862
2009-01-24,-0.2698989762857802
2009-01-25,-0.2684409267903538
2009-01-26,-0.24754838901823062
2009-01-27,-0.20629261874268168
2009-01-28,-0.16923219132980827
2009-01-29,-0.1296340586334972
2009-01-30,-0.13125884994819303
2009-01-31,-0.059205104130162
2009-02-01,-0.06339701570425516
2009-02-02,-0.10513817587705998
2009-02-03,-0.05703425816191787
2009-02-04,-0.048578625822962795
2009-02-05,0.0006027129651731133
2009-02-06,0.09325760558393958
2009-02-07,0.06185471158192213
2009-02-08,0.0819090576293029
2009-02-09,0.08044327308821253
2009-02-10,0.09662502740966694
2009-02-11,0.19864969227249696
2009-02-12,0.3216600292827285
2009-02-13,0.5163118449544029
2009-02-14,0.5111734953873526
2009-02-15,0.5771227579279459
2009-02-16,0.7474177956400059
2009-02-17,0.8909152656418834
2009-02-18,0.8988638089167881
2009-02-19,0.9222266153385318
2009-02-20,0.7954354558099268
2009-02-21,0.6762432342408411
2009-02-22,0.482759821639531
2009-02-23,0.5105275581924413
2009-02-24,0.5375452713958175
2009-02-25,0.5579058937052508
2009-02-26,0.5445707193257141
2009-02-27,0.5147153335862571
2009-02-28,0.5062152239477182
2009-03-01,0.5692307414556503
2009-03-02,0.6543627239180314
2009-03-03,0.8480086052363509
2009-03-04,0.9181163174655802
2009-03-05,0.9129824688903452
2009-03-06,0.9172956741368873
2009-03-07,0.8715666978438135
2009-03-08,0.8455787007264425
2009-03-09,0.9061265406227058
2009-03-10,0.8966721893713364
2009-03-11,0.9409526106155794
2009-03-12,0.9343470256053087
2009-03-13,0.8485949378601592
2009-03-14,0.7182323949688577
2009-03-15,0.4785932993355244
2009-03-16,0.4904452151280736
2009-03-17,0.4070522659885145
2009-03-18,0.14927610868909724
2009-03-19,-0.0872878416964662
2009-03-20,-0.08491434122047758
2009-03-21,0.14662174561204355
2009-03-22,0.17785293838313576
2009-03-23,0.13249524512928712
2009-03-24,-0.0711047531997091
2009-03-25,-0.12115790701417284
2009-03-26,-0.05179651771568361
2009-03-27,-0.0701452479767748
2009-03-28,-0.07059547584572279
2009-03-29,-0.0451743635985018
2009-03-30,-0.04721086836143695
2009-03-31,-0.1610917543301389
2009-04-01,-0.3536388760073157
2009-04-02,-0.9526046049973617
2009-04-03,-1.1312988970690259
2009-04-04,-1.0545324632089812
2009-04-05,-1.0246417869679032
2009-04-06,-1.0306066498523228
2009-04-07,-0.6684721351523473
2009-04-08,-0.672648562302632
2009-04-09,-0.4757374257284561
2009-04-10,-0.4292011329485512
2009-04-11,-0.4316199777628442
2009-04-12,-0.42912825061214654
2009-04-13,-0.42617175725942524
2009-04-14,-0.4165182315846443
2009-04-15,-0.4718060530728181
2009-04-16,-0.502818129440513
2009-04-17,-0.5724529043570377
2009-04-18,-0.5307048856763681
2009-04-19,-0.5114802463139643
2009-04-20,-0.8092612509726651
2009-04-21,-0.7944674003496932
2009-04-22,-0.7529722804700821
2009-04-23,-0.7196947281269453
2009-04-24,-0.6625127277044832
2009-04-25,-0.5904556343604188
2009-04-26,-0.554580109107994
2009-04-27,-0.4941407348478435
2009-04-28,-0.4779082928177296
2009-04-29,-0.45887974855303715
2009-04-30,-0.429938902209847
2009-05-01,0.4412230243573063
2009-05-02,0.49926361306116607
2009-05-03,0.5783431865698587
2009-05-04,0.6995626083113545
2009-05-05,0.7582369372545222
2009-05-06,0.8077212882499845
2009-05-07,0.6726973543845449
2009-05-08,0.7068574226513111
2009-05-09,0.557021595103472
2009-05-10,0.5326212677894864
2009-05-11,0.5800587719230599
2009-05-12,0.661634408986473
2009-05-13,0.700619240288103
2009-05-14,0.7070110380861127
2009-05-15,0.6114649677157564
2009-05-16,0.6258768487256576
2009-05-17,0.6748389592844926
2009-05-18,0.6544162482944021
2009-05-19,0.6470549862102235
2009-05-20,0.7140225099059313
2009-05-21,0.7100104912482956
2009-05-22,0.6968785076070971
2009-05-23,0.7287032806345819
2009-05-24,0.7458270873914501
2009-05-25,0.7870448416383482
2009-05-26,0.7610970860500614
2009-05-27,0.8024914878957762
2009-05-28,0.7879322910784313
2009-05-29,0.7839860313077119
2009-05-30,0.7848205241441398
2009-05-31,-0.5762067508726889
2009-06-01,-0.6748591297244421
2009-06-02,-0.7470521194340376
2009-06-03,-1.0844589564382803
2009-06-04,-0.9506742073398696
2009-06-05,-0.4346903187191655
2009-06-06,-0.4071435820100886
2009-06-07,-0.36237095935940755
2009-06-08,-0.35900690613901465
2009-06-09,-0.3507595264995862
2009-06-10,-0.3517917208966621
2009-06-11,-0.3537555828879755
2009-06-12,-0.3372028425254676
2009-06-13,-0.27420574488750726
2009-06-14,-0.2604876042736044
2009-06-15,-0.20527765841932188
2009-06-16,-0.1830561914070754
2009-06-17,-0.10150856250257889
2009-06-18,-0.05694861794272721
2009-06-19,-0.014685477148113968
2009-06-20,0.13618680955793483
2009-06-21,0.18532615284160858
2009-06-22,0.22037136291963866
2009-06-23,0.3006120835327315
2009-06-24,0.3410155831743322
2009-06-25,0.38165250174519505
2009-06-26,0.40788887764365955
2009-06-27,0.48806633270998434
2009-06-28,0.4313912912351572
2009-06-29,0.4081173418386357
2009-06-30,0.47207544098324083
2009-07-01,0.48140020391702243
2009-07-02,0.48651927622052793
2009-07-03,0.484583009739459
2009-07-04,0.4450035343407115
2009-07-05,-0.25293326782658254
2009-07-06,-0.25293326782658254
2009-07-07,-0.25293326782658254
2009-07-08,-0.0834458732659098
2009-07-09,-0.0834458732659098
2009-07-10,0.0834458732659098
2009-07-11,0.25293326782658254
2009-07-12,0.25293326782658254
2009-07-13,0.3402517889631431
2009-07-14,0.3402517889631431
2009-07-15,0.3402517889631431
2009-07-16,0.3402517889631431
2009-07-17,0.3402517889631431
2009-07-18,0.3402517889631431
2009-07-19,0.3402517889631431
2009-07-20,0.3402517889631431
2009-07-21,0.430291758905722
2009-07-22,0.3402517889631431
2009-07-23,0.3402517889631431
2009-07-24,0.430291758905722
2009-07-25,0.6225875482329675
2009-07-26,0.8414567173547837
2009-07-27,0.8414567173547837
2009-07-28,0.7276544443952623
2009-07-29,0.8414567173547837
2009-07-30,0.9673631298759848
2009-07-31,0.9673631298759848
2009-08-01,0.9673631298759848
2009-08-02,0.9673631298759848
2009-08-03,0.9673631298759848
2009-08-04,0.9673631298759848
2009-08-05,0.9673631298759848
2009-08-06,0.9673631298759848
2009-08-07,0.9673631298759848
2009-08-08,0.9673631298759848
2009-08-09,0.9673631298759848
2009-08-10,0.9673631298759848
2009-08-11,0.9673631298759848
2009-08-12,0.8414567173547837
2009-08-13,0.8414567173547837
2009-08-14,1.110828095252784
2009-08-15,1.110828095252784
2009-08-16,1.110828095252784
2009-08-17,1.110828095252784
2009-08-18,1.110828095252784
2009-08-19,0.9673631298759848
2009-08-20,0.9673631298759848
2009-08-21,1.110828095252784
2009-08-22,1.110828095252784
2009-08-23,1.110828095252784
2009-08-24,1.110828095252784
2009-08-25,1.110828095252784
2009-08-26,1.110828095252784
2009-08-27,1.110828095252784
2009-08-28,1.110828095252784
2009-08-29,1.110828095252784
2009-08-30,1.110828095252784
2009-08-31,1.110828095252784
2009-09-01,0.9673631298759848
2009-09-02,0.9673631298759848
2009-09-03,0.9673631298759848
2009-09-04,0.9673631298759848
2009-09-05,0.9673631298759848
2009-09-06,0.9673631298759848
2009-09-07,0.9673631298759848
2009-09-08,0.8414567173547837
2009-09-09,0.8414567173547837
2009-09-10,0.8414567173547837
2009-09-11,0.8414567173547837
2009-09-12,0.9673631298759848
2009-09-13,1.7510802121517124
2009-09-14,1.8775928779318798
2009-09-15,1.8775928779318798
2009-09-16,1.5145167346676036
2009-09-17,1.5145167346676036
2009-09-18,1.5237203841621252
2009-09-19,1.4715830923892552
2009-09-20,1.3973555573040695
2009-09-21,1.1849064893246775
2009-09-22,1.113356295477827
2009-09-23,1.1186176089549171
2009-09-24,1.03983901903643
2009-09-25,0.935007262358287
2009-09-26,0.935007262358287
2009-09-27,0.9327389179950198
2009-09-28,0.8450088179899374
2009-09-29,0.8450088179899374
2009-09-30,0.8133791327700066
2009-10-01,0.8819612783014641
2009-10-02,0.6600198972241339
2009-10-03,0.3325017907194676
2009-10-04,0.1432291120995659
2009-10-05,0.09709682307359646
2009-10-06,0.09389043717252465
2009-10-07,0.08650117111841249
2009-10-08,0.07731771295062018
2009-10-09,-0.048977094892952655
2009-10-10,-0.029479322639193173
2009-10-11,-0.016482707580741884
2009-10-12,0.31070212093738836
2009-10-13,2.142215524026692
2009-10-14,2.1681587374739832
2009-10-15,2.102781970088134
2009-10-16,1.865890891147307
2009-10-17,1.8569081195698227
2009-10-18,1.8311078370170644
2009-10-19,1.8892508456711536
2009-10-20,1.810437873614627
2009-10-21,1.8321988566051868
2009-10-22,1.832935905556992
2009-10-23,1.7661164992421987
2009-10-24,1.5644429853682635
2009-10-25,1.5528598669895928
2009-10-26,1.3216844505614656
2009-10-27,1.2747659186173
2009-10-28,1.170228655415876
2009-10-29,1.0932717356406716
2009-10-30,1.0333116636548134
2009-10-31,0.9819210875138593
2009-11-01,0.9611695161810966
2009-11-02,0.9630158206435786
2009-11-03,0.9727595250307676
2009-11-04,0.9814387333391106
2009-11-05,0.982022149794316
2009-11-06,0.9805417027907949
2009-11-07,0.9436747161312485
2009-11-08,0.9104114909356005
2009-11-09,0.8945526827839989
2009-11-10,0.8749119693186528
2009-11-11,0.7283738203714828
2009-11-12,-0.9329577347243713
2009-11-13,-0.9459980039286408
2009-11-14,-0.9444359846111513
2009-11-15,-0.9481266998374016
2009-11-16,-0.9531367755828615
2009-11-17,-1.064032744604472
2009-11-18,-0.9647601948964674
2009-11-19,-1.1070965156319392
2009-11-20,-1.0776606678710063
2009-11-21,-1.2273564251041118
2009-11-22,-1.2342110317810908
2009-11-23,-1.2436686997416837
2009-11-24,-1.2486485529177527
2009-11-25,-1.308161922734652
2009-11-26,-1.5612486037354332
2009-11-27,-1.249997478991038
2009-11-28,-1.2645412219691738
2009-11-29,-1.2146891775467274
2009-11-30,-1.1639644745199789
2009-12-01,-1.2004215759349397
2009-12-02,-1.223206867196906
2009-12-03,-1.162134673498748
2009-12-04,-1.1650447642632744
2009-12-05,-1.1389195023010577
2009-12-06,-0.9965500107532738
2009-12-07,-0.6252105368146326
2009-12-08,-0.5822343169531348
2009-12-09,-0.593590300572507
2009-12-10,-0.5269010406544072
2009-12-11,-0.2092704288024816
2009-12-12,0.19338644994401588
2009-12-13,0.35142580642350896
2009-12-14,0.2794701770471941
2009-12-15,0.2483946673791786
2009-12-16,0.2361010699246664
2009-12-17,0.2030882565279719
2009-12-18,0.1512246176247709
2009-12-19,0.17957121487335237
2009-12-20,0.11276148290826749
2009-12-21,0.1416108473576927
2009-12-22,0.11999939601341425
2009-12-23,0.11717525532207995
2009-12-24,0.09562207136890466
2009-12-25,0.06700380839503883
2009-12-26,0.15684175010970924
2009-12-27,0.10711419877283213
2009-12-28,0.11086987958917094
2009-12-29,0.12975763329189416
2009-12-30,0.15401954001320362
2009-12-31,0.18168125659825018
2010-01-01,0.2113729367848094
2010-01-02,0.18423753215290595
2010-01-03,0.16130303066273743
2010-01-04,0.12381569974854245
2010-01-05,0.08084965924869203
2010-01-06,-0.13715083653045768
2010-01-07,-0.14653452489937902
2010-01-08,-0.1365472227308131
2010-01-09,-0.21952935674730312
2010-01-10,-0.4248329018916408
2010-01-11,-0.8778951379676426
2010-01-12,-0.7313711419563005
2010-01-13,-0.6144236250704391
2010-01-14,-0.6308554400387927
2010-01-15,-0.6278478194501202
2010-01-16,-0.6751789227638013
2010-01-17,-0.4487190576690532
2010-01-18,-0.14403426166083255
2010-01-19,0.14706131601686612
2010-01-20,0.3466289298735732
2010-01-21,0.5860986456315249
2010-01-22,0.6145082073669146
2010-01-23,0.575055931103879
2010-01-24,0.5554214137876032
2010-01-25,0.5913278546848324
2010-01-26,0.5659483997970196
2010-01-27,0.5606703538445588
2010-01-28,0.5758510801896581
2010-01-29,0.6315225325761278
2010-01-30,0.6350725118447911
2010-01-31,0.6732050104486552
2010-02-01,0.7221350993274929
2010-02-02,0.7145283234601384
2010-02-03,0.7247506495274095
2010-02-04,0.8296117404829322
2010-02-05,0.8745777847567021
2010-02-06,0.9422342514093082
2010-02-07,0.9290027624519316
2010-02-08,0.9389827695060502
2010-02-09,0.9896834481951379
2010-02-10,0.9622449008288461
2010-02-11,0.8385967502104511
2010-02-12,0.8200589294241021
2010-02-13,0.8013458002238711
2010-02-14,0.796433529649415
2010-02-15,0.8002253692835027
2010-02-16,0.6817232395508606
2010-02-17,0.5071423251683949
2010-02-18,0.2776283231327972
2010-02-19,-0.07945260884057137
2010-02-20,-0.44228399043887157
2010-02-21,-0.39231579966665
2010-02-22,-0.3803721540253393
2010-02-23,0.0231301174798062
2010-02-24,0.01563166054003462
2010-02-25,-0.0032455356504197397
2010-02-26,0.2030132653600374
2010-02-27,0.26274122354615903
2010-02-28,0.2078065534632645
2010-03-01,0.16735314110138644
2010-03-02,0.25675357000576415
2010-03-03,0.48784416234206485
2010-03-04,0.4952486250078907
2010-03-05,0.4702613163082865
2010-03-06,0.30891149096605575
2010-03-07,0.30478650050129263
2010-03-08,0.23887121668120437
2010-03-09,0.35324351682064115
2010-03-10,0.36397298374013176
2010-03-11,0.30104749278879406
2010-03-12,0.5039084302748023
2010-03-13,0.4915774132157862
2010-03-14,0.5048229069032799
2010-03-15,0.5235110360417263
2010-03-16,0.5380289627846924
2010-03-17,0.5620316399189635
2010-03-18,0.6104890765808244
2010-03-19,0.650082327195407
2010-03-20,0.6310893577480057
2010-03-21,0.644320302339055
2010-03-22,0.6171624560597453
2010-03-23,0.5103669621162363
2010-03-24,0.48112592887283023
2010-03-25,0.1903136034971009
2010-03-26,0.19130275843590194
2010-03-27,0.2061785838178647
2010-03-28,-0.0608403411967513
2010-03-29,-0.13443932029895422
2010-03-30,0.026946218232551944
2010-03-31,0.10550982499521178
2010-04-01,-0.0179008945100958
2010-04-02,-0.298948300622905
2010-04-03,-0.2492192654755847
2010-04-04,0.20926984552560546
2010-04-05,0.23953350949401875
2010-04-06,0.22158692491181164
2010-04-07,0.18333743135632097
2010-04-08,0.09311748465444625
2010-04-09,0.08742895474246604
2010-04-10,0.10619144604234654
2010-04-11,0.16271688532058337
2010-04-12,0.3227712585541671
2010-04-13,0.3361034602034705
2010-04-14,0.35575734414952076
2010-04-15,0.3590561396749825
2010-04-16,0.34780430313443644
2010-04-17,0.3184844719122304
2010-04-18,0.36135012456443083
2010-04-19,0.4857831906744845
2010-04-20,0.88767035524727
2010-04-21,1.0554343097986227
2010-04-22,1.1288881052214763
2010-04-23,1.2385510814583787
2010-04-24,1.2827840157215498
2010-04-25,1.244731378661538
2010-04-26,1.2676859154925502
2010-04-27,1.307333623720314
2010-04-28,1.3847586984842715
2010-04-29,1.3158389484217092
2010-04-30,1.3529582301817895
2010-05-01,1.3639936049333432
2010-05-02,1.3218413002900293
2010-05-03,1.367295718866326
2010-05-04,1.099722934822351
2010-05-05,1.140322384851884
2010-05-06,1.1854826994888987
2010-05-07,1.2701014311989232
2010-05-08,1.34206083186649
2010-05-09,1.4257086614311671
2010-05-10,1.5352199725098918
2010-05-11,1.3199011122884658
2010-05-12,1.212713567049
2010-05-13,1.2584721651976238
2010-05-14,1.2826466233043974
2010-05-15,1.1665590318588974
2010-05-16,1.1223579342830565
2010-05-17,1.1898370646513259
2010-05-18,1.134091363026267
2010-05-19,1.0314425951275936
2010-05-20,0.5342480986434452
2010-05-21,0.3113325497836503
2010-05-22,0.27072015939083616
2010-05-23,0.29744203802838975
2010-05-24,0.23769411591049971
2010-05-25,0.5815231049579308
2010-05-26,0.7276962375473022
2010-05-27,0.933313006758374
2010-05-28,0.7417213015121065
2010-05-29,0.7246667302658707
2010-05-30,0.7244378768031965
2010-05-31,0.7575560584348023
2010-06-01,0.7765840896558972
2010-06-02,0.7977818679356576
2010-06-03,0.8027472726082714
2010-06-04,0.7964881611387968
2010-06-05,0.8014169102357375
2010-06-06,0.7973127871434718
2010-06-07,0.7954193962770498
2010-06-08,0.747443103124731
2010-06-09,0.5575708934059886
2010-06-10,0.5626942404820099
2010-06-11,0.575943895900171
2010-06-12,0.6034937005524514
2010-06-13,0.6461811089930894
2010-06-14,0.7749765587186104
2010-06-15,0.869719699026536
2010-06-16,0.8857911234616652
2010-06-17,0.9663229454518696
2010-06-18,1.0254103113512572
2010-06-19,1.053217908934891
2010-06-20,1.1545968641185012
2010-06-21,1.1716236514859895
2010-06-22,1.175170616560791
2010-06-23,1.26434017205937
2010-06-24,1.0315800045628958
2010-06-25,0.823949089464973
2010-06-26,-0.3015606080970956
2010-06-27,-0.30347715144627285
2010-06-28,-0.32409438465752083
2010-06-29,-0.35245497034360773
2010-06-30,-0.315456622827071
2010-07-01,-0.30539461102410304
2010-07-02,-0.2995513244553867
2010-07-03,-0.190518106593766
2010-07-04,-0.08664555695043008
2010-07-05,-0.01749202580983833
2010-07-06,-0.0008295361454546679
2010-07-07,0.04353589687331705
2010-07-08,0.16308985723681557
2010-07-09,0.1982372688667784
2010-07-10,0.31177943082329684
2010-07-11,0.3885768857613636
2010-07-12,0.3903480808152002
2010-07-13,0.45588554793870983
2010-07-14,0.45536584948263625
2010-07-15,0.43153288621905683
2010-07-16,0.4577718617494977
2010-07-17,0.47314061151182796
2010-07-18,0.47314061151182796
2010-07-19,0.47314061151182796
2010-07-20,0.4745617225618304
2010-07-21,0.5245453932868749
2010-07-22,0.48289190627814227
2010-07-23,0.48289190627814227
2010-07-24,0.430291758905722
2010-07-25,0.6225875482329675
2010-07-26,0.8414567173547837
2010-07-27,0.8414567173547837
2010-07-28,0.7276544443952623
2010-07-29,0.8414567173547837
2010-07-30,0.9673631298759848
2010-07-31,0.9673631298759848
2010-08-01,0.9673631298759848
2010-08-02,0.9673631298759848
2010-08-03,0.9673631298759848
2010-08-04,0.9673631298759848
2010-08-05,0.9673631298759848
2010-08-06,0.9673631298759848
2010-08-07,0.9673631298759848
2010-08-08,0.9673631298759848
2010-08-09,0.9673631298759848
2010-08-10,0.9673631298759848
2010-08-11,0.9673631298759848
2010-08-12,0.8414567173547837
2010-08-13,0.8414567173547837
2010-08-14,1.110828095252784
2010-08-15,1.110828095252784
2010-08-16,1.110828095252784
2010-08-17,1.110828095252784
2010-08-18,1.110828095252784
2010-08-19,0.9673631298759848
2010-08-20,0.9673631298759848
2010-08-21,1.110828095252784
2010-08-22,1.110828095252784
2010-08-23,1.110828095252784
2010-08-24,1.110828095252784
2010-08-25,1.110828095252784
2010-08-26,1.110828095252784
2010-08-27,1.110828095252784
2010-08-28,1.110828095252784
2010-08-29,1.110828095252784
2010-08-30,1.110828095252784
2010-08-31,1.110828095252784
2010-09-01,0.9673631298759848
2010-09-02,0.9673631298759848
2010-09-03,0.9673631298759848
2010-09-04,0.9673631298759848
2010-09-05,0.9673631298759848
2010-09-06,0.9673631298759848
2010-09-07,0.9673631298759848
2010-09-08,0.8414567173547837
2010-09-09,0.8414567173547837
2010-09-10,0.8414567173547837
2010-09-11,0.8414567173547837
2010-09-12,0.9673631298759848
2010-09-13,0.8414567173547837
2010-09-14,0.8414567173547837
2010-09-15,0.8414567173547837
2010-09-16,0.7276544443952623
2010-09-17,0.7276544443952623
2010-09-18,0.8414567173547837
2010-09-19,0.7276544443952623
2010-09-20,0.5240018703826799
2010-09-21,0.430291758905722
2010-09-22,0.430291758905722
2010-09-23,0.430291758905722
2010-09-24,0.430291758905722
2010-09-25,0.3402517889631431
2010-09-26,0.3402517889631431
2010-09-27,0.3402517889631431
2010-09-28,0.25293326782658254
2010-09-29,0.25293326782658254
2010-09-30,0.1675553012840909
2010-10-01,0.0834458732659098
2010-10-02,0.011249515486125627
2010-10-03,0.6245405898907992
2010-10-04,0.32222135286247755
2010-10-05,0.3348765129662947
2010-10-06,0.5103909483727382
2010-10-07,0.5005736626369894
2010-10-08,0.4788384772406358
2010-10-09,0.318046565243703
2010-10-10,0.2756680039777739
2010-10-11,0.2681535485213524
2010-10-12,0.23264713568867812
2010-10-13,0.1914526124184024
2010-10-14,0.13177320803033665
2010-10-15,0.13112642906634253
2010-10-16,0.1723745209409293
2010-10-17,0.2537145614922274
2010-10-18,0.25578842996912643
2010-10-19,0.10786150474567746
2010-10-20,0.15398714619932719
2010-10-21,0.11685411322613248
2010-10-22,0.21532121753781763
2010-10-23,0.9205066671353408
2010-10-24,1.7599576170451674
2010-10-25,1.766568967575476
2010-10-26,1.5073084785093824
2010-10-27,1.4499751771417229
2010-10-28,1.333412790734314
2010-10-29,1.2754756508117797
2010-10-30,1.24280514307365
2010-10-31,1.1902920340838508
2010-11-01,1.1576768774283575
2010-11-02,1.088161613586905
2010-11-03,1.0968174338863186
2010-11-04,1.0904665186729061
2010-11-05,1.0636387089556336
2010-11-06,1.0915147062641954
2010-11-07,1.361713045331124
2010-11-08,1.3468064977533465
2010-11-09,1.3229473142939063
2010-11-10,1.3795919942656196
2010-11-11,1.349761982792696
2010-11-12,1.2845177801948093
2010-11-13,1.2747866583037255
2010-11-14,1.274972332182409
2010-11-15,1.28085548429704
2010-11-16,1.197671785247503
2010-11-17,1.1540897135577288
2010-11-18,1.2747788868054273
2010-11-19,1.5764613538928915
2010-11-20,2.042082673203537
2010-11-21,2.0364876536487895
2010-11-22,1.7439103180524143
2010-11-23,1.193059522643919
2010-11-24,1.2430418215760497
2010-11-25,1.1614580391748919
2010-11-26,1.1021852069940499
2010-11-27,1.3908251999080188
2010-11-28,1.3597878831110162
2010-11-29,1.2740066308526217
2010-11-30,1.1642177361504717
2010-12-01,1.058643358121771
2010-12-02,0.9631343636761396
2010-12-03,0.9189220738063132
2010-12-04,0.9565231543801531
2010-12-05,1.0566714203812375
2010-12-06,1.0159320274737689
2010-12-07,0.6919477291983257
2010-12-08,0.8184499702099334
2010-12-09,0.8157675096154956
2010-12-10,0.7743596756349017
2010-12-11,0.6792848067114889
2010-12-12,0.6393527232841003
2010-12-13,0.5930894029580964
2010-12-14,0.8224877343917812
2010-12-15,0.7809691270674732
2010-12-16,0.8260920435180735
2010-12-17,1.1785662985143053
2010-12-18,1.296540727322423
2010-12-19,1.2390341888249141
2010-12-20,0.9980541730429068
2010-12-21,0.9561204381373195
2010-12-22,0.9161738854744509
2010-12-23,0.7774780138806079
2010-12-24,0.7522635676573337
2010-12-25,0.9459128907861318
2010-12-26,0.9551903818586508
2010-12-27,0.8494719950329687
2010-12-28,1.1012252006708083
2010-12-29,1.1316477728245278
2010-12-30,1.12307347362581
2010-12-31,1.1658036754217782
2011-01-01,1.2678702879024863
2011-01-02,1.2596386906187864
2011-01-03,1.2327264675277165
2011-01-04,1.1126752237626043
2011-01-05,1.0502081370653151
2011-01-06,1.1036096324547549
2011-01-07,1.021298705238649
2011-01-08,0.9781409985199444
2011-01-09,0.998433963019702
2011-01-10,1.0035429399849485
2011-01-11,1.063057410322609
2011-01-12,1.0485337951001417
2011-01-13,0.9158178102709561
2011-01-14,0.930355258412846
2011-01-15,0.8824373378325567
2011-01-16,0.635901988178561
2011-01-17,0.5007095186219523
2011-01-18,0.2863718933787738
2011-01-19,0.2949448421059817
2011-01-20,0.18287231609610322
2011-01-21,0.15206317027914196
2011-01-22,0.11558746499213801
2011-01-23,-0.029362646472578913
2011-01-24,-0.3933918018211431
2011-01-25,-0.4023786824916673
2011-01-26,-0.3750258650407712
2011-01-27,-0.8660476045909369
2011-01-28,-0.9379437769809804
2011-01-29,-0.7184522895576237
2011-01-30,-0.610919327710288
2011-01-31,-0.8372712443564564
2011-02-01,-1.01060170328754
2011-02-02,-1.081374182724114
2011-02-03,-0.9929676241125365
2011-02-04,-0.9563190105457062
2011-02-05,-0.9330211418221502
2011-02-06,-1.0120221600543613
2011-02-07,-1.07414409978677
2011-02-08,-1.1143125267315765
2011-02-09,-1.1148423947861188
2011-02-10,-1.2162992177920047
2011-02-11,-1.253908512026858
2011-02-12,-1.4702888036451616
2011-02-13,-1.4553108300014013
2011-02-14,-1.435365647502842
2011-02-15,-1.071387363848106
2011-02-16,-0.8158647453192279
2011-02-17,-0.28439785953741037
2011-02-18,0.10679383152331812
2011-02-19,0.12039559686537893
2011-02-20,0.112997195220093
2011-02-21,0.15191405967495308
2011-02-22,0.18886279778099002
2011-02-23,0.24206520234768014
2011-02-24,0.4517516362404681
2011-02-25,0.5918052607727693
2011-02-26,0.5763765709264896
2011-02-27,0.5467759423292822
2011-02-28,0.4295814957301989
2011-03-01,0.3330248007105896
2011-03-02,0.35605226564028847
2011-03-03,0.309813945191876
2011-03-04,0.31403393144765324
2011-03-05,0.3452870736959395
2011-03-06,0.5031452938662724
2011-03-07,0.5206708520503565
2011-03-08,0.5685693652917139
2011-03-09,0.6270015610190114
2011-03-10,0.6699742720692147
2011-03-11,0.7066274761073481
2011-03-12,0.7356527891866488
2011-03-13,0.7955522583847984
2011-03-14,0.8581525347267256
2011-03-15,1.0443253713239282
2011-03-16,1.1091863737193295
2011-03-17,0.9789920438816266
2011-03-18,1.1022380834598131
2011-03-19,1.0061368381821931
2011-03-20,0.9292190985985364
2011-03-21,1.0334433561988337
2011-03-22,1.0322732528761254
2011-03-23,1.1014189905177005
2011-03-24,1.3164861707172957
2011-03-25,1.3532928404575415
2011-03-26,1.231088606998286
2011-03-27,1.126366908071624
2011-03-28,1.1773228062615329
2011-03-29,1.2061924954940557
2011-03-30,1.2325825766988117
2011-03-31,1.2313246387472407
2011-04-01,1.216858801711023
2011-04-02,1.239999604479606
2011-04-03,1.230051422984574
2011-04-04,1.2209198518919773
2011-04-05,1.1244025209367585
2011-04-06,1.1002968681758587
2011-04-07,1.0802467983519577
2011-04-08,1.080246770344726
2011-04-09,1.081155831194899
2011-04-10,1.1100966347505183
2011-04-11,1.110184124706604
2011-04-12,1.0798688091027284
2011-04-13,1.1011496731680623
2011-04-14,1.0311019832704749
2011-04-15,1.0828565402516213
2011-04-16,1.0896815117468202
2011-04-17,0.9091020405416157
2011-04-18,0.7518705548086246
2011-04-19,0.49917057279570853
2011-04-20,0.3651825800128379
2011-04-21,0.4001075118430133
2011-04-22,0.28333806823578356
2011-04-23,-0.383740704373563
2011-04-24,-0.7307222792270422
2011-04-25,-1.3000047389595824
2011-04-26,-1.2579734295003173
2011-04-27,-1.165323814901107
2011-04-28,-1.147709834052009
2011-04-29,-1.1347196269878475
2011-04-30,-1.1195446773360513
2011-05-01,-1.0982867033423198
2011-05-02,-1.0748778695193764
2011-05-03,-1.0712276499598397
2011-05-04,-1.0416327965641585
2011-05-05,-0.9702184129334741
2011-05-06,-0.9370069541289467
2011-05-07,-0.98058030282098
2011-05-08,-1.0015320710848854
2011-05-09,-0.9175849725316042
2011-05-10,-0.8919852520374787
2011-05-11,-0.8872843492860986
2011-05-12,-0.8508640504894563
2011-05-13,-0.932973224329254
2011-05-14,0.05642322260133836
2011-05-15,0.12944686912525571
2011-05-16,0.3389656636664842
2011-05-17,0.63446446385073
2011-05-18,0.6138507672439015
2011-05-19,0.6083051829509607
2011-05-20,0.6538534804473046
2011-05-21,0.6361434980291683
2011-05-22,0.6209598093247326
2011-05-23,0.6524426813002151
2011-05-24,0.6307487524713469
2011-05-25,0.6836778026207114
2011-05-26,0.6623407277665464
2011-05-27,0.7056643633681684
2011-05-28,0.7316446658706369
2011-05-29,0.7280204638064682
2011-05-30,0.7278516879056343
2011-05-31,0.761023967153444
2011-06-01,0.8266717477886263
2011-06-02,0.8456070812614478
2011-06-03,0.8637655532386934
2011-06-04,1.1769322530493125
2011-06-05,1.6031702271460704
2011-06-06,1.6099037194442714
2011-06-07,1.5964118478936624
2011-06-08,1.6233684080756166
2011-06-09,1.6468077325369066
2011-06-10,1.6601761773108399
2011-06-11,1.6936671266404435
2011-06-12,1.731970306244882
2011-06-13,1.4464128042933493
2011-06-14,1.5975012132452784
2011-06-15,1.5905841483168712
2011-06-16,1.411064177042837
2011-06-17,1.4511135533425337
2011-06-18,1.5248835911083138
2011-06-19,1.5443935231552137
2011-06-20,1.6252947127203186
2011-06-21,1.6320312867288136
2011-06-22,1.6189531956577694
2011-06-23,1.7167280923962824
2011-06-24,1.815625671986289
2011-06-25,1.9445582201931155
2011-06-26,1.947715897753495
2011-06-27,2.0686753548600048
2011-06-28,2.4570001483552515
2011-06-29,2.515523244132045
2011-06-30,2.6036475842769344
2011-07-01,2.5438711342455367
2011-07-02,2.5387232964325968
2011-07-03,2.4287214234483416
2011-07-04,2.215181011280984
2011-07-05,1.3359815597917013
2011-07-06,1.407730517616005
2011-07-07,1.460128863224647
2011-07-08,1.4997620623468095
2011-07-09,1.5105568664868596
2011-07-10,1.484780375523333
2011-07-11,1.442521393261245
2011-07-12,1.4442475884319186
2011-07-13,1.424722231852856
2011-07-14,1.4487110678531274
2011-07-15,1.6313332903097864
2011-07-16,1.740543780328042
2011-07-17,1.7992240285006165
2011-07-18,1.7992240285006165
2011-07-19,1.7992240285006165
2011-07-20,1.8218706571758956
2011-07-21,1.8324561365770085
2011-07-22,1.8869065855331282
2011-07-23,1.8869065855331282
2011-07-24,1.9179842849956263
2011-07-25,1.849410544350335
2011-07-26,1.9103293445073757
2011-07-27,1.912824915417196
2011-07-28,0.9158897490174255
2011-07-29,0.8414567173547837
2011-07-30,0.9673631298759848
2011-07-31,0.9673631298759848
2011-08-01,0.9673631298759848
2011-08-02,0.9673631298759848
2011-08-03,0.9673631298759848
2011-08-04,0.9673631298759848
2011-08-05,0.9673631298759848
2011-08-06,0.9673631298759848
2011-08-07,0.9673631298759848
2011-08-08,0.9673631298759848
2011-08-09,0.9673631298759848
2011-08-10,0.9673631298759848
2011-08-11,0.9673631298759848
2011-08-12,0.8414567173547837
2011-08-13,0.8414567173547837
2011-08-14,1.110828095252784
2011-08-15,1.110828095252784
2011-08-16,1.110828095252784
2011-08-17,1.110828095252784
2011-08-18,1.110828095252784
2011-08-19,0.9673631298759848
2011-08-20,0.9673631298759848
2011-08-21,1.110828095252784
2011-08-22,1.110828095252784
2011-08-23,1.110828095252784
2011-08-24,1.110828095252784
2011-08-25,1.110828095252784
2011-08-26,1.110828095252784
2011-08-27,1.110828095252784
2011-08-28,1.110828095252784
2011-08-29,1.110828095252784
2011-08-30,1.110828095252784
2011-08-31,1.110828095252784
2011-09-01,0.9673631298759848
2011-09-02,0.9673631298759848
2011-09-03,0.9673631298759848
2011-09-04,0.9673631298759848
2011-09-05,0.9673631298759848
2011-09-06,0.9673631298759848
2011-09-07,0.9673631298759848
2011-09-08,0.8414567173547837
2011-09-09,0.8414567173547837
2011-09-10,0.8414567173547837
2011-09-11,0.8414567173547837
2011-09-12,0.9673631298759848
2011-09-13,0.8414567173547837
2011-09-14,0.8414567173547837
2011-09-15,0.8414567173547837
2011-09-16,0.7276544443952623
2011-09-17,0.7276544443952623
2011-09-18,0.8414567173547837
2011-09-19,0.7276544443952623
2011-09-20,0.5240018703826799
2011-09-21,0.430291758905722
2011-09-22,0.430291758905722
2011-09-23,0.430291758905722
2011-09-24,0.430291758905722
2011-09-25,0.3402517889631431
2011-09-26,0.3402517889631431
2011-09-27,0.3402517889631431
2011-09-28,0.25293326782658254
2011-09-29,0.25293326782658254
2011-09-30,0.1675553012840909
2011-10-01,0.0834458732659098
2011-10-02,-0.0834458732659098
2011-10-03,-0.1675553012840909
2011-10-04,2.596168187957825
2011-10-05,2.94986883323689
2011-10-06,3.0221142275887276
2011-10-07,3.0211090068881963
2011-10-08,2.950649256895578
2011-10-09,2.698583189043905
2011-10-10,2.331528974619599
2011-10-11,2.1280028730449585
2011-10-12,2.048479783451711
2011-10-13,1.7285364176361402
2011-10-14,1.7542395874166994
2011-10-15,1.7099172527622406
2011-10-16,1.5315367059704017
2011-10-17,1.5110526156619175
2011-10-18,1.4915127279394729
2011-10-19,1.493681359519159
2011-10-20,1.4502545522990493
2011-10-21,1.4577237665170262
2011-10-22,1.4453760281323154
2011-10-23,1.3867878937741915
2011-10-24,1.2296684746376798
2011-10-25,1.1873120450643384
2011-10-26,1.0044149670276
2011-10-27,0.9742929284760593
2011-10-28,0.8903677672952887
2011-10-29,0.8320464425101561
2011-10-30,0.7588520638064925
2011-10-31,0.7090888348807313
2011-11-01,0.6858443892607088
2011-11-02,0.7005012776356747
2011-11-03,0.04945379527274363
2011-11-04,-0.1670004454188463
2011-11-05,-0.05634660586294582
2011-11-06,-0.0525411621258105
2011-11-07,-0.21747693208246854
2011-11-08,-0.2893149461853426
2011-11-09,-0.4579324302181642
2011-11-10,-0.6352190690789015
2011-11-11,-0.5515231842230277
2011-11-12,-0.4650128261684441
2011-11-13,-0.5122979152241101
2011-11-14,-0.5034744863907101
2011-11-15,-0.5237568761459777
2011-11-16,-0.567115556858123
2011-11-17,-0.6909070587433158
2011-11-18,-0.7522276331781235
2011-11-19,-0.6132414920793925
2011-11-20,-0.6745997967617764
2011-11-21,-0.7285120882625382
2011-11-22,-0.7573002354545004
2011-11-23,-0.782374553121226
2011-11-24,-0.7766298257535034
2011-11-25,-0.4668757102652037
2011-11-26,-0.5815882727503272
2011-11-27,-0.6527873896158404
2011-11-28,-0.6623696372339385
2011-11-29,-0.6382538643150962
2011-11-30,-0.6234884009940842
2011-12-01,-0.6744529517983566
2011-12-02,-0.7127804056857252
2011-12-03,-0.6956599300632289
2011-12-04,-0.7407849227196751
2011-12-05,-1.0701084068564877
2011-12-06,-1.2531368189516776
2011-12-07,-1.3467066472376532
2011-12-08,-1.2810997103613873
2011-12-09,-1.2897511506797035
2011-12-10,-1.4182722586265166
2011-12-11,-1.7314962102898879
2011-12-12,-1.78365713484683
2011-12-13,-1.8797188518938697
2011-12-14,-2.0351136895170088
2011-12-15,-1.8815618288255995
2011-12-16,-1.8282757212467098
2011-12-17,-1.8663123139368305
2011-12-18,-2.0521326894394862
2011-12-19,-2.496223672376493
2011-12-20,-2.6819195117965293
2011-12-21,-2.7442892384327324
2011-12-22,-2.7349106380193087
2011-12-23,-2.726373374541219
2011-12-24,-2.817353730404622
2011-12-25,-2.788971375035095
2011-12-26,-2.62485208195019
2011-12-27,-2.609180923077231
2011-12-28,-2.6358470635709805
2011-12-29,-2.5952336822879176
2011-12-30,-2.4999936318897236
2011-12-31,-2.478699867912631
2012-01-01,-2.329740221830252
2012-01-02,-2.249500672746953
2012-01-03,-2.3455570101852357
2012-01-04,-2.3943342610227027
2012-01-05,-2.143117759985021
2012-01-06,-1.7675443974192064
2012-01-07,-1.766282726645242
2012-01-08,-1.755432877266263
2012-01-09,-1.767381435984468
2012-01-10,-1.7444817760503617
2012-01-11,-1.7749941100030782
2012-01-12,-1.770380215671254
2012-01-13,-1.7526223358613835
2012-01-14,-1.5013851891566723
2012-01-15,-1.5013851891566723
2012-01-16,-1.5013851891566723
2012-01-17,-1.5013851891566723
2012-01-18,-1.5013851891566723
2012-01-19,-1.660350995218855
2012-01-20,-0.5510360868358726
2012-01-21,-0.47857526010846985
2012-01-22,-0.334935628671408
2012-01-23,-0.31622840831097054
2012-01-24,-0.32876807945216124
2012-01-25,-0.33919630515058974
2012-01-26,-0.31485251367741784
2012-01-27,-0.27203276864918946
2012-01-28,-0.23434833528703725
2012-01-29,-0.19504690217954712
2012-01-30,-0.19710416662411334
2012-01-31,-0.12218998767288447
2012-02-01,-0.05150580961132367
2012-02-02,-0.09278771370510897
2012-02-03,-0.045307374773384534
2012-02-04,-0.02209495967923436
2012-02-05,-0.0010287531123787108
2012-02-06,-0.00978246427910956
2012-02-07,-0.0388459953924285
2012-02-08,-0.06604140525298674
2012-02-09,-0.06738177974736437
2012-02-10,-0.10313441873205043
2012-02-11,-0.11227857230542582
2012-02-12,-0.057611966828245986
2012-02-13,0.054775054059155615
2012-02-14,0.060760357477866345
2012-02-15,0.04821896792472047
2012-02-16,0.03263899264441039
2012-02-17,0.030863190628386716
2012-02-18,-0.019721261838450133
2012-02-19,-0.7483702314861191
2012-02-20,-0.792671230838029
2012-02-21,-0.9780068427745706
2012-02-22,-1.3879902547632295
2012-02-23,-1.253705850461321
2012-02-24,-1.078386776392525
2012-02-25,-1.0208832567599178
2012-02-26,-1.1680976237008969
2012-02-27,-1.20569780552461
2012-02-28,-1.174780399214662
2012-03-01,-1.1508475989570075
2012-03-02,-1.1768525580388411
2012-03-03,-1.2385933489607743
2012-03-04,-1.2870256110270017
2012-03-05,-1.3479454177735253
2012-03-06,-1.391375684367631
2012-03-07,-1.33826507004053
2012-03-08,-1.3229298765362052
2012-03-09,-1.2885488000716625
2012-03-10,-1.1555404369598934
2012-03-11,-1.177848530769841
2012-03-12,-1.1414234491527662
2012-03-13,-0.7807749841802153
2012-03-14,-0.765184212894191
2012-03-15,-0.9491029326443554
2012-03-16,-0.17015383840627996
2012-03-17,0.13386361630117016
2012-03-18,0.21600314710305457
2012-03-19,0.2516868929523224
2012-03-20,0.24426010534738762
2012-03-21,0.283599795928134
2012-03-22,0.2837857479744679
2012-03-23,0.2821577413501739
2012-03-24,0.3666351553179006
2012-03-25,0.4177540980080785
2012-03-26,0.4409563474436291
2012-03-27,0.5588234417443363
2012-03-28,0.6053520793984974
2012-03-29,0.632445250606793
2012-03-30,0.6247723346935987
2012-03-31,0.770208157759725
2012-04-01,0.7944575594385533
2012-04-02,0.8298509770695015
2012-04-03,0.8397323578703609
2012-04-04,0.871741198312597
2012-04-05,0.879074756023852
2012-04-06,0.8539987061553588
2012-04-07,0.8220298210334691
2012-04-08,0.8131397062516252
2012-04-09,0.8151341214016266
2012-04-10,0.9090962901994406
2012-04-11,1.0460705279941476
2012-04-12,1.1529599090152505
2012-04-13,1.1905951775164307
2012-04-14,1.1853538266028631
2012-04-15,0.9348719710681704
2012-04-16,0.776355850684048
2012-04-17,0.7464919851857439
2012-04-18,0.7797212714801672
2012-04-19,0.8509100737442791
2012-04-20,0.8668277399872919
2012-04-21,0.9348161968697575
2012-04-22,0.9987231395567839
2012-04-23,1.0033650675643158
2012-04-24,0.984064400605805
2012-04-25,1.13161005770686
2012-04-26,1.0516680701748835
2012-04-27,1.017117564853367
2012-04-28,1.0316395914405843
2012-04-29,1.0676552110849347
2012-04-30,0.9241618463542716
2012-05-01,0.9330203845944434
2012-05-02,0.9518915020550552
2012-05-03,0.9864687758687288
2012-05-04,1.0628072298598172
2012-05-05,1.117053540987051
2012-05-06,1.162469024302458
2012-05-07,1.2468043840728056
2012-05-08,1.318236205624347
2012-05-09,1.3617560845592125
2012-05-10,1.2381540660587538
2012-05-11,0.9912490019966332
2012-05-12,0.4390889147180983
2012-05-13,-0.11361017214257596
2012-05-14,-0.1324956437733793
2012-05-15,-0.1996547161900446
2012-05-16,-0.1017709972300136
2012-05-17,-0.06762501461937753
2012-05-18,-0.0383222985820717
2012-05-19,-0.015160536189391838
2012-05-20,0.03479798767758746
2012-05-21,0.044170284659207804
2012-05-22,0.02321151050690884
2012-05-23,0.041853417311804364
2012-05-24,-0.06203852615761685
2012-05-25,-0.7487554176231336
2012-05-26,-0.9776890857165995
2012-05-27,-0.9849206985838216
2012-05-28,-1.0059205400333309
2012-05-29,-1.0007432819358484
2012-05-30,-1.0279590639184453
2012-05-31,-1.0201364898480025
2012-06-01,-0.89826869881275
2012-06-02,-0.7613456295934655
2012-06-03,-0.7703342552495632
2012-06-04,-0.20445152917158205
2012-06-05,-0.14831005254123641
2012-06-06,-0.13576217134943525
2012-06-07,-0.10811855366541989
2012-06-08,-0.10184636630280108
2012-06-09,-0.09127890328208754
2012-06-10,-0.09075778012553437
2012-06-11,-0.08885861131338046
2012-06-12,-0.06862640005310583
2012-06-13,-0.008308035941017478
2012-06-14,0.03643351230559233
2012-06-15,0.11097111623268852
2012-06-16,0.13946889421637199
2012-06-17,0.22230097988809638
2012-06-18,0.26683878735138844
2012-06-19,0.30603813897460386
2012-06-20,0.4418434951291621
2012-06-21,0.4792148408463883
2012-06-22,0.5061872768519116
2012-06-23,0.5871581703782538
2012-06-24,0.45922742731585364
2012-06-25,0.5093133973586526
2012-06-26,0.5341614917694202
2012-06-27,0.62357313130938
2012-06-28,0.5688459207711345
2012-06-29,0.5491595731576373
2012-06-30,0.6154298708902333
2012-07-01,0.6238043354791982
2012-07-02,0.6283297998566917
2012-07-03,0.6704587166634887
2012-07-04,-0.3402517889631431
2012-07-05,-0.25293326782658254
2012-07-06,-0.25293326782658254
2012-07-07,-0.25293326782658254
2012-07-08,-0.0834458732659098
2012-07-09,-0.0834458732659098
2012-07-10,0.0834458732659098
2012-07-11,0.25293326782658254
2012-07-12,0.25293326782658254
2012-07-13,0.3402517889631431
2012-07-14,0.3402517889631431
2012-07-15,0.3402517889631431
2012-07-16,0.3402517889631431
2012-07-17,0.3402517889631431
2012-07-18,0.3402517889631431
2012-07-19,0.3402517889631431
2012-07-20,0.3402517889631431
2012-07-21,0.430291758905722
2012-07-22,0.4607560193191811
2012-07-23,0.4607560193191811
2012-07-24,0.5846234049992702
2012-07-25,0.7728848773684684
2012-07-26,0.9717602267764136
2012-07-27,0.9718146902546311
2012-07-28,0.9158897490174255
2012-07-29,1.001669224339925
2012-07-30,1.1006632294472989
2012-07-31,1.1238199502144979
2012-08-01,1.0934736595920316
2012-08-02,1.0802763083519973
2012-08-03,1.0802763083519973
2012-08-04,1.0802763083519973
2012-08-05,1.0802763083519973
2012-08-06,1.0745076247628944
2012-08-07,1.0745076247628944
2012-08-08,1.0745076247628944
2012-08-09,1.0745076247628944
2012-08-10,1.0834507948276313
2012-08-11,1.0887599963501977
2012-08-12,1.0245293254019154
2012-08-13,0.9978337558105548
2012-08-14,1.183709742234851
2012-08-15,1.183709742234851
2012-08-16,1.183709742234851
2012-08-17,1.183709742234851
2012-08-18,1.183709742234851
2012-08-19,1.0741843706399279
2012-08-20,1.0741843706399279
2012-08-21,1.110828095252784
2012-08-22,1.110828095252784
2012-08-23,1.110828095252784
2012-08-24,1.110828095252784
2012-08-25,1.110828095252784
2012-08-26,1.110828095252784
2012-08-27,1.110828095252784
2012-08-28,1.110828095252784
2012-08-29,1.110828095252784
2012-08-30,1.110828095252784
2012-08-31,1.110828095252784
2012-09-01,0.9673631298759848
2012-09-02,0.9673631298759848
2012-09-03,0.9673631298759848
2012-09-04,0.9673631298759848
2012-09-05,1.0417882951671258
2012-09-06,1.0417882951671258
2012-09-07,1.0417882951671258
2012-09-08,1.0326971341758036
2012-09-09,1.0326971341758036
2012-09-10,1.0326971341758036
2012-09-11,1.0482928225314414
2012-09-12,1.182606599953107
2012-09-13,1.0241812079306098
2012-09-14,1.0205781669021916
2012-09-15,1.0205781669021916
2012-09-16,0.8834060641201865
2012-09-17,0.8834060641201865
2012-09-18,0.9813423261129928
2012-09-19,0.8631692905527222
2012-09-20,0.705351991383168
2012-09-21,0.5909023637386832
2012-09-22,0.5489893340511345
2012-09-23,0.5544633947064133
2012-09-24,0.5082857594999579
2012-09-25,0.4086890880556504
2012-09-26,0.4086890880556504
2012-09-27,0.4087910906007559
2012-09-28,0.29944640194331673
2012-09-29,0.29944640194331673
2012-09-30,0.2173702525055634
2012-10-01,0.22437604493902708
2012-10-02,-0.047715000752169834
2012-10-03,-0.16244731965935766
2012-10-04,-0.2354461436629529
2012-10-05,-0.1675553012840909
2012-10-06,-0.1675553012840909
2012-10-07,-0.1675553012840909
2012-10-08,-0.1675553012840909
2012-10-09,-0.25293326782658254
2012-10-10,-0.25293326782658254
2012-10-11,-0.25293326782658254
2012-10-12,-0.25293326782658254
2012-10-13,-0.25293326782658254
2012-10-14,-0.3402517889631431
2012-10-15,-0.43029175890572224
2012-10-16,-0.43029175890572224
2012-10-17,-0.43029175890572224
2012-10-18,-0.43029175890572224
2012-10-19,-0.5240018703826799
2012-10-20,-0.6225875482329679
2012-10-21,-0.37204574101581245
2012-10-22,0.35761200109958113
2012-10-23,0.371738412674983
2012-10-24,0.3535170965408574
2012-10-25,0.2423707973995195
2012-10-26,0.18499728644083957
2012-10-27,0.18437566317109066
2012-10-28,0.15406504918049135
2012-10-29,0.1335865122435138
2012-10-30,0.03262349002804976
2012-10-31,0.06405472810902157
2012-11-01,0.06846356251572727
2012-11-02,0.10089843047655189
2012-11-03,0.12699702429851412
2012-11-04,0.158564727899412
2012-11-05,0.16636296426178165
2012-11-06,0.1738398278213671
2012-11-07,0.02982397332092046
2012-11-08,0.19243646872636
2012-11-09,0.25681039068859124
2012-11-10,0.1319167609415035
2012-11-11,0.05682640327163324
2012-11-12,0.11111378870309108
2012-11-13,0.06812581895697667
2012-11-14,0.07575372865469321
2012-11-15,0.06008574671699107
2012-11-16,0.2230934287825299
2012-11-17,0.5422274490340804
2012-11-18,0.5501360419435108
2012-11-19,0.4788043853052595
2012-11-20,0.4467921998462041
2012-11-21,0.12665679252679962
2012-11-22,0.060984503111768396
2012-11-23,0.04293139498753118
2012-11-24,0.05662893538327851
2012-11-25,0.2584511311033326
2012-11-26,0.16809147742689556
2012-11-27,0.1569735525809799
2012-11-28,0.4827605997861184
2012-11-29,0.6881874805129233
2012-11-30,1.353241714212785
2012-12-01,1.4305626973193393
2012-12-02,1.8739959732704419
2012-12-03,1.784768189362254
2012-12-04,1.763019082052844
2012-12-05,1.8036788344649206
2012-12-06,1.842248087397139
2012-12-07,1.830628582843214
2012-12-08,1.7173449592251986
2012-12-09,1.6695350284957837
2012-12-10,1.6614881063605638
2012-12-11,1.5922093966463333
2012-12-12,1.6183173934063637
2012-12-13,1.5899222675412292
2012-12-14,1.5825436271288784
2012-12-15,1.5414626776477092
2012-12-16,1.4173517213872122
2012-12-17,1.3268258791790144
2012-12-18,1.2746020359972103
2012-12-19,1.2227236466454616
2012-12-20,1.1333857756874273
2012-12-21,1.0949557430427515
2012-12-22,1.2793997963639794
2012-12-23,1.406309628948922
2012-12-24,1.3774122321160247
2012-12-25,1.4524821681875633
2012-12-26,1.4723623992508266
2012-12-27,1.4765071981360203
2012-12-28,1.3468333550927594
2012-12-29,1.2527131484215475
2012-12-30,0.8887454040544853
2012-12-31,0.7921113646746155
2013-01-01,0.34080985817380127
2013-01-02,0.3076816376056073
2013-01-03,0.25456755391517305
2013-01-04,0.057866450766714594
2013-01-05,0.3083143723162325
2013-01-06,0.35427267110137906
2013-01-07,0.34056743143199686
2013-01-08,0.32496776782918935
2013-01-09,0.3301660247092797
2013-01-10,0.3149390700083403
2013-01-11,0.2528843510247971
2013-01-12,0.2484198464836047
2013-01-13,0.2934058660656247
2013-01-14,0.2658543666469715
2013-01-15,0.2528422402128361
2013-01-16,0.15331664417946067
2013-01-17,0.15039803738306468
2013-01-18,0.1480535739601938
2013-01-19,0.18569662734268477
2013-01-20,0.0764261276832281
2013-01-21,-0.2366475808340871
2013-01-22,-0.5277164681230462
2013-01-23,-0.7344374722975134
2013-01-24,-0.9339291463536086
2013-01-25,-0.9668607725635057
2013-01-26,-0.9192931424754696
2013-01-27,-0.8685448784754447
2013-01-28,-0.8291583661595868
2013-01-29,-0.8182860694595662
2013-01-30,-0.8241433663771679
2013-01-31,-0.7255086714991515
2013-02-01,-0.640443313764928
2013-02-02,-0.7026409940968994
2013-02-03,-0.6265535911868292
2013-02-04,-1.1057896584579383
2013-02-05,-1.3793790035834201
2013-02-06,-1.5801228158806033
2013-02-07,-1.6124104092109373
2013-02-08,-1.6686725042354071
2013-02-09,-1.6688294413530027
2013-02-10,-1.740825810239977
2013-02-11,-1.791384157439487
2013-02-12,-1.9999851473054568
2013-02-13,-1.977843049869512
2013-02-14,-1.9856611721447028
2013-02-15,-2.0433937147689467
2013-02-16,-2.1039412435820184
2013-02-17,-2.150373536155276
2013-02-18,-2.1900648630761275
2013-02-19,-1.6327857110115156
2013-02-20,-1.571147564467104
2013-02-21,-1.4777674831144978
2013-02-22,-1.4793912171429273
2013-02-23,-1.6483273449537215
2013-02-24,-1.4547093868781407
2013-02-25,-1.3217227056724676
2013-02-26,-1.4651671436091522
2013-02-27,-1.4964535823726897
2013-02-28,-1.5229336605098638
2013-03-01,-1.5669163030167486
2013-03-02,-1.5837962036373097
2013-03-03,-1.5486225458034077
2013-03-04,-1.5906907058665833
2013-03-05,-1.5265494227543974
2013-03-06,-1.4941181092937352
2013-03-07,-1.4786599925362656
2013-03-08,-1.4511116664224653
2013-03-09,-1.4290711801205584
2013-03-10,-1.2889218923666097
2013-03-11,-1.3153103544139793
2013-03-12,-1.3068207425590448
2013-03-13,-1.3938946058298374
2013-03-14,-1.5814834262405584
2013-03-15,-1.6967832548912614
2013-03-16,-1.81312466035095
2013-03-17,-1.7757413003359355
2013-03-18,-1.7150280687490098
2013-03-19,-1.432841294220125
2013-03-20,-1.3655940383499536
2013-03-21,-1.6858474897805158
2013-03-22,-1.6026071852037087
2013-03-23,-1.520601265542886
2013-03-24,-1.416127336523918
2013-03-25,-1.3198480435881788
2013-03-26,-1.0956214019563073
2013-03-27,-1.0600730429549254
2013-03-28,-1.0863041690098663
2013-03-29,-1.0619158232310906
2013-03-30,-0.3302701333452085
2013-03-31,-0.1544899248747078
2013-04-01,-0.12441847085964763
2013-04-02,-0.10666593952378922
2013-04-03,-0.03616685567044908
2013-04-04,0.06188829957012265
2013-04-05,0.030749481417703395
2013-04-06,0.013046175438178098
2013-04-07,0.08328671765628348
2013-04-08,0.06376286463412661
2013-04-09,0.057764267369653455
2013-04-10,0.07623998380270769
2013-04-11,0.07465239975576621
2013-04-12,0.08126290597582986
2013-04-13,0.09116466934182732
2013-04-14,0.10747487262196254
2013-04-15,0.09675844524575905
2013-04-16,0.07908077373456424
2013-04-17,0.03657775077343284
2013-04-18,-0.019181730647023887
2013-04-19,0.007000234368746527
2013-04-20,0.017412219283530206
2013-04-21,0.0863355934503316
2013-04-22,0.1381422895061708
2013-04-23,0.2057669789218124
2013-04-24,0.25586738115695984
2013-04-25,0.27603293866474177
2013-04-26,0.3052878358019637
2013-04-27,0.32595146287833
2013-04-28,0.3410321085052981
2013-04-29,-0.28924448534221825
2013-04-30,-0.5177764233087372
2013-05-01,-0.5147020363129549
2013-05-02,-0.4930667026947566
2013-05-03,-0.6281970500807026
2013-05-04,-1.0315589251845356
2013-05-05,-0.9602601278642121
2013-05-06,-0.6653666619551172
2013-05-07,-1.1405211939283975
2013-05-08,-1.1443648770713923
2013-05-09,-1.0415201005063155
2013-05-10,-1.015342915275785
2013-05-11,-1.013817093900343
2013-05-12,-0.9813607837609106
2013-05-13,-0.9611525650988035
2013-05-14,-1.0017458378894122
2013-05-15,-1.0985191084817778
2013-05-16,-0.8449592778947759
2013-05-17,-0.8588030541309234
2013-05-18,-0.7786548640957819
2013-05-19,-0.7240893056498067
2013-05-20,-0.6883724333215516
2013-05-21,-0.6432187498548511
2013-05-22,-0.6190774726961454
2013-05-23,-0.6648328578515175
2013-05-24,-0.8772752001935309
2013-05-25,-0.8211079771984569
2013-05-26,-0.7839319447702329
2013-05-27,-0.710999790303784
2013-05-28,-0.7317304959131373
2013-05-29,-0.727603927544137
2013-05-30,-0.7519577071973719
2013-05-31,-0.7404522022400641
2013-06-01,-0.6510118734578113
2013-06-02,-0.539995794331672
2013-06-03,-0.5480957879324957
2013-06-04,-0.6040444737898987
2013-06-05,-0.8840093672810178
2013-06-06,-0.889431995817439
2013-06-07,-0.7907897150349507
2013-06-08,-0.7913319068047061
2013-06-09,-0.7882217102657578
2013-06-10,-0.7903157796768423
2013-06-11,-0.7950754772134693
2013-06-12,-0.7880190604450202
2013-06-13,-0.7437772375772869
2013-06-14,-0.7658082699543423
2013-06-15,-0.952845174783272
2013-06-16,-0.9482488571359554
2013-06-17,-0.9049181879844611
2013-06-18,-0.8083206110727591
2013-06-19,-0.7821113664070876
2013-06-20,-0.615762578103145
2013-06-21,-0.5209406512227328
2013-06-22,-0.488244827508177
2013-06-23,-0.39511777447699714
2013-06-24,0.2915254888569696
2013-06-25,0.3711418687773591
2013-06-26,0.3546783478744113
2013-06-27,0.43070124247115116
2013-06-28,0.37359350230726873
2013-06-29,0.34892334698074445
2013-06-30,0.41179367602677863
2013-07-01,0.4214846984225711
2013-07-02,0.4268346244050576
2013-07-03,0.48458300973945856
2013-07-04,0.5678613357430611
2013-07-05,0.6810134520009535
2013-07-06,0.7513503540722268
2013-07-07,0.8110290725390193
2013-07-08,0.8720654597260599
2013-07-09,0.9038872352253299
2013-07-10,0.9300123124675695
2013-07-11,0.9126231034149299
2013-07-12,0.9152148708568806
2013-07-13,0.9294773495127219
2013-07-14,0.9396959862606222
2013-07-15,0.9923753566331717
2013-07-16,1.074833360916116
2013-07-17,1.119472935065337
2013-07-18,1.119472935065337
2013-07-19,1.119472935065337
2013-07-20,1.1315690925521857
2013-07-21,1.1340984685563165
2013-07-22,1.1710538499087677
2013-07-23,1.1710538499087677
2013-07-24,0.5596130591632884
2013-07-25,0.6225875482329675
2013-07-26,0.8414567173547837
2013-07-27,0.8414567173547837
2013-07-28,0.7276544443952623
2013-07-29,0.8414567173547837
2013-07-30,0.9673631298759848
2013-07-31,0.9673631298759848
2013-08-01,0.9673631298759848
2013-08-02,0.9673631298759848
2013-08-03,0.9673631298759848
2013-08-04,0.9673631298759848
2013-08-05,0.9673631298759848
2013-08-06,0.9673631298759848
2013-08-07,0.9673631298759848
2013-08-08,0.9673631298759848
2013-08-09,0.9673631298759848
2013-08-10,0.9673631298759848
2013-08-11,0.9673631298759848
2013-08-12,0.8414567173547837
2013-08-13,0.8414567173547837
2013-08-14,1.110828095252784
2013-08-15,1.110828095252784
2013-08-16,1.110828095252784
2013-08-17,1.110828095252784
2013-08-18,1.110828095252784
2013-08-19,0.9673631298759848
2013-08-20,0.9673631298759848
2013-08-21,1.110828095252784
2013-08-22,1.110828095252784
2013-08-23,1.110828095252784
2013-08-24,1.110828095252784
2013-08-25,1.110828095252784
2013-08-26,1.110828095252784
2013-08-27,1.110828095252784
2013-08-28,1.110828095252784
2013-08-29,1.110828095252784
2013-08-30,1.110828095252784
2013-08-31,1.110828095252784
2013-09-01,0.9673631298759848
2013-09-02,0.9673631298759848
2013-09-03,0.9673631298759848
2013-09-04,0.9673631298759848
2013-09-05,0.9673631298759848
2013-09-06,0.9673631298759848
2013-09-07,0.9673631298759848
2013-09-08,0.8414567173547837
2013-09-09,0.8414567173547837
2013-09-10,0.8414567173547837
2013-09-11,0.8414567173547837
2013-09-12,0.9673631298759848
2013-09-13,0.8414567173547837
2013-09-14,0.8414567173547837
2013-09-15,0.8414567173547837
2013-09-16,0.7276544443952623
2013-09-17,0.7276544443952623
2013-09-18,0.8414567173547837
2013-09-19,0.7276544443952623
2013-09-20,0.5240018703826799
2013-09-21,2.0594646734907567
2013-09-22,2.0075899957102945
2013-09-23,2.0017623272156966
2013-09-24,1.977887601213895
2013-09-25,1.8896001885016007
2013-09-26,1.8896001885016007
2013-09-27,1.8824271430546193
2013-09-28,1.9319536474403811
2013-09-29,1.9319536474403811
2013-09-30,1.970073556627554
2013-10-01,1.8603144675844123
2013-10-02,2.086030649066873
2013-10-03,1.8722235462418984
2013-10-04,1.0903915103698802
2013-10-05,0.9449654556938739
2013-10-06,0.8792148622462699
2013-10-07,0.8696235802341958
2013-10-08,0.8388167102336859
2013-10-09,0.6586471594813077
2013-10-10,0.5453759363539281
2013-10-11,0.5135194947785997
2013-10-12,0.4688884603571959
2013-10-13,0.3908705623192763
2013-10-14,0.34513110581613304
2013-10-15,0.34871882016157474
2013-10-16,0.3655003775808954
2013-10-17,0.313067117194332
2013-10-18,0.3142861609676384
2013-10-19,0.17171079122449995
2013-10-20,0.217164161358691
2013-10-21,-0.6225875482329679
2013-10-22,-0.6225875482329679
2013-10-23,-0.6225875482329679
2013-10-24,-0.6225875482329679
2013-10-25,-0.6225875482329679
2013-10-26,-0.6225875482329679
2013-10-27,-0.7276544443952623
2013-10-28,-0.7276544443952623
2013-10-29,-0.8414567173547837
2013-10-30,-0.8414567173547837
2013-10-31,-0.8414567173547837
2013-11-01,-0.8414567173547837
2013-11-02,-0.9673631298759848
2013-11-03,-0.8414567173547837
2013-11-04,-0.8414567173547837
2013-11-05,-0.8414567173547837
2013-11-06,-0.9673631298759848
2013-11-07,-0.9673631298759848
2013-11-08,-0.9673631298759848
2013-11-09,-0.9673631298759848
2013-11-10,-0.9673631298759848
2013-11-11,-0.9673631298759848
2013-11-12,-0.9673631298759848
2013-11-13,-0.9673631298759848
2013-11-14,-0.9673631298759848
2013-11-15,-0.9673631298759848
2013-11-16,-0.9673631298759848
2013-11-17,-1.110828095252784
2013-11-18,-0.9673631298759848
2013-11-19,-0.7463757319913394
2013-11-20,-0.009746105774753655
2013-11-21,-0.030188863394911003
2013-11-22,-0.06274646540036866
2013-11-23,-0.06790706903798172
2013-11-24,-0.05767752475315158
2013-11-25,0.1673467062539309
2013-11-26,0.07551024415585927
2013-11-27,0.056974662487485395
2013-11-28,0.05332970359252265
2013-11-29,0.04632296486672183
2013-11-30,0.0173551919133339
2013-12-01,-0.0519156139208794
2013-12-02,-0.08556579293039213
2013-12-03,-0.07858881156374675
2013-12-04,-0.09851160655074986
2013-12-05,-0.11193839933610295
2013-12-06,0.08925121502183764
2013-12-07,0.04152835219817752
2013-12-08,0.0635004825354113
2013-12-09,0.04938306792850655
2013-12-10,-0.02262135378310348
2013-12-11,-0.10533795216671593
2013-12-12,-0.14830376277248147
2013-12-13,-0.20969394881056314
2013-12-14,-0.31172521142584886
2013-12-15,-0.3317572224931864
2013-12-16,-0.32585448980915244
2013-12-17,-0.34080422215649864
2013-12-18,-0.3995054266153819
2013-12-19,-0.7627267562763551
2013-12-20,-1.6019413865825527
2013-12-21,-1.6642315566672958
2013-12-22,-1.6652992332120606
2013-12-23,-1.6607944523124303
2013-12-24,-1.6745388207170082
2013-12-25,-1.6667000318473493
2013-12-26,-1.5467269864341464
2013-12-27,-1.5344799717144997
2013-12-28,-1.5624746713626099
2013-12-29,-1.5372955394918022
2013-12-30,-1.4714436735958267
2013-12-31,-1.4489322317851197
2014-01-01,-1.3890760591888869
2014-01-02,-1.3461071591976315
2014-01-03,-1.4150820877390133
2014-01-04,-1.4582938325210875
2014-01-05,-2.896073502862027
2014-01-06,-1.8343248635084133
2014-01-07,-1.8343248635084133
2014-01-08,-1.8343248635084133
2014-01-09,-1.8343248635084133
2014-01-10,-1.8343248635084133
2014-01-11,-1.8343248635084133
2014-01-12,-1.8343248635084133
2014-01-13,-1.8343248635084133
2014-01-14,-1.5013851891566723
2014-01-15,-1.5013851891566723
2014-01-16,-1.5013851891566723
2014-01-17,-1.5013851891566723
2014-01-18,-1.5013851891566723
2014-01-19,-1.8343248635084133
2014-01-20,-1.8343248635084133
2014-01-21,-1.8343248635084133
2014-01-22,-1.8343248635084133
2014-01-23,-1.5013851891566723
2014-01-24,-1.5013851891566723
2014-01-25,-1.5013851891566723
2014-01-26,-1.5013851891566723
2014-01-27,-1.5013851891566723
2014-01-28,-1.5013851891566723
2014-01-29,-1.5448398347666146
2014-01-30,-1.4642314816601583
2014-01-31,-1.3676687725207763
2014-02-01,-1.2836288660472142
2014-02-02,-1.30609938171981
2014-02-03,-1.2161133965002926
2014-02-04,-1.178857300390069
2014-02-05,-1.0315154922406642
2014-02-06,-1.007730678984831
2014-02-07,-0.628321790875018
2014-02-08,-0.1426838015124332
2014-02-09,0.029594607375880377
2014-02-10,0.005869025507818648
2014-02-11,-0.00042649206167633125
2014-02-12,-0.07204725655711797
2014-02-13,-0.07718141248050059
2014-02-14,-0.08282579889075237
2014-02-15,-0.06779277969103514
2014-02-16,-0.08587200419985508
2014-02-17,-0.09019441544924112
2014-02-18,-0.09779998976743465
2014-02-19,-0.10870837835191538
2014-02-20,-0.10689694276458916
2014-02-21,-0.06101570695672476
2014-02-22,-0.025061075437713187
2014-02-23,0.03887154512064939
2014-02-24,0.1079880049136066
2014-02-25,0.10680965382385366
2014-02-26,0.24546869985365727
2014-02-27,0.3464215308187182
2014-02-28,0.48973285364071995
2014-03-01,0.4289555586363185
2014-03-02,0.43001052250750393
2014-03-03,0.5094624045874336
2014-03-04,0.5079673085489267
2014-03-05,0.6430439830446165
2014-03-06,0.6371660271255298
2014-03-07,0.6049122355370222
2014-03-08,0.6195786121298215
2014-03-09,0.5002978978027979
2014-03-10,0.221365291875516
2014-03-11,0.06500405279293653
2014-03-12,0.07571546775196336
2014-03-13,0.04583819496081665
2014-03-14,0.011364532646803926
2014-03-15,-0.0018854956558145286
2014-03-16,-0.01848586201072311
2014-03-17,-0.033383060505387085
2014-03-18,0.01744225724789783
2014-03-19,0.051167545985278284
2014-03-20,0.049544479546236087
2014-03-21,0.10200017659870819
2014-03-22,0.10990518944265992
2014-03-23,0.1160676119404469
2014-03-24,0.11325533030879176
2014-03-25,0.1657196832142247
2014-03-26,0.34462941697933025
2014-03-27,0.3612630117349016
2014-03-28,0.1976231339829695
2014-03-29,0.3636082161813272
2014-03-30,0.08289665653240719
2014-03-31,0.2119076117493648
2014-04-01,0.3572994066181381
2014-04-02,0.2636349485803269
2014-04-03,0.2709419326612441
2014-04-04,0.12948382139776737
2014-04-05,0.14853678354492006
2014-04-06,0.13156372916627102
2014-04-07,0.09238153334638288
2014-04-08,0.0693176438698555
2014-04-09,0.03315603066371198
2014-04-10,0.05139460678696195
2014-04-11,0.049766910339821724
2014-04-12,0.05616752976359862
2014-04-13,0.0657163739403468
2014-04-14,0.08168326711988239
2014-04-15,0.06026906035448176
2014-04-16,0.041710425930934214
2014-04-17,-0.0025944156616335423
2014-04-18,0.04455040108662467
2014-04-19,0.0858394478672928
2014-04-20,0.09675415750794736
2014-04-21,0.1655464300835272
2014-04-22,0.21843420297297778
2014-04-23,0.28936987857971386
2014-04-24,0.3815356959469405
2014-04-25,0.5698672594392977
2014-04-26,0.5866078299967894
2014-04-27,0.5942606276504858
2014-04-28,0.2044017578815458
2014-04-29,0.2173568875201748
2014-04-30,0.1009579173716979
2014-05-01,-0.22346980924458282
2014-05-02,-0.20259329225932676
2014-05-03,-0.17828568696049607
2014-05-04,-0.13069081286364193
2014-05-05,-0.06442883213292583
2014-05-06,0.0270658957797556
2014-05-07,0.09962255003504916
2014-05-08,0.14683962949661944
2014-05-09,0.18073806510167922
2014-05-10,0.1950787753895311
2014-05-11,0.2317040158243875
2014-05-12,0.30205110229341603
2014-05-13,0.33680279177426065
2014-05-14,0.3317343537134607
2014-05-15,0.24913840607251503
2014-05-16,0.30136385870598303
2014-05-17,0.34538341547963003
2014-05-18,0.3472478347843455
2014-05-19,0.35355959966067974
2014-05-20,0.4126790507906475
2014-05-21,0.46792754596203223
2014-05-22,0.44893182430696643
2014-05-23,0.4788242604974584
2014-05-24,0.2748045697647017
2014-05-25,-0.9865072358966805
2014-05-26,-0.946861314039878
2014-05-27,-0.9485827865905385
2014-05-28,-0.9695997261703123
2014-05-29,-0.9645415530462399
2014-05-30,-0.9914691876666369
2014-05-31,-0.983164268814194
2014-06-01,-0.8663255490575743
2014-06-02,-0.7330560558204205
2014-06-03,-0.7419904589280416
2014-06-04,-0.8124678847337048
2014-06-05,-0.8664971711018221
2014-06-06,-0.7943938770839633
2014-06-07,-0.7098586255706515
2014-06-08,-0.7098907897994009
2014-06-09,-0.7056242348341702
2014-06-10,-0.7078279007407704
2014-06-11,-0.712800614464068
2014-06-12,-0.703417243472568
2014-06-13,-0.6511592686322976
2014-06-14,-0.670193112782224
2014-06-15,-0.6748655463022563
2014-06-16,-0.6629442737879142
2014-06-17,-0.5934976697643071
2014-06-18,-0.5311540667592063
2014-06-19,-0.4912534596143612
2014-06-20,-0.8414567173547837
2014-06-21,-0.7276544443952623
2014-06-22,-0.7276544443952623
2014-06-23,-0.6225875482329679
2014-06-24,-0.5240018703826799
2014-06-25,-0.35704143504429187
2014-06-26,-0.3337698153008115
2014-06-27,-0.34200656346871905
2014-06-28,-0.35677046635515697
2014-06-29,-0.38398482530845635
2014-06-30,-0.3494194254852141
2014-07-01,-0.3397598822558574
2014-07-02,-0.33413367889695444
2014-07-03,-0.2235369881718572
2014-07-04,-0.11543753754819708
2014-07-05,-0.04642261992773644
2014-07-06,-0.03203642323761002
2014-07-07,0.009782008401798326
2014-07-08,0.13358610272421645
2014-07-09,0.1672230909676231
2014-07-10,0.2857949989557582
2014-07-11,0.3700120235817781
2014-07-12,0.3716517467676337
2014-07-13,0.4396892334686664
2014-07-14,0.4390047036158855
2014-07-15,0.46282472985606704
2014-07-16,0.49480268432101204
2014-07-17,0.5132681976452311
2014-07-18,0.5132681976452311
2014-07-19,0.5132681976452311
2014-07-20,0.5153040910105486
2014-07-21,0.5579272683397938
2014-07-22,0.5259370837059152
2014-07-23,0.5259370837059152
2014-07-24,0.6537211962573699
2014-07-25,0.7276019063072288
2014-07-26,0.9330174520764535
2014-07-27,0.9330167744985165
2014-07-28,0.8529961817534407
2014-07-29,0.9356792691584572
2014-07-30,1.0435280115961894
2014-07-31,1.0600928960922333
2014-08-01,1.0389613108085487
2014-08-02,1.0334174948826114
2014-08-03,1.0334174948826114
2014-08-04,1.0334174948826114
2014-08-05,1.0334174948826114
2014-08-06,1.039894733941588
2014-08-07,1.039894733941588
2014-08-08,1.039894733941588
2014-08-09,1.039894733941588
2014-08-10,1.0460936589683185
2014-08-11,1.0501028382820699
2014-08-12,0.9719091818317923
2014-08-13,0.949336485325933
2014-08-14,1.110828095252784
2014-08-15,1.110828095252784
2014-08-16,1.110828095252784
2014-08-17,1.110828095252784
2014-08-18,1.110828095252784
2014-08-19,0.9673631298759848
2014-08-20,0.9673631298759848
2014-08-21,1.110828095252784
2014-08-22,1.110828095252784
2014-08-23,1.110828095252784
2014-08-24,1.110828095252784
2014-08-25,1.110828095252784
2014-08-26,1.110828095252784
2014-08-27,1.110828095252784
2014-08-28,1.110828095252784
2014-08-29,1.110828095252784
2014-08-30,1.110828095252784
2014-08-31,1.110828095252784
2014-09-01,0.9673631298759848
2014-09-02,0.9673631298759848
2014-09-03,0.9673631298759848
2014-09-04,0.9673631298759848
2014-09-05,0.9673631298759848
2014-09-06,0.9673631298759848
2014-09-07,0.9673631298759848
2014-09-08,0.8414567173547837
2014-09-09,0.8414567173547837
2014-09-10,0.8414567173547837
2014-09-11,0.8414567173547837
2014-09-12,0.9673631298759848
2014-09-13,0.8414567173547837
2014-09-14,0.8414567173547837
2014-09-15,0.8414567173547837
2014-09-16,0.7276544443952623
2014-09-17,0.7276544443952623
2014-09-18,0.8414567173547837
2014-09-19,0.7276544443952623
2014-09-20,0.5240018703826799
2014-09-21,0.430291758905722
2014-09-22,0.430291758905722
2014-09-23,0.430291758905722
2014-09-24,0.430291758905722
2014-09-25,1.4380011998585878
2014-09-26,1.4380011998585878
2014-09-27,1.4654565866079015
2014-09-28,1.453205738131126
2014-09-29,1.453205738131126
2014-09-30,1.4643182276107674
2014-10-01,1.442176326515125
2014-10-02,1.4701554352558333
2014-10-03,1.1849418611217257
2014-10-04,0.6636883024187595
2014-10-05,0.5458362066660445
2014-10-06,0.5103909483727374
2014-10-07,0.5005736626369881
2014-10-08,0.478838477240634
2014-10-09,0.31804656524370234
2014-10-10,0.275668003977773
2014-10-11,0.2681535485213513
2014-10-12,0.23264713568867723
2014-10-13,0.1914526124184015
2014-10-14,0.13177320803033554
2014-10-15,0.13112642906634164
2014-10-16,0.17237452094092864
2014-10-17,0.1193469689035167
2014-10-18,0.12316293447259752
2014-10-19,-0.03466118306483956
2014-10-20,0.009556155299464075
2014-10-21,-0.029715683058850972
2014-10-22,-0.07981293461821326
2014-10-23,-0.10088090535615479
2014-10-24,-0.0911747878945619
2014-10-25,-0.34560052323256096
2014-10-26,-0.3356469613493458
2014-10-27,-0.36953075535250846
2014-10-28,-0.36719109380335113
2014-10-29,-0.391309526068655
2014-10-30,-0.48666824028827227
2014-10-31,0.11877596435330484
2014-11-01,0.13694707268548845
2014-11-02,0.16866624969124921
2014-11-03,0.19261526779803662
2014-11-04,0.22274641436019849
2014-11-05,0.2300709698657617
2014-11-06,0.23786540716401827
2014-11-07,0.10089284294470113
2014-11-08,0.03540174579088862
2014-11-09,0.03837836247089865
2014-11-10,-0.11552791593661382
2014-11-11,-0.19508611965179767
2014-11-12,0.037898464788069575
2014-11-13,0.13651801112997286
2014-11-14,0.14381101223047077
2014-11-15,0.1291611824897816
2014-11-16,0.07784992057074658
2014-11-17,-0.007121123959567877
2014-11-18,-0.13413583261262052
2014-11-19,-0.1665352074170383
2014-11-20,-0.22975216797532627
2014-11-21,-0.2409632376740194
2014-11-22,-0.045399630350596354
2014-11-23,-0.049932110456728074
2014-11-24,-0.21904727971205995
2014-11-25,0.036329375767452765
2014-11-26,-0.05818204388079584
2014-11-27,-0.08744410847307216
2014-11-28,-0.05267859928494101
2014-11-29,0.11237599802647713
2014-11-30,-0.05809281743191641
2014-12-01,-0.10655559091108735
2014-12-02,0.38421263204799994
2014-12-03,0.6366657877176212
2014-12-04,0.6174740416417286
2014-12-05,0.6391952643843696
2014-12-06,0.5919183318839114
2014-12-07,0.5487515565993384
2014-12-08,0.5548900340707854
2014-12-09,0.5384353943104445
2014-12-10,0.5384820528048577
2014-12-11,1.4985851170595559
2014-12-12,1.4849973075203158
2014-12-13,1.3984561641835263
2014-12-14,1.399387560925165
2014-12-15,1.533120011657714
2014-12-16,1.6144773988697363
2014-12-17,1.6384316406551416
2014-12-18,1.6040817096487214
2014-12-19,1.6804724581957058
2014-12-20,1.612522423754154
2014-12-21,1.5281148823488828
2014-12-22,1.4334493726453887
2014-12-23,1.4248806090058919
2014-12-24,1.4142078331308707
2014-12-25,1.3555282444634789
2014-12-26,1.3632599200213358
2014-12-27,1.3676656366398574
2014-12-28,1.3177802782913712
2014-12-29,1.2567493431151173
2014-12-30,1.1548315006779077
2014-12-31,1.1699292658110398
2015-01-01,0.971878366583797
2015-01-02,0.7894600574761647
2015-01-03,0.7778551943677385
2015-01-04,0.7063442533019941
2015-01-05,0.6831995039903179
2015-01-06,0.691891580695551
2015-01-07,0.6751683988828285
2015-01-08,0.6502823283183002
2015-01-09,0.6346115825998955
2015-01-10,-0.23511595059475554
2015-01-11,-0.3846277079395988
2015-01-12,-0.3814519158907388
2015-01-13,-0.3291344946196435
2015-01-14,-0.6510595701470498
2015-01-15,-0.9318062901209756
2015-01-16,-1.0042120413344409
2015-01-17,-1.0195680725018375
2015-01-18,-1.420880824787682
2015-01-19,-1.7191096443409313
2015-01-20,-1.7725727879055007
2015-01-21,-1.7667318199468396
2015-01-22,-1.7725404539378533
2015-01-23,-1.5013851891566723
2015-01-24,-1.5013851891566723
2015-01-25,-1.5013851891566723
2015-01-26,-1.5013851891566723
2015-01-27,-1.5013851891566723
2015-01-28,-1.5013851891566723
2015-01-29,-1.8343248635084133
2015-01-30,-1.8343248635084133
2015-01-31,-1.8343248635084133
2015-02-01,-1.8343248635084133
2015-02-02,-1.8343248635084133
2015-02-03,-1.8343248635084133
2015-02-04,-1.8343248635084133
2015-02-05,-1.8343248635084133
2015-02-06,-0.9029960849639458
2015-02-07,-0.49207181072267003
2015-02-08,-0.06777558458264954
2015-02-09,-0.06911453146157553
2015-02-10,-0.10490583008600018
2015-02-11,-0.11409621637243084
2015-02-12,-0.19445231752591385
2015-02-13,-0.19776929189709191
2015-02-14,-0.20353350594265374
2015-02-15,-0.22197176658649242
2015-02-16,-0.24339018588388162
2015-02-17,-0.251092229989027
2015-02-18,-0.2612494557118108
2015-02-19,-0.2777542457855442
2015-02-20,-0.2691752963161822
2015-02-21,-0.21805636378798443
2015-02-22,-0.13301231581614603
2015-02-23,-0.05797202470626228
2015-02-24,0.019030949241843675
2015-02-25,0.01536302924829358
2015-02-26,-0.0546099706623524
2015-02-27,-0.08912421119704894
2015-02-28,-0.07007248351132045
2015-03-01,-0.11544098339332476
2015-03-02,-0.1441898291851087
2015-03-03,-0.19880410061717968
2015-03-04,-0.2154516218969671
2015-03-05,-0.2574821450173288
2015-03-06,-0.2965864876051678
2015-03-07,-0.20604675101552128
2015-03-08,-0.5646380867099148
2015-03-09,-0.9699489931320785
2015-03-10,-2.123279295482464
2015-03-11,-1.7808458625895627
2015-03-12,-1.7763657674982678
2015-03-13,-1.8828078301276308
2015-03-14,-2.121536038504853
2015-03-15,-2.270813013518122
2015-03-16,-2.42047537539542
2015-03-17,-2.3790956922243645
2015-03-18,-2.3141074115919635
2015-03-19,-2.299642831179517
2015-03-20,-2.2345621263307907
2015-03-21,-2.02621993476328
2015-03-22,-1.8671141763996373
2015-03-23,-1.773623145945268
2015-03-24,-1.8686065238977487
2015-03-25,-1.7755191153809013
2015-03-26,-1.4964065713489707
2015-03-27,-1.454401468167643
2015-03-28,-1.4932056555830147
2015-03-29,-1.4687775759305755
2015-03-30,-1.7011364846858235
2015-03-31,-1.6319977865557482
2015-04-01,-1.614923870526039
2015-04-02,-1.5039746467344344
2015-04-03,-1.4660299622518385
2015-04-04,-1.380991649470246
2015-04-05,-1.287722256108988
2015-04-06,-1.1634564256711526
2015-04-07,-0.2869641499282165
2015-04-08,-0.3175614761956669
2015-04-09,-0.3276130503873025
2015-04-10,-0.42043031211456316
2015-04-11,-0.42283472869330696
2015-04-12,-0.4202734417690055
2015-04-13,-0.41719950649044857
2015-04-14,-0.40743442121756845
2015-04-15,-0.4623013287163913
2015-04-16,-0.4931064824660065
2015-04-17,-0.5623292864558749
2015-04-18,-0.5202290283714792
2015-04-19,-0.500611881324752
2015-04-20,-0.4932446890435731
2015-04-21,-0.4480279836744472
2015-04-22,-0.4027319553362718
2015-04-23,-0.3563849593558932
2015-04-24,0.17135379645337068
2015-04-25,0.24307697837314302
2015-04-26,0.27255931978159764
2015-04-27,0.29473401805226507
2015-04-28,0.3098458999579554
2015-04-29,0.3372273980285003
2015-04-30,0.3846883900532865
2015-05-01,0.3992400684586064
2015-05-02,0.4188812418238619
2015-05-03,0.45954538098832853
2015-05-04,0.5223249043608911
2015-05-05,0.5639962020617515
2015-05-06,0.5868556616358254
2015-05-07,-0.01184709152698682
2015-05-08,0.033214184611521036
2015-05-09,0.06779288780065396
2015-05-10,0.08345492405478483
2015-05-11,0.11655995893169835
2015-05-12,0.18325181423304038
2015-05-13,0.21662862344019262
2015-05-14,0.4544844399432828
2015-05-15,0.3676848883228223
2015-05-16,0.40760921577572407
2015-05-17,0.45346310573185145
2015-05-18,0.44804971243089975
2015-05-19,0.4498949532446894
2015-05-20,0.511538069432941
2015-05-21,0.5105187439591268
2015-05-22,0.4923630885389989
2015-05-23,0.5227764762923193
2015-05-24,-0.23507277000768867
2015-05-25,-0.3381183139330133
2015-05-26,-0.31617627541274396
2015-05-27,-0.2690781581454367
2015-05-28,-0.2882905852554545
2015-05-29,-0.28630229200939894
2015-05-30,-0.3040894370612328
2015-05-31,-0.28642432478574475
2015-06-01,-0.23025054625701524
2015-06-02,-0.15351327924585267
2015-06-03,-0.15854634546024404
2015-06-04,-0.2044515291715827
2015-06-05,-0.1760967374145901
2015-06-06,-0.3643736473744068
2015-06-07,-0.32274421766398764
2015-06-08,-0.31893787765590664
2015-06-09,-0.31030504892724475
2015-06-10,-0.2721159165776823
2015-06-11,-0.2729812699564724
2015-06-12,-0.25521143425107895
2015-06-13,-0.8362890638022527
2015-06-14,-0.856866841892189
2015-06-15,-0.9232092774253955
2015-06-16,-0.9177705398131407
2015-06-17,-0.8700943619445088
2015-06-18,-0.7788370550892012
2015-06-19,-0.7501800389744042
2015-06-20,-0.5820228464182853
2015-06-21,-0.4899555588333999
2015-06-22,-0.45543097657529885
2015-06-23,-0.36357980841734716
2015-06-24,-0.31607992698299836
2015-06-25,-0.35704143504429187
2015-06-26,-0.3337698153008115
2015-06-27,-0.34200656346871905
2015-06-28,-0.35677046635515697
2015-06-29,-0.38398482530845635
2015-06-30,-0.3494194254852141
2015-07-01,-0.3397598822558574
2015-07-02,-0.33413367889695444
2015-07-03,-0.2235369881718572
2015-07-04,-0.11543753754819708
2015-07-05,-0.04642261992773644
2015-07-06,-0.03203642323761002
2015-07-07,0.009782008401798326
2015-07-08,0.13358610272421645
2015-07-09,0.1672230909676231
2015-07-10,0.0834458732659098
2015-07-11,0.25293326782658254
2015-07-12,0.25293326782658254
2015-07-13,0.3402517889631431
2015-07-14,0.3402517889631431
2015-07-15,0.3402517889631431
2015-07-16,0.3402517889631431
2015-07-17,0.3402517889631431
2015-07-18,0.3402517889631431
2015-07-19,0.3402517889631431
2015-07-20,0.3402517889631431
2015-07-21,0.430291758905722
2015-07-22,0.3402517889631431
2015-07-23,0.3402517889631431
2015-07-24,0.430291758905722
2015-07-25,0.6225875482329675
2015-07-26,0.8414567173547837
2015-07-27,0.8414567173547837
2015-07-28,0.7276544443952623
2015-07-29,0.8414567173547837
2015-07-30,0.9673631298759848
2015-07-31,0.9673631298759848
2015-08-01,0.9673631298759848
2015-08-02,0.9673631298759848
2015-08-03,0.9673631298759848
2015-08-04,0.9673631298759848
2015-08-05,0.9673631298759848
2015-08-06,0.9673631298759848
2015-08-07,0.9673631298759848
2015-08-08,0.9673631298759848
2015-08-09,0.9673631298759848
2015-08-10,0.9673631298759848
2015-08-11,0.9673631298759848
2015-08-12,0.8414567173547837
2015-08-13,0.8414567173547837
2015-08-14,1.110828095252784
2015-08-15,1.110828095252784
2015-08-16,1.110828095252784
2015-08-17,1.110828095252784
2015-08-18,1.110828095252784
2015-08-19,0.9673631298759848
2015-08-20,0.9673631298759848
2015-08-21,1.110828095252784
2015-08-22,1.110828095252784
2015-08-23,1.110828095252784
2015-08-24,1.110828095252784
2015-08-25,1.110828095252784
2015-08-26,1.110828095252784
2015-08-27,1.110828095252784
2015-08-28,1.110828095252784
2015-08-29,1.110828095252784
2015-08-30,1.110828095252784
2015-08-31,1.110828095252784
2015-09-01,0.9673631298759848
2015-09-02,0.9673631298759848
2015-09-03,0.9673631298759848
2015-09-04,0.9673631298759848
2015-09-05,0.9673631298759848
2015-09-06,0.9673631298759848
2015-09-07,0.9673631298759848
2015-09-08,0.8414567173547837
2015-09-09,0.8414567173547837
2015-09-10,0.8414567173547837
2015-09-11,0.8414567173547837
2015-09-12,0.9673631298759848
2015-09-13,0.8414567173547837
2015-09-14,0.8414567173547837
2015-09-15,0.8414567173547837
2015-09-16,0.7276544443952623
2015-09-17,0.7276544443952623
2015-09-18,0.8414567173547837
2015-09-19,0.7276544443952623
2015-09-20,0.5240018703826799
2015-09-21,0.430291758905722
2015-09-22,0.430291758905722
2015-09-23,0.430291758905722
2015-09-24,0.430291758905722
2015-09-25,0.3402517889631431
2015-09-26,0.3402517889631431
2015-09-27,0.3402517889631431
2015-09-28,0.25293326782658254
2015-09-29,0.25293326782658254
2015-09-30,0.4930517256282214
2015-10-01,1.2182434948304317
2015-10-02,1.1415661662102177
2015-10-03,0.826642497430745
2015-10-04,0.4449938172710042
2015-10-05,0.3500390830292155
2015-10-06,0.3293750981860688
2015-10-07,0.32006037020553024
2015-10-08,0.3034105353936942
2015-10-09,0.15520481410271247
2015-10-10,0.1438891920955856
2015-10-11,0.14677858920598097
2015-10-12,0.11684472112509514
2015-10-13,0.09278420744932703
2015-10-14,0.025912035130077227
2015-10-15,0.019595401124528955
2015-10-16,0.20919432216740086
2015-10-17,0.30659371305616734
2015-10-18,0.3079080301356101
2015-10-19,0.164725551737553
2015-10-20,0.2102900802084713
2015-10-21,0.17433486136404897
2015-10-22,0.12516169807051258
2015-10-23,0.09794561814599367
2015-10-24,0.08861362680865437
2015-10-25,-0.03183504859871156
2015-10-26,-0.0545420945101327
2015-10-27,0.03638731493346836
2015-10-28,0.03994522088634822
2015-10-29,0.022388004808164608
2015-10-30,-0.1598020039601964
2015-10-31,-0.3622129610820468
2015-11-01,-0.012126610619448641
2015-11-02,0.5505087615900957
2015-11-03,0.5656330701979839
2015-11-04,0.5861789894394445
2015-11-05,0.5904517315614417
2015-11-06,0.5960642850358431
2015-11-07,0.5045529950027698
2015-11-08,0.8368654125837931
2015-11-09,0.9638230395398083
2015-11-10,0.9563958621519614
2015-11-11,0.9094893975171234
2015-11-12,0.8866080288111848
2015-11-13,0.8646021730913502
2015-11-14,0.8799047431474559
2015-11-15,0.9623657921907807
2015-11-16,0.8624761098759202
2015-11-17,0.8084713208729365
2015-11-18,0.8456559073015372
2015-11-19,0.7703707249633905
2015-11-20,0.7241862899031031
2015-11-21,0.7011989338749349
2015-11-22,0.6708473449557388
2015-11-23,0.6934119543708682
2015-11-24,0.9126001464465237
2015-11-25,0.9300837640582279
2015-11-26,0.7992399817328981
2015-11-27,0.8243689127114447
2015-11-28,0.8271278115087446
2015-11-29,0.7859576115243526
2015-11-30,0.7085154072606047
2015-12-01,0.4118327725514457
2015-12-02,-0.15543457422296725
2015-12-03,-0.017912786054696594
2015-12-04,-0.03882794482718821
2015-12-05,-0.054530343857249974
2015-12-06,-0.15731483923576373
2015-12-07,-0.22024117379287445
2015-12-08,-0.729489348091123
2015-12-09,-1.0236741304316723
2015-12-10,-0.5461653235470467
2015-12-11,-0.5657546867441385
2015-12-12,-0.6110090530285741
2015-12-13,-0.41020516199272006
2015-12-14,-0.5402604113610143
2015-12-15,-0.7403670962427948
2015-12-16,-0.7217767646572338
2015-12-17,-0.7428292320504369
2015-12-18,-0.44454181809414894
2015-12-19,-0.2774806781238712
2015-12-20,-0.1607072714384319
2015-12-21,0.45704618245479334
2015-12-22,0.48850343242343053
2015-12-23,0.49366995691433546
2015-12-24,0.49526401445396195
2015-12-25,0.4484726922108746
2015-12-26,0.4888467110022299
2015-12-27,0.5072050929719629
2015-12-28,0.4888101876358446
2015-12-29,0.4827804602349801
2015-12-30,0.4922232733202676
2015-12-31,0.521451591738969
2016-01-01,0.5359527644400559
2016-01-02,0.4435366625948092
2016-01-03,0.42832441364563056
2016-01-04,0.495967623050791
2016-01-05,0.7058572494886748
2016-01-06,0.8222847499668736
2016-01-07,0.8043887511132517
2016-01-08,0.7758951622970827
2016-01-09,0.6519514683851504
2016-01-10,0.6504555777699428
2016-01-11,0.6783006719939965
2016-01-12,0.5815401965305944
2016-01-13,0.6332819758147594
2016-01-14,0.6695346660024065
2016-01-15,0.7205467960582007
2016-01-16,0.7344849265483634
2016-01-17,0.8463473223261282
2016-01-18,0.8963443511831026
2016-01-19,1.0445741973724088
2016-01-20,0.7341172099158446
2016-01-21,0.6944574086813754
2016-01-22,0.7967978499112033
2016-01-23,0.7124174822632832
2016-01-24,0.6792110789497091
2016-01-25,0.645932981911751
2016-01-26,0.6092978599832144
2016-01-27,0.6137888478078046
2016-01-28,0.6459100864014505
2016-01-29,0.7947192238032182
2016-01-30,0.822630127449136
2016-01-31,0.8752597162015339
2016-02-01,0.9185810990391847
2016-02-02,0.9154948043724531
2016-02-03,0.8334950931786161
2016-02-04,0.6407428699630424
2016-02-05,0.5551437644075796
2016-02-06,0.5515946366581146
2016-02-07,0.5254788705927966
2016-02-08,0.5036337832552962
2016-02-09,0.5017955483728904
2016-02-10,0.4783244251492329
2016-02-11,0.47681830212017706
2016-02-12,0.4123523327106682
2016-02-13,0.3599455617424714
2016-02-14,0.29091979720266825
2016-02-15,0.26720015965752153
2016-02-16,-0.0749157026122198
2016-02-17,-0.06051042585161115
2016-02-18,-0.4974241999078379
2016-02-19,-0.5219840951367403
2016-02-20,-0.5036735757338813
2016-02-21,-0.8006810650384425
2016-02-22,-0.8134737018119746
2016-02-23,-0.7089310477922297
2016-02-24,-0.5782738875909423
2016-02-25,-0.5657278401979238
2016-02-26,-0.6866220280193455
2016-02-27,-0.7363142148570183
2016-02-28,-1.1267034097874165
2016-03-01,-1.2643935571980904
2016-03-02,-1.3762800112711389
2016-03-03,-1.3955402106364978
2016-03-04,-0.9982571836419202
2016-03-05,-0.37508987711231856
2016-03-06,-0.003023690728976236
2016-03-07,0.14553894702416703
2016-03-08,0.18901475849535476
2016-03-09,0.24468609239747963
2016-03-10,0.31967891027375517
2016-03-11,0.6481438058787313
2016-03-12,0.7370094718242931
2016-03-13,1.063489773361269
2016-03-14,1.1381878337934306
2016-03-15,1.1980258709448584
2016-03-16,1.2526010220693742
2016-03-17,1.2730931461623323
2016-03-18,1.3189422808033666
2016-03-19,1.1600154243967626
2016-03-20,1.134173720343084
2016-03-21,1.1768127405956816
2016-03-22,1.13888082382138
2016-03-23,1.098759067136114
2016-03-24,1.0298363597128137
2016-03-25,0.9862635498642462
2016-03-26,0.924980219887509
2016-03-27,0.9282752402099683
2016-03-28,0.9718644825215873
2016-03-29,1.0000597009375063
2016-03-30,1.0217027422271907
2016-03-31,1.0376718605130324
2016-04-01,1.0591695280625815
2016-04-02,1.0766321702334711
2016-04-03,0.930769790899958
2016-04-04,0.6519449376145128
2016-04-05,0.38372367759672876
2016-04-06,0.28684180261428005
2016-04-07,0.24926369317556163
2016-04-08,0.47436733664939745
2016-04-09,0.7274644349903331
2016-04-10,0.4910608181798326
2016-04-11,0.4263129305238216
2016-04-12,0.004494460985098314
2016-04-13,0.04178955992374056
2016-04-14,0.06759087191426216
2016-04-15,0.04499591066793829
2016-04-16,0.026069784861012524
2016-04-17,-0.018990860885993888
2016-04-18,0.02827465195409995
2016-04-19,0.03453261585441281
2016-04-20,-0.066063333815781
2016-04-21,0.0030597536753178556
2016-04-22,0.23307155548679082
2016-04-23,0.30461259349062075
2016-04-24,0.3540953869935157
2016-04-25,0.36870708181034995
2016-04-26,0.3973259888627618
2016-04-27,0.5699382180172223
2016-04-28,0.5847916890753679
2016-04-29,0.617445324121608
2016-04-30,0.6719495601555083
2016-05-01,0.6854102218606313
2016-05-02,0.7046127926316151
2016-05-03,0.7531465549186027
2016-05-04,0.8233875975612898
2016-05-05,0.881170129332363
2016-05-06,1.001807411165285
2016-05-07,1.096881521731714
2016-05-08,0.777258966480791
2016-05-09,0.1275375270820518
2016-05-10,0.12171748941011762
2016-05-11,0.1560259682435956
2016-05-12,0.223968148143457
2016-05-13,0.19321503607394974
2016-05-14,0.15913723372481847
2016-05-15,0.08241247764789938
2016-05-16,0.15175854320786675
2016-05-17,0.19272401061636013
2016-05-18,0.20480096508568058
2016-05-19,0.217383479909393
2016-05-20,0.27302590610940625
2016-05-21,0.2764834209237801
2016-05-22,-0.06301008831412158
2016-05-23,-0.04853409066873593
2016-05-24,-0.16783716105205104
2016-05-25,-0.14045969582851625
2016-05-26,-0.12631425094552284
2016-05-27,-0.698421967902352
2016-05-28,-0.7191229421035356
2016-05-29,-0.727603927544137
2016-05-30,-0.7519577071973718
2016-05-31,-0.7404522022400641
2016-06-01,-0.6510118734578109
2016-06-02,-0.539995794331672
2016-06-03,-0.5480957879324957
2016-06-04,-0.6149592955960059
2016-06-05,-1.073532597047243
2016-06-06,-1.110828095252784
2016-06-07,-0.9673631298759848
2016-06-08,-0.9673631298759848
2016-06-09,-0.9673631298759848
2016-06-10,-0.9673631298759848
2016-06-11,-0.9673631298759848
2016-06-12,-0.9673631298759848
2016-06-13,-0.9673631298759848
2016-06-14,-0.9673631298759848
2016-06-15,-1.110828095252784
2016-06-16,-1.110828095252784
2016-06-17,-1.110828095252784
2016-06-18,-0.9673631298759848
2016-06-19,-0.9673631298759848
2016-06-20,-0.8414567173547837
2016-06-21,-0.7276544443952623
2016-06-22,-0.7276544443952623
2016-06-23,-0.6225875482329679
2016-06-24,-0.5240018703826799
2016-06-25,-0.6225875482329679
2016-06-26,-0.6225875482329679
2016-06-27,-0.7276544443952623
2016-06-28,-0.6225875482329679
2016-06-29,-0.6225875482329679
2016-06-30,-0.6225875482329679
2016-07-01,-0.6225875482329679
2016-07-02,-0.6225875482329679
2016-07-03,-0.5240018703826799
2016-07-04,-0.3402517889631431
2016-07-05,-0.25293326782658254
2016-07-06,-0.25293326782658254
2016-07-07,-0.25293326782658254
2016-07-08,-0.0834458732659098
2016-07-09,-0.0834458732659098
2016-07-10,0.0834458732659098
2016-07-11,0.25293326782658254
2016-07-12,0.25293326782658254
2016-07-13,0.3402517889631431
2016-07-14,0.3402517889631431
2016-07-15,0.3402517889631431
2016-07-16,0.3402517889631431
2016-07-17,0.3402517889631431
2016-07-18,0.3402517889631431
2016-07-19,0.3402517889631431
2016-07-20,0.3402517889631431
2016-07-21,0.430291758905722
2016-07-22,0.3402517889631431
2016-07-23,0.3402517889631431
2016-07-24,0.430291758905722
2016-07-25,0.6225875482329675
2016-07-26,0.8414567173547837
2016-07-27,0.8414567173547837
2016-07-28,0.7276544443952623
2016-07-29,0.8414567173547837
2016-07-30,0.9673631298759848
2016-07-31,0.9673631298759848
2016-08-01,0.9673631298759848
2016-08-02,0.9673631298759848
2016-08-03,0.9673631298759848
2016-08-04,0.9673631298759848
2016-08-05,0.9673631298759848
2016-08-06,0.9673631298759848
2016-08-07,0.9673631298759848
2016-08-08,0.9673631298759848
2016-08-09,0.9673631298759848
2016-08-10,0.9673631298759848
2016-08-11,0.9673631298759848
2016-08-12,0.8414567173547837
2016-08-13,0.8414567173547837
2016-08-14,1.110828095252784
2016-08-15,1.110828095252784
2016-08-16,1.110828095252784
2016-08-17,1.110828095252784
2016-08-18,1.110828095252784
2016-08-19,0.9673631298759848
2016-08-20,0.9673631298759848
2016-08-21,1.110828095252784
2016-08-22,1.110828095252784
2016-08-23,1.110828095252784
2016-08-24,1.110828095252784
2016-08-25,1.110828095252784
2016-08-26,1.110828095252784
2016-08-27,1.110828095252784
2016-08-28,1.110828095252784
2016-08-29,1.110828095252784
2016-08-30,1.110828095252784
2016-08-31,1.110828095252784
2016-09-01,0.9673631298759848
2016-09-02,0.9673631298759848
2016-09-03,0.9673631298759848
2016-09-04,0.9673631298759848
2016-09-05,0.9673631298759848
2016-09-06,0.9673631298759848
2016-09-07,0.9673631298759848
2016-09-08,0.8414567173547837
2016-09-09,0.8414567173547837
2016-09-10,0.8414567173547837
2016-09-11,0.8414567173547837
2016-09-12,0.9673631298759848
2016-09-13,0.8414567173547837
2016-09-14,0.8414567173547837
2016-09-15,0.8414567173547837
2016-09-16,0.7276544443952623
2016-09-17,0.7276544443952623
2016-09-18,0.8414567173547837
2016-09-19,0.7276544443952623
2016-09-20,0.5240018703826799
2016-09-21,0.430291758905722
2016-09-22,0.430291758905722
2016-09-23,0.430291758905722
2016-09-24,0.430291758905722
2016-09-25,0.3402517889631431
2016-09-26,0.3402517889631431
2016-09-27,0.3402517889631431
2016-09-28,0.25293326782658254
2016-09-29,0.25293326782658254
2016-09-30,0.1675553012840909
2016-10-01,0.0834458732659098
2016-10-02,-0.0834458732659098
2016-10-03,-0.1675553012840909
2016-10-04,-0.25293326782658254
2016-10-05,-0.1675553012840909
2016-10-06,-0.1675553012840909
2016-10-07,-0.1675553012840909
2016-10-08,-0.1675553012840909
2016-10-09,-0.25293326782658254
2016-10-10,-0.25293326782658254
2016-10-11,-0.25293326782658254
2016-10-12,-0.25293326782658254
2016-10-13,-0.25293326782658254
2016-10-14,0.2936692373231349
2016-10-15,0.6679146819508545
2016-10-16,1.6413252376097631
2016-10-17,1.6245952401149544
2016-10-18,1.6029996861410774
2016-10-19,1.6194452617548338
2016-10-20,1.564902508686942
2016-10-21,1.576910702266081
2016-10-22,1.5687118044392312
2016-10-23,1.5209070400777165
2016-10-24,1.348024565311893
2016-10-25,1.316461257437125
2016-10-26,1.1164697969088584
2016-10-27,1.391637849043952
2016-10-28,1.6984073481400062
2016-10-29,1.5997417165157413
2016-10-30,1.731009497515945
2016-10-31,1.6838214269507201
2016-11-01,1.6747155142566905
2016-11-02,1.638072775768459
2016-11-03,1.6438254659792495
2016-11-04,1.631998064135149
2016-11-05,1.6262495784184277
2016-11-06,1.6081081221637838
2016-11-07,1.664126717776147
2016-11-08,1.6626384487615713
2016-11-09,1.6297724933275552
2016-11-10,1.741555710687991
2016-11-11,1.7265745790110163
2016-11-12,1.6248927704275675
2016-11-13,1.473734775405388
2016-11-14,1.3635422818297374
2016-11-15,0.7935993566568499
2016-11-16,0.7466482699895037
2016-11-17,0.6887318755745532
2016-11-18,0.6979551351231524
2016-11-19,1.0072416411392018
2016-11-20,1.3110428355742954
2016-11-21,1.2774143483939244
2016-11-22,1.3308327981467147
2016-11-23,1.3847924115647392
2016-11-24,1.4407616455289936
2016-11-25,1.3087097826759582
2016-11-26,1.3317377301429303
2016-11-27,0.8964415470157469
2016-11-28,0.873876070344524
2016-11-29,0.5334537856091826
2016-11-30,0.45792640490471803
2016-12-01,0.3663881753262246
2016-12-02,0.2947049911356163
2016-12-03,0.2832358416474312
2016-12-04,0.2572073569665505
2016-12-05,0.2300391555160186
2016-12-06,0.14926304509941102
2016-12-07,0.22765409986870933
2016-12-08,0.3291990126362614
2016-12-09,0.39072088473573396
2016-12-10,0.6336903853297349
2016-12-11,0.5408827526866851
2016-12-12,0.5004590404042513
2016-12-13,0.451586444062009
2016-12-14,0.3849117498644259
2016-12-15,0.9746961355955378
2016-12-16,0.9393785964178054
2016-12-17,0.9438550020924503
2016-12-18,0.900550866844649
2016-12-19,0.6763862374678614
2016-12-20,0.4918231769185104
2016-12-21,0.41992535558673105
2016-12-22,0.34033211986221734
2016-12-23,0.5857309496703287
2016-12-24,0.5615990211838449
2016-12-25,0.5225150830770444
2016-12-26,0.29106325253609033
2016-12-27,0.26846540671335495
2016-12-28,0.23222174146393226
2016-12-29,0.23018849208280368
2016-12-30,0.25454887345871
2016-12-31,0.32027556788149436
2017-01-01,0.34525617837349354
2017-01-02,0.35923191835843094
2017-01-03,0.5779694105630835
2017-01-04,0.7108958710008061
2017-01-05,0.6883740018020024
2017-01-06,0.6825940920426332
2017-01-07,0.8598608624186653
2017-01-08,0.9531446433455191
2017-01-09,0.9747859603181326
2017-01-10,1.354736033867587
2017-01-11,1.4726036410824919
2017-01-12,1.4773408268281618
2017-01-13,1.4568937229027767
2017-01-14,1.2020432725336325
2017-01-15,1.1986121051628555
2017-01-16,1.2186312688233385
2017-01-17,1.2387189907907776
2017-01-18,1.357509870036309
2017-01-19,1.360698442369216
2017-01-20,1.607843194591408
2017-01-21,1.6490476054623566
2017-01-22,1.5844920340565312
2017-01-23,1.7581672118669438
2017-01-24,1.70408774459505
2017-01-25,1.6475640472529078
2017-01-26,1.5661469819595286
2017-01-27,1.5573665140731845
2017-01-28,1.5727059523594678
2017-01-29,1.5639895713614944
2017-01-30,1.5554119177826307
2017-01-31,1.5514549884113527
2017-02-01,1.5805765701553602
2017-02-02,1.4871984413181363
2017-02-03,1.4259392226819987
2017-02-04,1.4232338449478275
2017-02-05,1.4617436936960737
2017-02-06,1.4590859427913019
2017-02-07,1.4809577657210327
2017-02-08,1.410581896456682
2017-02-09,1.2717646611508893
2017-02-10,1.2904036777054348
2017-02-11,1.2932532093197353
2017-02-12,1.31908430441676
2017-02-13,1.2926302595470571
2017-02-14,1.2880825532820097
2017-02-15,1.3102259883071412
2017-02-16,1.3451813418721437
2017-02-17,1.235206871051258
2017-02-18,1.1674227918069178
2017-02-19,1.1088180766754352
2017-02-20,1.3262123688614946
2017-02-21,1.3005313747097016
2017-02-22,1.3144856469766237
2017-02-23,1.3114426170647357
2017-02-24,1.2769914891058392
2017-02-25,1.2804801264922265
2017-02-26,1.3409532475906363
2017-02-27,1.321250826787026
2017-02-28,1.3259720596340918
2017-03-01,1.3059850324125244
2017-03-02,1.2735820464859366
2017-03-03,1.2029966866618702
2017-03-04,1.292974540397481
2017-03-05,1.2118935958609962
2017-03-06,1.2275040400326516
2017-03-07,1.0968241546493513
2017-03-08,0.9237180504645778
2017-03-09,0.7649751780730394
2017-03-10,0.7225613068977889
2017-03-11,0.4028431267360857
2017-03-12,0.29397896834087844
2017-03-13,0.273035172751537
2017-03-14,0.26284219985587165
2017-03-15,0.2658411599351458
2017-03-16,0.26507489228730696
2017-03-17,0.2730434125002319
2017-03-18,0.24309378531763226
2017-03-19,0.13432722200962366
2017-03-20,0.3615932301248259
2017-03-21,0.43808469021751906
2017-03-22,0.028432569647185435
2017-03-23,-0.19752320712797622
2017-03-24,-0.0732454783779879
2017-03-25,-0.042995600565147285
2017-03-26,0.05700577162884635
2017-03-27,0.07399995805486426
2017-03-28,0.06886709266936197
2017-03-29,0.10165474353885018
2017-03-30,0.11009567512573115
2017-03-31,0.143012037954239
2017-04-01,0.16587915454444957
2017-04-02,0.21992290299779627
2017-04-03,0.09974933586896628
2017-04-04,0.09988618785944348
2017-04-05,0.11919016720430387
2017-04-06,0.30267030882976953
2017-04-07,0.4815225323365848
2017-04-08,0.5234860335524971
2017-04-09,0.5223778229886351
2017-04-10,0.5454601475971979
2017-04-11,0.5446334143157783
2017-04-12,0.6482052860437956
2017-04-13,0.7467363261323394
2017-04-14,0.7721482992236666
2017-04-15,0.8174041849948075
2017-04-16,0.9721560019161721
2017-04-17,1.108331159979672
2017-04-18,1.1703213830180805
2017-04-19,1.1201534821804624
2017-04-20,0.9177761566665165
2017-04-21,0.781221258962852
2017-04-22,0.8428462217148494
2017-04-23,0.8502620799343966
2017-04-24,0.8870097528680645
2017-04-25,0.8368935566608984
2017-04-26,0.8696711395968878
2017-04-27,0.8642177326715501
2017-04-28,0.8649579459541421
2017-04-29,0.8918553159241865
2017-04-30,0.9534337419393556
2017-05-01,0.9658639820325648
2017-05-02,0.9846945277403297
2017-05-03,1.0411019624200342
2017-05-04,1.1188888959293637
2017-05-05,1.1728404861617427
2017-05-06,1.0101647003009275
2017-05-07,0.7534244155876247
2017-05-08,0.7013182358610592
2017-05-09,0.7370097483729278
2017-05-10,0.7446905680018433
2017-05-11,0.7990442174426086
2017-05-12,0.6716720611670537
2017-05-13,0.4870910789999481
2017-05-14,0.4867349951098199
2017-05-15,0.39882624614509954
2017-05-16,-0.009092179502161901
2017-05-17,-0.6600502716898121
2017-05-18,-1.0038562348736821
2017-05-19,-1.04381232723388
2017-05-20,-1.0132492298044382
2017-05-21,-0.9341959250625181
2017-05-22,-0.8536391880496126
2017-05-23,-0.962159501928318
2017-05-24,-1.2018440571990674
2017-05-25,-1.1005514150753783
2017-05-26,-1.1353609228730095
2017-05-27,-1.1805528722635628
2017-05-28,-1.201021251206033
2017-05-29,-1.1953681514632566
2017-05-30,-0.9238070793401505
2017-05-31,-0.45672405493323875
2017-06-01,-0.39010611690528596
2017-06-02,-0.30150421287232443
2017-06-03,-0.30785385335524507
2017-06-04,-0.35850540844307965
2017-06-05,-0.4069582561200953
2017-06-06,-0.3812344025342205
2017-06-07,-0.33838860377277546
2017-06-08,-0.303381531519076
2017-06-09,-0.2868468673471336
2017-06-10,-0.2875269665488631
2017-06-11,-0.2275020676873969
2017-06-12,-0.20908757268020506
2017-06-13,-0.1467512181415831
2017-06-14,-0.1185627894477812
2017-06-15,-0.06159839640012166
2017-06-16,-0.03651704615501372
2017-06-17,0.04584709100439355
2017-06-18,0.08961973624335817
2017-06-19,0.13074128980987076
2017-06-20,0.2748780740235732
2017-06-21,0.3183672349887856
2017-06-22,0.3500106578512392
2017-06-23,0.4303116107457705
2017-06-24,0.47628166339758904
2017-06-25,0.5276642773131028
2017-06-26,0.5522950094917163
2017-06-27,0.6429701817707552
2017-06-28,0.5886139939650157
2017-06-29,0.4081173418386348
2017-06-30,-0.12496911458285953
2017-07-01,-0.11377515274997929
2017-07-02,-0.10736253105126248
2017-07-03,-0.009815490637396174
2017-07-04,0.07822239820985222
2017-07-05,0.1527835457945237
2017-07-06,0.18296227201354176
2017-07-07,0.2371086887660694
2017-07-08,0.24299081005430145
2017-07-09,0.25479148930177176
2017-07-10,0.3595158243119523
2017-07-11,0.25293326782658254
2017-07-12,0.25293326782658254
2017-07-13,0.3402517889631431
2017-07-14,0.3402517889631431
2017-07-15,0.3402517889631431
2017-07-16,0.3402517889631431
2017-07-17,0.3402517889631431
2017-07-18,0.3402517889631431
2017-07-19,0.3402517889631431
2017-07-20,0.3402517889631431
2017-07-21,0.430291758905722
2017-07-22,0.3402517889631431
2017-07-23,0.3402517889631431
2017-07-24,0.430291758905722
2017-07-25,0.6225875482329675
2017-07-26,0.8414567173547837
2017-07-27,0.8414567173547837
2017-07-28,0.7276544443952623
2017-07-29,0.8414567173547837
2017-07-30,0.9673631298759848
2017-07-31,0.9673631298759848
2017-08-01,0.9673631298759848
2017-08-02,0.9673631298759848
2017-08-03,0.9673631298759848
2017-08-04,0.9673631298759848
2017-08-05,0.9673631298759848
2017-08-06,0.9673631298759848
2017-08-07,0.9673631298759848
2017-08-08,0.9673631298759848
2017-08-09,0.9673631298759848
2017-08-10,0.9673631298759848
2017-08-11,0.9673631298759848
2017-08-12,0.8414567173547837
2017-08-13,0.8414567173547837
2017-08-14,1.110828095252784
2017-08-15,1.110828095252784
2017-08-16,1.110828095252784
2017-08-17,1.110828095252784
2017-08-18,1.110828095252784
2017-08-19,0.9673631298759848
2017-08-20,0.9673631298759848
2017-08-21,1.110828095252784
2017-08-22,1.110828095252784
2017-08-23,1.110828095252784
2017-08-24,1.110828095252784
2017-08-25,1.110828095252784
2017-08-26,1.110828095252784
2017-08-27,1.110828095252784
2017-08-28,1.110828095252784
2017-08-29,1.110828095252784
2017-08-30,1.110828095252784
2017-08-31,1.110828095252784
2017-09-01,0.9673631298759848
2017-09-02,0.9673631298759848
2017-09-03,0.9673631298759848
2017-09-04,0.9673631298759848
2017-09-05,0.9673631298759848
2017-09-06,0.9673631298759848
2017-09-07,0.9673631298759848
2017-09-08,0.8414567173547837
2017-09-09,0.8414567173547837
2017-09-10,0.8414567173547837
2017-09-11,0.8414567173547837
2017-09-12,0.9673631298759848
2017-09-13,0.8414567173547837
2017-09-14,0.8414567173547837
2017-09-15,0.8414567173547837
2017-09-16,0.7276544443952623
2017-09-17,0.7276544443952623
2017-09-18,0.8414567173547837
2017-09-19,0.7276544443952623
2017-09-20,0.5240018703826799
2017-09-21,0.430291758905722
2017-09-22,0.430291758905722
2017-09-23,0.430291758905722
2017-09-24,0.430291758905722
2017-09-25,0.3402517889631431
2017-09-26,0.3402517889631431
2017-09-27,0.3402517889631431
2017-09-28,0.25293326782658254
2017-09-29,0.25293326782658254
2017-09-30,0.1675553012840909
2017-10-01,0.0834458732659098
2017-10-02,-0.0834458732659098
2017-10-03,-0.1675553012840909
2017-10-04,-0.25293326782658254
2017-10-05,-0.1675553012840909
2017-10-06,-0.1675553012840909
2017-10-07,-0.1675553012840909
2017-10-08,-0.1675553012840909
2017-10-09,-0.25293326782658254
2017-10-10,-0.25293326782658254
2017-10-11,-0.25293326782658254
2017-10-12,-0.25293326782658254
2017-10-13,-0.25293326782658254
2017-10-14,-0.3402517889631431
2017-10-15,-0.43029175890572224
2017-10-16,-0.43029175890572224
2017-10-17,-0.43029175890572224
2017-10-18,-0.43029175890572224
2017-10-19,-0.163725730091278
2017-10-20,-0.12703801438213236
2017-10-21,-0.16681096403007745
2017-10-22,-0.2152031279027249
2017-10-23,-0.23180877823661938
2017-10-24,-0.2118565723085324
2017-10-25,-0.32371181223759504
2017-10-26,-0.3155153984050576
2017-10-27,-0.3320214923029401
2017-10-28,-0.3314300269149062
2017-10-29,-0.3533048652090953
2017-10-30,-0.4509673978400912
2017-10-31,-0.4816373333256905
2017-11-01,-0.5046822245609155
2017-11-02,-0.4986288712221365
2017-11-03,-0.4057253410287891
2017-11-04,-0.34953052252073324
2017-11-05,-0.33954972354956636
2017-11-06,-0.3495784365755634
2017-11-07,-0.5244711162363198
2017-11-08,-0.34098322586297014
2017-11-09,-0.17564679729225352
2017-11-10,-0.35018074833552704
2017-11-11,-0.4293348992918453
2017-11-12,-0.3448991864862687
2017-11-13,-0.29805118342006165
2017-11-14,-0.28914553848587676
2017-11-15,-0.07773545746568478
2017-11-16,0.6191713866064892
2017-11-17,0.5567296715927545
2017-11-18,0.3803713222575358
2017-11-19,0.3105569593742141
2017-11-20,0.21535789758099266
2017-11-21,0.19628460891551813
2017-11-22,0.1641110067311018
2017-11-23,0.16731912974518148
2017-11-24,0.1849519932662813
2017-11-25,0.3592757445251866
2017-11-26,0.6491853412869549
2017-11-27,0.7350649273942607
2017-11-28,0.7370776091477915
2017-11-29,0.6999000270548968
2017-11-30,0.6281332693217545
2017-12-01,0.5398215296325115
2017-12-02,0.4825575988530668
2017-12-03,0.44986604231134986
2017-12-04,0.413827283550394
2017-12-05,0.380532506485755
2017-12-06,0.3112917507032442
2017-12-07,0.26083574264317044
2017-12-08,0.1675316165664713
2017-12-09,0.0683998823929024
2017-12-10,-0.0028393909944712803
2017-12-11,-0.08581692254618178
2017-12-12,-0.12868792721866074
2017-12-13,-0.2503935696403363
2017-12-14,-0.35465254892251674
2017-12-15,-0.5494140358519595
2017-12-16,-1.533128091575456
2017-12-17,-1.5666406068976324
2017-12-18,-1.6421119812150557
2017-12-19,-1.4029837122643976
2017-12-20,-1.2060276577533853
2017-12-21,-1.2692075615760756
2017-12-22,-1.274462844272675
2017-12-23,-1.2715025434444776
2017-12-24,-1.2867034285276702
2017-12-25,-1.286403050363433
2017-12-26,-2.000064895617114
2017-12-27,-2.23202079547134
2017-12-28,-2.2589232266184998
2017-12-29,-2.2236554970401246
2017-12-30,-2.138722051939116
2017-12-31,-2.1171867506077438
2018-01-01,-2.1073516467041977
2018-01-02,-2.035656263673835
2018-01-03,-1.5005019140792575
2018-01-04,-1.5372206469336058
2018-01-05,-0.9502093918172804
2018-01-06,-1.0040946060934777
2018-01-07,-0.9267618108474321
2018-01-08,-0.1053061145232086
2018-01-09,0.05160789181288994
2018-01-10,0.0875029176392792
2018-01-11,0.07983142178530933
2018-01-12,0.07748183740972658
2018-01-13,0.13138156771937903
2018-01-14,0.11472740281846017
2018-01-15,0.11532082872100902
2018-01-16,0.09239639630264396
2018-01-17,0.08880433436083712
2018-01-18,0.16311074935824577
2018-01-19,0.17577126147969224
2018-01-20,0.14914933136376418
2018-01-21,0.16430133207766762
2018-01-22,0.14883503349586102
2018-01-23,0.009457296797699577
2018-01-24,0.11871067342729957
2018-01-25,0.13277016137498032
2018-01-26,0.13309353581336358
2018-01-27,0.16464867021136964
2018-01-28,0.19767286020020713
2018-01-29,0.23424741932872917
2018-01-30,0.23507100882782206
2018-01-31,0.29109916174949
2018-02-01,0.35060787249929626
2018-02-02,0.2399434129144431
2018-02-03,0.2692069862666766
2018-02-04,0.16942996472595806
2018-02-05,0.16962606133963098
2018-02-06,0.12396919169305431
2018-02-07,-0.6283217908750187
2018-02-08,-0.9851178184033313
2018-02-09,-0.9935455411792949
2018-02-10,-1.050075212488498
2018-02-11,-1.0835169706357137
2018-02-12,-1.2380430250445214
2018-02-13,-1.226290117674801
2018-02-14,-1.2331590011443794
2018-02-15,-1.2744179175914367
2018-02-16,-1.3184954279982826
2018-02-17,-1.685062282012061
2018-02-18,-1.7176199333240163
2018-02-19,-1.7830730665142693
2018-02-20,-1.7553501833105125
2018-02-21,-1.7520004206878181
2018-02-22,-1.6715224483668887
2018-02-23,-2.3110828609130727
2018-02-24,-2.686336466000463
2018-02-25,-1.8024717247831443
2018-02-26,-1.3718089614060294
2018-02-27,-1.4059461986950317
2018-02-28,-1.186092609142424
2018-03-01,-0.774005310833216
2018-03-02,-0.6269043468125155
2018-03-03,-0.5977178334508628
2018-03-04,-0.6297605762262435
2018-03-05,-0.6837189095396005
2018-03-06,-0.7367342733452256
2018-03-07,-0.6229391025234006
2018-03-08,-0.5875826940182651
2018-03-09,-0.5364603494552613
2018-03-10,-0.4413649735501577
2018-03-11,-0.44124407314986325
2018-03-12,-0.35452208997331147
2018-03-13,0.06338812991853104
2018-03-14,0.09844525415476468
2018-03-15,0.25346191056436584
2018-03-16,0.46633401407700825
2018-03-17,0.5007192381245309
2018-03-18,0.5494164533591392
2018-03-19,0.5884011179102642
2018-03-20,0.7322883840935143
2018-03-21,0.9901779621134496
2018-03-22,1.0625566324816869
2018-03-23,1.0258772315049083
2018-03-24,0.9948431163864822
2018-03-25,0.9533037287589028
2018-03-26,0.896146416113518
2018-03-27,0.8998948510036677
2018-03-28,0.8347202301585478
2018-03-29,0.8624877446803427
2018-03-30,0.8096855556723896
2018-03-31,0.65192299527501
2018-04-01,0.5856784613834056
2018-04-02,0.5779815392285619
2018-04-03,0.5797475362401696
2018-04-04,0.6172655770422344
2018-04-05,0.7113507516144264
2018-04-06,1.1088836067902648
2018-04-07,1.1388723134711913
2018-04-08,1.1360883627424916
2018-04-09,1.1415496302408787
2018-04-10,1.1711431232154115
2018-04-11,1.1576829665177657
2018-04-12,0.9538813557351642
2018-04-13,0.9402570712203707
2018-04-14,0.878357086456969
2018-04-15,0.8159816009655937
2018-04-16,0.9991120384331446
2018-04-17,1.002421609228736
2018-04-18,1.0286500276155717
2018-04-19,0.9858430310866468
2018-04-20,0.7560465008001059
2018-04-21,0.7017268835654112
2018-04-22,0.762187261600662
2018-04-23,0.7921292058820036
2018-04-24,0.8387258843105804
2018-04-25,0.8258669556106079
2018-04-26,0.8514457747877637
2018-04-27,0.8468362037696764
2018-04-28,0.8614711831570431
2018-04-29,0.8953912417294043
2018-04-30,0.9570619298995232
2018-05-01,0.9694791476335094
2018-05-02,0.9883052757789397
2018-05-03,1.044815199282284
2018-05-04,1.122700860550315
2018-05-05,1.0536595323654399
2018-05-06,0.05421253471429943
2018-05-07,-0.14431847267015563
2018-05-08,-0.10163279857634655
2018-05-09,-0.06550188006575564
2018-05-10,-0.0482843782224478
2018-05-11,-0.09050181360714604
2018-05-12,-0.030238291082119062
2018-05-13,0.0006931171481254772
2018-05-14,-0.014720735082223602
2018-05-15,-0.175977772148332
2018-05-16,-1.4042297805671438
2018-05-17,-1.5602116775247548
2018-05-18,-1.4375945611894152
2018-05-19,-1.356645429660892
2018-05-20,-1.3303498157419797
2018-05-21,-1.1962571758783214
2018-05-22,-1.0318972095919647
2018-05-23,-1.22765355105625
2018-05-24,-0.6174083128701089
2018-05-25,-0.285407945470997
2018-05-26,-0.2654930111852154
2018-05-27,-0.2173474620283673
2018-05-28,-0.23634086268469834
2018-05-29,-0.23462228368946847
2018-05-30,-0.25155994066198195
2018-05-31,-0.23315648772577635
2018-06-01,-0.17987124545378874
2018-06-02,-0.1066367198692959
2018-06-03,-0.11122805154937332
2018-06-04,-0.15547294308260806
2018-06-05,-0.10149258798978056
2018-06-06,-0.09072345115731051
2018-06-07,-0.06536843574902451
2018-06-08,-0.05859647161544013
2018-06-09,-0.04766890228073861
2018-06-10,-0.04686165993511571
2018-06-11,-0.044254192515842616
2018-06-12,-0.02347721045191098
2018-06-13,0.03599469654612997
2018-06-14,0.0862100649858073
2018-06-15,0.10333303389295256
2018-06-16,0.13167986739069626
2018-06-17,0.21450522098201286
2018-06-18,0.2589785371757958
2018-06-19,0.29827343999824785
2018-06-20,0.4344494117777489
2018-06-21,0.4720776495938259
2018-06-22,0.4992674154430208
2018-06-23,0.13681607909197036
2018-06-24,-0.5240018703826799
2018-06-25,-0.6225875482329679
2018-06-26,-0.6225875482329679
2018-06-27,-0.7276544443952623
2018-06-28,-0.6225875482329679
2018-06-29,-0.6225875482329679
2018-06-30,-0.6225875482329679
2018-07-01,-0.6225875482329679
2018-07-02,-0.6225875482329679
2018-07-03,-0.5240018703826799
2018-07-04,-0.3402517889631431
2018-07-05,-0.25293326782658254
2018-07-06,-0.25293326782658254
2018-07-07,-0.25293326782658254
2018-07-08,-0.0834458732659098
2018-07-09,-0.0834458732659098
2018-07-10,0.0834458732659098
2018-07-11,0.25293326782658254
2018-07-12,0.25293326782658254
2018-07-13,0.3402517889631431
2018-07-14,0.3402517889631431
2018-07-15,0.3402517889631431
2018-07-16,0.3402517889631431
2018-07-17,0.3402517889631431
2018-07-18,0.3402517889631431
2018-07-19,0.3402517889631431
2018-07-20,0.3402517889631431
2018-07-21,0.430291758905722
2018-07-22,0.3402517889631431
2018-07-23,0.3402517889631431
2018-07-24,0.430291758905722
2018-07-25,0.6225875482329675
2018-07-26,0.8414567173547837
2018-07-27,0.8414567173547837
2018-07-28,0.7276544443952623
2018-07-29,0.8414567173547837
2018-07-30,0.9673631298759848
2018-07-31,0.9673631298759848
2018-08-01,0.9673631298759848
2018-08-02,0.9673631298759848
2018-08-03,0.9673631298759848
2018-08-04,0.9673631298759848
2018-08-05,0.9673631298759848
2018-08-06,0.9673631298759848
2018-08-07,0.9673631298759848
2018-08-08,0.9673631298759848
2018-08-09,0.9673631298759848
2018-08-10,0.9673631298759848
2018-08-11,0.9673631298759848
2018-08-12,0.8414567173547837
2018-08-13,0.8414567173547837
2018-08-14,1.110828095252784
2018-08-15,1.110828095252784
2018-08-16,1.110828095252784
2018-08-17,1.110828095252784
2018-08-18,1.110828095252784
2018-08-19,0.9673631298759848
2018-08-20,0.9673631298759848
2018-08-21,1.110828095252784
2018-08-22,1.110828095252784
2018-08-23,1.110828095252784
2018-08-24,1.110828095252784
2018-08-25,1.110828095252784
2018-08-26,1.110828095252784
2018-08-27,1.110828095252784
2018-08-28,1.110828095252784
2018-08-29,1.110828095252784
2018-08-30,1.110828095252784
2018-08-31,1.110828095252784
2018-09-01,0.9673631298759848
2018-09-02,0.9673631298759848
2018-09-03,0.9673631298759848
2018-09-04,0.9673631298759848
2018-09-05,0.9673631298759848
2018-09-06,0.9673631298759848
2018-09-07,0.9673631298759848
2018-09-08,0.8414567173547837
2018-09-09,0.8414567173547837
2018-09-10,0.8414567173547837
2018-09-11,0.8414567173547837
2018-09-12,0.9673631298759848
2018-09-13,0.8414567173547837
2018-09-14,0.8414567173547837
2018-09-15,0.8414567173547837
2018-09-16,0.7276544443952623
2018-09-17,0.7276544443952623
2018-09-18,0.8414567173547837
2018-09-19,0.7276544443952623
2018-09-20,0.5240018703826799
2018-09-21,0.430291758905722
2018-09-22,0.430291758905722
2018-09-23,0.430291758905722
2018-09-24,0.430291758905722
2018-09-25,0.3402517889631431
2018-09-26,0.3402517889631431
2018-09-27,0.3402517889631431
2018-09-28,0.25293326782658254
2018-09-29,0.25293326782658254
2018-09-30,0.1675553012840909
2018-10-01,0.0834458732659098
2018-10-02,-0.010587897830456106
2018-10-03,1.9840781736075068
2018-10-04,1.5024783020723693
2018-10-05,1.3424727216573653
2018-10-06,1.2474164941544998
2018-10-07,1.2388597722700143
2018-10-08,1.2001576524061939
2018-10-09,1.0050921510791448
2018-10-10,0.8178084320934899
2018-10-11,0.7597573590267834
2018-10-12,0.707846047451666
2018-10-13,0.5919649982038808
2018-10-14,0.5592460386549802
2018-10-15,0.5612558825238667
2018-10-16,0.5503499631826239
2018-10-17,0.5007865030688341
2018-10-18,0.49907503799199193
2018-10-19,0.37600000458135496
2018-10-20,0.41497997068313275
2018-10-21,0.38444025474814336
2018-10-22,0.33889732072107526
2018-10-23,0.30583818475464053
2018-10-24,0.27423628498253727
2018-10-25,0.15922818927443028
2018-10-26,0.11262941007058846
2018-10-27,0.11253562867738243
2018-10-28,0.08693652010112696
2018-10-29,0.06833577543667424
2018-10-30,-0.033934401044496854
2018-10-31,-0.07555428576301293
2018-11-01,-0.1301217980971594
2018-11-02,-0.6385779564180485
2018-11-03,-0.8414567173547837
2018-11-04,-0.8414567173547837
2018-11-05,-0.8414567173547837
2018-11-06,-0.9673631298759848
2018-11-07,-0.9673631298759848
2018-11-08,-0.9673631298759848
2018-11-09,-0.9673631298759848
2018-11-10,-0.9673631298759848
2018-11-11,-0.9673631298759848
2018-11-12,-0.9673631298759848
2018-11-13,-0.9673631298759848
2018-11-14,-0.9673631298759848
2018-11-15,-0.9673631298759848
2018-11-16,-0.9673631298759848
2018-11-17,-1.110828095252784
2018-11-18,-0.9673631298759848
2018-11-19,-1.110828095252784
2018-11-20,-1.110828095252784
2018-11-21,-0.6181894907677821
2018-11-22,-0.24132293959385787
2018-11-23,0.5079766290464593
2018-11-24,0.5716282866481623
2018-11-25,0.6567098671938325
2018-11-26,0.5702426228438102
2018-11-27,0.6798897811089276
2018-11-28,1.184886158108499
2018-11-29,1.7183952856900393
2018-11-30,1.6031259194210403
2018-12-01,1.661789940309786
2018-12-02,1.544850554234435
2018-12-03,1.4719344862654564
2018-12-04,1.4385471782957904
2018-12-05,1.3731439451651448
2018-12-06,1.3794343176951134
2018-12-07,1.3563334694166134
2018-12-08,1.3372690322190839
2018-12-09,1.3169191297374685
2018-12-10,1.2952088025326542
2018-12-11,1.191423542608449
2018-12-12,1.1531774138946143
2018-12-13,1.1164150516751605
2018-12-14,1.0845751928746121
2018-12-15,1.0379639065211217
2018-12-16,1.3307825813270564
2018-12-17,1.3869320166502517
2018-12-18,1.3485477843817857
2018-12-19,1.2913933323282758
2018-12-20,1.248245567667039
2018-12-21,0.9002725876751547
2018-12-22,0.7505183990997559
2018-12-23,0.4760644211764218
2018-12-24,0.640694958559848
2018-12-25,0.5998180773329109
2018-12-26,0.6346994561401469
2018-12-27,0.6019692857033287
2018-12-28,0.30043835131997065
2018-12-29,-0.18114661351663663
2018-12-30,-0.17971100101097592
2018-12-31,-0.3831994498716875
2019-01-01,-0.32808602589665004
2019-01-02,-0.33075525643814774
2019-01-03,-0.38982370898597885
2019-01-04,-0.44282478068217745
2019-01-05,-0.20541849340980112
2019-01-06,0.06880897051724855
2019-01-07,0.05763948635437055
2019-01-08,0.06528687496951857
2019-01-09,0.11096109950139676
2019-01-10,0.14207775842858683
2019-01-11,0.13780112685682622
2019-01-12,0.1347453353701733
2019-01-13,0.18567499851366165
2019-01-14,0.18730469789586612
2019-01-15,0.008574226180074529
2019-01-16,0.30208951775827764
2019-01-17,0.3301932195963928
2019-01-18,0.31837837228132027
2019-01-19,0.3379537890932387
2019-01-20,0.5097125962896021
2019-01-21,0.5120717126110408
2019-01-22,0.4722332145916237
2019-01-23,0.18628270133326685
2019-01-24,0.16364868591856196
2019-01-25,0.14210835532707167
2019-01-26,0.1419402569243473
2019-01-27,0.17326041417992033
2019-01-28,0.20618488253668033
2019-01-29,0.24261741537410653
2019-01-30,0.2434980099381936
2019-01-31,0.2991529847485934
2019-02-01,0.5128319722826771
2019-02-02,0.7034426614578082
2019-02-03,0.843355122336026
2019-02-04,0.8816543887881333
2019-02-05,0.7207560576756397
2019-02-06,0.7188791359019967
2019-02-07,0.6936056287715282
2019-02-08,0.6836416109212343
2019-02-09,0.8174184860547148
2019-02-10,0.8192735491617836
2019-02-11,0.83437849113498
2019-02-12,0.8773571666279703
2019-02-13,1.0026183442871863
2019-02-14,1.0385139744370147
2019-02-15,0.8713060902383141
2019-02-16,0.8891576389414614
2019-02-17,0.9345409887615035
2019-02-18,0.9431831409273169
2019-02-19,0.79735867993999
2019-02-20,0.772300306325313
2019-02-21,0.7905669206022397
2019-02-22,0.830790504454907
2019-02-23,0.8518026246118187
2019-02-24,0.8547000350415517
2019-02-25,0.8790915280002037
2019-02-26,0.990430376232807
2019-02-27,0.9849322774848591
2019-02-28,0.9863505888096111
2019-03-01,1.037746923858517
2019-03-02,1.2922009244723154
2019-03-03,1.1815903267672816
2019-03-04,1.024565329282187
2019-03-05,0.910514499713408
2019-03-06,0.8941592822023854
2019-03-07,0.9081156994441045
2019-03-08,0.9630113852894523
2019-03-09,1.0463462793023237
2019-03-10,1.0209451127365925
2019-03-11,0.9166085959531969
2019-03-12,0.9256190817819071
2019-03-13,0.9305804283845059
2019-03-14,0.9239216879610567
2019-03-15,0.7268481972345541
2019-03-16,0.4723821976874818
2019-03-17,0.3547054124442588
2019-03-18,0.33132784384792036
2019-03-19,0.42872335502312864
2019-03-20,0.4918327768438031
2019-03-21,0.514462977304297
2019-03-22,0.722754491075807
2019-03-23,0.7799094122303838
2019-03-24,0.7325184230994988
2019-03-25,0.7181445155186842
2019-03-26,0.6996429607029298
2019-03-27,0.7345939116946986
2019-03-28,0.7003081157557232
2019-03-29,0.7046355949321643
2019-03-30,0.7170138169538552
2019-03-31,0.6506357770485202
2019-04-01,0.33384847575678633
2019-04-02,0.39656303743292987
2019-04-03,0.4015303873640139
2019-04-04,0.38648285402390803
2019-04-05,0.2696196963309434
2019-04-06,0.16344660515124954
2019-04-07,0.1210559249422658
2019-04-08,0.0711639520733085
2019-04-09,0.06524349097450832
2019-04-10,0.08379141700298431
2019-04-11,0.08221603131936206
2019-04-12,0.08889041562107924
2019-04-13,0.09889958356765338
2019-04-14,0.11531428978673874
2019-04-15,0.16733758613886773
2019-04-16,0.18230326685343656
2019-04-17,0.1448236826870022
2019-04-18,0.0743420144222402
2019-04-19,0.02707000220277256
2019-04-20,0.03760975510647224
2019-04-21,-0.27552818074140295
2019-04-22,-0.4064644989559014
2019-04-23,-0.3602594914466293
2019-04-24,-0.3411504379209649
2019-04-25,-0.31738900327437114
2019-04-26,-0.4897011075259661
2019-04-27,-0.5647400492364321
2019-04-28,-0.5483797924723728
2019-04-29,-0.5300327717122568
2019-04-30,-0.5026264123814725
2019-05-01,-0.700250475608459
2019-05-02,-1.0846784784031152
2019-05-03,-1.0812444799076952
2019-05-04,-1.0518304137588617
2019-05-05,-1.0771721911249301
2019-05-06,-1.001773974589192
2019-05-07,-0.9340887344141094
2019-05-08,-0.9513050249262047
2019-05-09,-0.872899672884749
2019-05-10,-0.8475802909794538
2019-05-11,-0.8416982750284833
2019-05-12,-0.8038766490656186
2019-05-13,-0.7814682678827526
2019-05-14,-0.8185318932590365
2019-05-15,0.3755291412263373
2019-05-16,0.6852231506321309
2019-05-17,0.7466430829530178
2019-05-18,1.0959572642657904
2019-05-19,1.324343714006906
2019-05-20,1.4255373099420185
2019-05-21,1.5274033235403222
2019-05-22,1.5463836384301255
2019-05-23,1.5784323532105824
2019-05-24,1.7500904568031883
2019-05-25,1.8457921099508794
2019-05-26,1.8377391944699748
2019-05-27,1.8527098027957303
2019-05-28,1.8423849274235136
2019-05-29,1.832299109152526
2019-05-30,1.8520286093441012
2019-05-31,1.903812389795486
2019-06-01,1.9019194304353375
2019-06-02,1.877383725581883
2019-06-03,1.894566454445939
2019-06-04,1.9375708803004172
2019-06-05,1.8790084758096972
2019-06-06,1.876339007140266
2019-06-07,1.8601165477357742
2019-06-08,1.8903307711186315
2019-06-09,1.9157169416426134
2019-06-10,1.931147997609823
2019-06-11,1.9696994020619663
2019-06-12,2.0106778229856994
2019-06-13,2.0060283344740983
2019-06-14,1.7468471059221051
2019-06-15,1.5632877734292707
2019-06-16,1.607500374120482
2019-06-17,1.1303400298332815
2019-06-18,0.49558037586238957
2019-06-19,0.47893205953809037
2019-06-20,0.08496253723087022
2019-06-21,0.13633869007018973
2019-06-22,0.14237387487395803
2019-06-23,0.22282704562188793
2019-06-24,0.14864561409821664
2019-06-25,-0.6225875482329679
2019-06-26,-0.6225875482329679
2019-06-27,-0.7276544443952623
2019-06-28,-0.6225875482329679
2019-06-29,-0.6225875482329679
2019-06-30,-0.6225875482329679
2019-07-01,-0.6225875482329679
2019-07-02,-0.6225875482329679
2019-07-03,-0.5240018703826799
2019-07-04,-0.3402517889631431
2019-07-05,-0.25293326782658254
2019-07-06,-0.25293326782658254
2019-07-07,-0.25293326782658254
2019-07-08,-0.0834458732659098
2019-07-09,-0.0834458732659098
2019-07-10,0.0834458732659098
2019-07-11,0.25293326782658254
2019-07-12,0.25293326782658254
2019-07-13,0.3402517889631431
2019-07-14,0.3402517889631431
2019-07-15,0.3402517889631431
2019-07-16,0.3402517889631431
2019-07-17,0.3402517889631431
2019-07-18,0.3402517889631431
2019-07-19,0.3402517889631431
2019-07-20,0.3402517889631431
2019-07-21,0.430291758905722
2019-07-22,0.3402517889631431
2019-07-23,0.3402517889631431
2019-07-24,0.430291758905722
2019-07-25,0.6225875482329675
2019-07-26,0.8414567173547837
2019-07-27,0.8414567173547837
2019-07-28,0.7276544443952623
2019-07-29,0.8414567173547837
2019-07-30,0.9673631298759848
2019-07-31,0.9673631298759848
2019-08-01,0.9673631298759848
2019-08-02,0.9673631298759848
2019-08-03,0.9673631298759848
2019-08-04,0.9673631298759848
2019-08-05,0.9673631298759848
2019-08-06,0.9673631298759848
2019-08-07,0.9673631298759848
2019-08-08,0.9673631298759848
2019-08-09,0.9673631298759848
2019-08-10,0.9673631298759848
2019-08-11,0.9673631298759848
2019-08-12,0.8414567173547837
2019-08-13,0.8414567173547837
2019-08-14,1.110828095252784
2019-08-15,1.110828095252784
2019-08-16,1.110828095252784
2019-08-17,1.110828095252784
2019-08-18,1.110828095252784
2019-08-19,0.9673631298759848
2019-08-20,0.9673631298759848
2019-08-21,1.110828095252784
2019-08-22,1.110828095252784
2019-08-23,1.110828095252784
2019-08-24,1.110828095252784
2019-08-25,1.110828095252784
2019-08-26,1.110828095252784
2019-08-27,1.110828095252784
2019-08-28,1.110828095252784
2019-08-29,1.110828095252784
2019-08-30,1.110828095252784
2019-08-31,1.110828095252784
2019-09-01,0.9673631298759848
2019-09-02,0.9673631298759848
2019-09-03,0.9673631298759848
2019-09-04,0.9673631298759848
2019-09-05,0.9673631298759848
2019-09-06,0.9673631298759848
2019-09-07,0.9673631298759848
2019-09-08,0.8414567173547837
2019-09-09,0.8414567173547837
2019-09-10,0.8414567173547837
2019-09-11,0.8414567173547837
2019-09-12,0.9673631298759848
2019-09-13,0.8414567173547837
2019-09-14,0.8414567173547837
2019-09-15,0.8414567173547837
2019-09-16,2.20527309318621
2019-09-17,2.20527309318621
2019-09-18,2.165877454600225
2019-09-19,2.202822699346841
2019-09-20,2.17226110412393
2019-09-21,1.8519282952355662
2019-09-22,1.7934219748063167
2019-09-23,1.7905082772022824
2019-09-24,1.750355445788124
2019-09-25,1.657885268062807
2019-09-26,1.657885268062807
2019-09-27,1.6518652076115554
2019-09-28,1.66732130517835
2019-09-29,1.66732130517835
2019-09-30,1.6910428402111237
2019-10-01,1.6304642605165176
2019-10-02,1.7475812209151704
2019-10-03,1.4930563003366664
2019-10-04,0.853764682369422
2019-10-05,0.7214565240444271
2019-10-06,0.6726122112918006
2019-10-07,0.6627443756897002
2019-10-08,0.6368367198043561
2019-10-09,0.46673036257037137
2019-10-10,0.3939534551555055
2019-10-11,0.37609985568676363
2019-10-12,0.3362845760686317
2019-10-13,0.2791166655663784
2019-10-14,0.22568321228414323
2019-10-15,0.22784949973589774
2019-10-16,-0.3786826862039443
2019-10-17,-0.39382732094690587
2019-10-18,-0.43029175890572224
2019-10-19,-0.5240018703826799
2019-10-20,-0.6225875482329679
2019-10-21,-0.6225875482329679
2019-10-22,-0.6225875482329679
2019-10-23,-0.6225875482329679
2019-10-24,-0.6225875482329679
2019-10-25,-0.6225875482329679
2019-10-26,-0.6225875482329679
2019-10-27,-0.7276544443952623
2019-10-28,-0.7276544443952623
2019-10-29,-0.8414567173547837
2019-10-30,-0.8414567173547837
2019-10-31,-0.8414567173547837
2019-11-01,-0.8414567173547837
2019-11-02,-0.9673631298759848
2019-11-03,-0.8414567173547837
2019-11-04,-0.8414567173547837
2019-11-05,-0.8414567173547837
2019-11-06,-0.9673631298759848
2019-11-07,-0.9673631298759848
2019-11-08,-0.9673631298759848
2019-11-09,-0.9673631298759848
2019-11-10,-0.9673631298759848
2019-11-11,-0.9673631298759848
2019-11-12,-0.9673631298759848
2019-11-13,-0.9673631298759848
2019-11-14,-0.9673631298759848
2019-11-15,-0.9673631298759848
2019-11-16,-0.9673631298759848
2019-11-17,-1.110828095252784
2019-11-18,-0.9673631298759848
2019-11-19,-1.110828095252784
2019-11-20,-1.110828095252784
2019-11-21,-1.281728756502709
2019-11-22,-1.281728756502709
2019-11-23,-1.281728756502709
2019-11-24,-1.281728756502709
2019-11-25,-1.8343248635084133
2019-11-26,-1.0369300344341448
2019-11-27,-0.8961143286388457
2019-11-28,-0.6020601926977593
2019-11-29,-0.5358532781289396
2019-11-30,0.14926179477804058
2019-12-01,1.131312432643828
2019-12-02,1.3342105421950863
2019-12-03,1.3569024003755084
2019-12-04,1.4892557040584475
2019-12-05,1.4131510758843455
2019-12-06,1.4931683725439067
2019-12-07,1.6628776975554636
2019-12-08,1.6944325976069972
2019-12-09,1.6722281995353363
2019-12-10,1.6782308011526221
2019-12-11,1.5731763064712725
2019-12-12,1.5360408475038043
2019-12-13,1.5545124399419876
2019-12-14,1.555380978605648
2019-12-15,1.4995252966981738
2019-12-16,1.4474742478119866
2019-12-17,1.459721956348342
2019-12-18,1.4346869866707856
2019-12-19,1.37138788385142
2019-12-20,1.3172730150914072
2019-12-21,1.238750852041285
2019-12-22,1.328692830599688
2019-12-23,1.321719054107151
2019-12-24,1.293329088120056
2019-12-25,1.237463754529918
2019-12-26,1.1201668274872247
2019-12-27,1.0893063884358596
2019-12-28,0.996820879444611
2019-12-29,0.9805736734743883
2019-12-30,0.7892985167418419
2019-12-31,0.2491042620370545
2020-01-01,0.004943855776857742
2020-01-02,-0.10624006366475625
2020-01-03,-0.38060687537873994
2020-01-04,-0.4195817332065579
2020-01-05,-0.44313803333013846
2020-01-06,-0.8984449590903977
2020-01-07,-1.0478666624497546
2020-01-08,-0.9611296321340407
2020-01-09,-0.7895338611471623
2020-01-10,-0.7347504859326764
2020-01-11,-0.7872264667542485
2020-01-12,-0.8787534089793381
2020-01-13,-0.7681614149942989
2020-01-14,-0.7590790979244678
2020-01-15,-0.7557764282822582
2020-01-16,-0.530761928407149
2020-01-17,-0.5620762692896595
2020-01-18,-0.5296080735974837
2020-01-19,-0.4627655611587005
2020-01-20,-0.5436521974604718
2020-01-21,-0.8066712804293751
2020-01-22,-0.839933793022497
2020-01-23,-1.0515888551960444
2020-01-24,-1.0501898213011134
2020-01-25,-0.966860772563506
2020-01-26,-0.8529768359092027
2020-01-27,-0.8021725232717887
2020-01-28,-0.7770173192756785
2020-01-29,-0.7607048310941571
2020-01-30,-0.7662523476067621
2020-01-31,-0.6693643799993308
2020-02-01,-0.5853654757364342
2020-02-02,-0.6458479951345487
2020-02-03,-0.5721368278986338
2020-02-04,-0.5403483200763675
2020-02-05,-0.5175041449615498
2020-02-06,-0.5541312930531246
2020-02-07,-0.6594708586709633
2020-02-08,-0.9358611971360132
2020-02-09,-0.9513954592015793
2020-02-10,-1.0108107179934418
2020-02-11,-1.0511847537501118
2020-02-12,-1.2513938175269137
2020-02-13,-1.2662955783288674
2020-02-14,-1.273211667265468
2020-02-15,-2.0229770322924323
2020-02-16,-2.083087991824193
2020-02-17,-2.129099713368744
2020-02-18,-2.168466350868123
2020-02-19,-2.2487068364133513
2020-02-20,-2.229928027057384
2020-02-21,-2.1147822163751195
2020-02-22,-2.08406392608674
2020-02-23,-1.9134147280879978
2020-02-24,-2.0847194237197177
2020-02-25,-1.8343248635084133
2020-02-26,-1.8343248635084133
2020-02-27,-1.8343248635084133
2020-02-28,-1.8343248635084133
2020-03-01,-1.8343248635084133
2020-03-02,-1.8343248635084133
2020-03-03,-1.8343248635084133
2020-03-04,-1.8343248635084133
2020-03-05,-1.8343248635084133
2020-03-06,-1.8343248635084133
2020-03-07,-2.6794780617439216
2020-03-08,-2.660257905959406
2020-03-09,-2.6145841797030434
2020-03-10,-2.413310449156388
2020-03-11,-2.472633302923278
2020-03-12,-2.473550140192464
2020-03-13,-2.3817933573695775
2020-03-14,-1.4801173298439885
2020-03-15,-0.3830493151559713
2020-03-16,-0.0014381032727794896
2020-03-17,0.03972213517164369
2020-03-18,0.09024742589162948
2020-03-19,0.12469102186205827
2020-03-20,0.12094204866721103
2020-03-21,0.16859344060524561
2020-03-22,0.18202694320910462
2020-03-23,0.23025148204434243
2020-03-24,0.3548153531620297
2020-03-25,0.3804449202872586
2020-03-26,0.39488168553139946
2020-03-27,0.4065396154090919
2020-03-28,0.44632855194262744
2020-03-29,0.47298405212085615
2020-03-30,0.48258839843991885
2020-03-31,0.5085228416347123
2020-04-01,0.5307581812758853
2020-04-02,0.5739243544760195
2020-04-03,0.5757620210060506
2020-04-04,0.7069068734271345
2020-04-05,1.1570897988774687
2020-04-06,1.1503150126336519
2020-04-07,1.121094512838639
2020-04-08,1.1189269159623785
2020-04-09,1.1367463899891659
2020-04-10,1.1662878416727114
2020-04-11,1.1664659634224241
2020-04-12,1.169838409733163
2020-04-13,1.0532835573571242
2020-04-14,0.7039431000773573
2020-04-15,0.49347629040475205
2020-04-16,0.475186679007906
2020-04-17,0.4522059042962545
2020-04-18,0.4924276858882468
2020-04-19,0.551801463217868
2020-04-20,0.5657352768907793
2020-04-21,0.6264416114034999
2020-04-22,0.6416456367020948
2020-04-23,0.5680759508036897
2020-04-24,0.5740378317825838
2020-04-25,0.576191396258396
2020-04-26,0.6034089631294066
2020-04-27,0.5882127296469688
2020-04-28,0.6030504615716612
2020-04-29,0.6338580386261123
2020-04-30,0.6887805362932716
2020-05-01,0.7021784773948883
2020-05-02,0.7213571747848989
2020-05-03,0.7703573212109784
2020-05-04,0.6708502672064497
2020-05-05,-0.9310831605468787
2020-05-06,-1.696728312718577
2020-05-07,-1.6290640894018893
2020-05-08,-1.6421436335126731
2020-05-09,-1.8343248635084133
2020-05-10,-1.8343248635084133
2020-05-11,-1.8343248635084133
2020-05-12,-1.8343248635084133
2020-05-13,-1.8343248635084133
2020-05-14,-1.8343248635084133
2020-05-15,-1.8343248635084133
2020-05-16,-1.8343248635084133
2020-05-17,-0.45953557382604737
2020-05-18,0.12396961291964836
2020-05-19,0.1692397790359641
2020-05-20,0.22367869967706477
2020-05-21,0.22822546395384902
2020-05-22,0.2064682025817608
2020-05-23,0.23156492208765056
2020-05-24,0.16030330635184598
2020-05-25,0.18922910893682787
2020-05-26,0.18956923365247325
2020-05-27,0.2393900655913348
2020-05-28,0.2223864827675086
2020-05-29,0.22163158844315967
2020-05-30,0.21248679384426072
2020-05-31,0.23766846758816818
2020-06-01,0.2712055194935892
2020-06-02,0.31728593771253766
2020-06-03,0.31699953937018965
2020-06-04,0.28957532596331625
2020-06-05,0.32178708202103223
2020-06-06,0.32210491975117983
2020-06-07,0.33156821173049433
2020-06-08,0.343099892259632
2020-06-09,0.3572244955196613
2020-06-10,0.36087409114539937
2020-06-11,0.37049743280383907
2020-06-12,0.39595611540151143
2020-06-13,0.44498193416032206
2020-06-14,0.5474476291779957
2020-06-15,0.6383513876559836
2020-06-16,0.22916309213339647
2020-06-17,-0.8077528115252121
2020-06-18,-0.9673631298759848
2020-06-19,-0.9673631298759848
2020-06-20,-0.8414567173547837
2020-06-21,-0.7276544443952623
2020-06-22,-0.7276544443952623
2020-06-23,-0.6225875482329679
2020-06-24,-0.5240018703826799
2020-06-25,-0.6225875482329679
2020-06-26,-0.6225875482329679
2020-06-27,-0.7276544443952623
2020-06-28,-0.6225875482329679
2020-06-29,-0.6225875482329679
2020-06-30,-0.6225875482329679
2020-07-01,-0.6225875482329679
2020-07-02,-0.6225875482329679
2020-07-03,-0.5240018703826799
2020-07-04,-0.3402517889631431
2020-07-05,-0.25293326782658254
2020-07-06,-0.25293326782658254
2020-07-07,-0.25293326782658254
2020-07-08,-0.0834458732659098
2020-07-09,-0.0834458732659098
2020-07-10,0.0834458732659098
2020-07-11,0.25293326782658254
2020-07-12,0.25293326782658254
2020-07-13,0.3402517889631431
2020-07-14,0.3402517889631431
2020-07-15,0.3402517889631431
2020-07-16,0.3402517889631431
2020-07-17,0.3402517889631431
2020-07-18,0.3402517889631431
2020-07-19,0.3402517889631431
2020-07-20,0.3402517889631431
2020-07-21,0.430291758905722
2020-07-22,0.3402517889631431
2020-07-23,0.3402517889631431
2020-07-24,0.430291758905722
2020-07-25,0.6225875482329675
2020-07-26,0.8414567173547837
2020-07-27,0.8414567173547837
2020-07-28,0.7276544443952623
2020-07-29,0.8414567173547837
2020-07-30,0.9673631298759848
2020-07-31,0.9673631298759848
2020-08-01,0.9673631298759848
2020-08-02,0.9673631298759848
2020-08-03,0.9673631298759848
2020-08-04,0.9673631298759848
2020-08-05,0.9673631298759848
2020-08-06,0.9673631298759848
2020-08-07,0.9673631298759848
2020-08-08,0.9673631298759848
2020-08-09,0.9673631298759848
2020-08-10,0.9673631298759848
2020-08-11,0.9673631298759848
2020-08-12,0.8414567173547837
2020-08-13,0.8414567173547837
2020-08-14,1.110828095252784
2020-08-15,1.110828095252784
2020-08-16,1.110828095252784
2020-08-17,1.110828095252784
2020-08-18,1.110828095252784
2020-08-19,0.9673631298759848
2020-08-20,0.9673631298759848
2020-08-21,1.110828095252784
2020-08-22,1.110828095252784
2020-08-23,1.110828095252784
2020-08-24,1.110828095252784
2020-08-25,1.110828095252784
2020-08-26,1.110828095252784
2020-08-27,1.110828095252784
2020-08-28,1.110828095252784
2020-08-29,1.110828095252784
2020-08-30,1.110828095252784
2020-08-31,1.110828095252784
2020-09-01,0.9673631298759848
2020-09-02,0.9673631298759848
2020-09-03,0.9673631298759848
2020-09-04,0.9673631298759848
2020-09-05,0.9673631298759848
2020-09-06,0.9673631298759848
2020-09-07,0.9673631298759848
2020-09-08,0.8414567173547837
2020-09-09,0.8414567173547837
2020-09-10,0.8414567173547837
2020-09-11,0.8414567173547837
2020-09-12,0.9673631298759848
2020-09-13,0.8414567173547837
2020-09-14,0.8414567173547837
2020-09-15,0.8414567173547837
2020-09-16,0.7276544443952623
2020-09-17,0.7276544443952623
2020-09-18,0.8414567173547837
2020-09-19,0.7276544443952623
2020-09-20,0.5240018703826799
2020-09-21,0.430291758905722
2020-09-22,0.430291758905722
2020-09-23,0.430291758905722
2020-09-24,0.430291758905722
2020-09-25,0.3402517889631431
2020-09-26,0.3402517889631431
2020-09-27,0.3402517889631431
2020-09-28,0.25293326782658254
2020-09-29,0.25293326782658254
2020-09-30,0.1675553012840909
2020-10-01,0.0834458732659098
2020-10-02,-0.0834458732659098
2020-10-03,-0.1675553012840909
2020-10-04,-0.25293326782658254
2020-10-05,-0.1675553012840909
2020-10-06,-0.1675553012840909
2020-10-07,-0.1675553012840909
2020-10-08,-0.1675553012840909
2020-10-09,-0.25293326782658254
2020-10-10,-0.25293326782658254
2020-10-11,-0.25293326782658254
2020-10-12,-0.25293326782658254
2020-10-13,-0.25293326782658254
2020-10-14,-0.3402517889631431
2020-10-15,-0.43029175890572224
2020-10-16,-0.43029175890572224
2020-10-17,-0.43029175890572224
2020-10-18,-0.43029175890572224
2020-10-19,-0.5240018703826799
2020-10-20,-0.6225875482329679
2020-10-21,-0.6225875482329679
2020-10-22,-0.6225875482329679
2020-10-23,-0.6225875482329679
2020-10-24,-0.6225875482329679
2020-10-25,-0.6225875482329679
2020-10-26,-0.6225875482329679
2020-10-27,-0.7276544443952623
2020-10-28,-0.7276544443952623
2020-10-29,-0.8414567173547837
2020-10-30,-0.8414567173547837
2020-10-31,-0.8414567173547837
2020-11-01,-0.8414567173547837
2020-11-02,-0.9673631298759848
2020-11-03,-0.8414567173547837
2020-11-04,-0.8414567173547837
2020-11-05,-0.8414567173547837
2020-11-06,-0.9673631298759848
2020-11-07,-0.9673631298759848
2020-11-08,-0.9673631298759848
2020-11-09,-0.9673631298759848
2020-11-10,-0.9673631298759848
2020-11-11,-0.9673631298759848
2020-11-12,-0.9673631298759848
2020-11-13,-0.9673631298759848
2020-11-14,-0.9673631298759848
2020-11-15,-0.9673631298759848
2020-11-16,-0.9673631298759848
2020-11-17,-0.5480887664485932
2020-11-18,-0.13413583261262096
2020-11-19,-0.20537727086486646
2020-11-20,-0.3434437575800324
2020-11-21,-0.3728096298684418
2020-11-22,-0.4050080456584553
2020-11-23,-0.421773337775758
2020-11-24,-0.4222485163869121
2020-11-25,-0.13477996357394795
2020-11-26,-0.23427563239188198
2020-11-27,-0.2776911938622417
2020-11-28,-0.28413900723871244
2020-11-29,-0.2764139611375529
2020-11-30,-0.2846531252961786
2020-12-01,-0.34518980927046394
2020-12-02,-0.3936916907811563
2020-12-03,-0.3718710339880107
2020-12-04,-0.3870366916634589
2020-12-05,-0.3895317249628023
2020-12-06,-0.5187284385441651
2020-12-07,-0.5916239366359355
2020-12-08,-0.549703923082487
2020-12-09,-0.5611937141582344
2020-12-10,-0.6587292896351468
2020-12-11,-0.12224155300443806
2020-12-12,0.02622123256788922
2020-12-13,0.45158644406200765
2020-12-14,0.3849117498644259
2020-12-15,0.35181835646583437
2020-12-16,0.40605231172228584
2020-12-17,0.17832050040561764
2020-12-18,-0.1863155113518733
2020-12-19,-0.13382953301744482
2020-12-20,-0.09928181022807547
2020-12-21,-0.16717526019602702
2020-12-22,-0.1850322460698215
2020-12-23,-0.1865590264603989
2020-12-24,-0.2065798732751567
2020-12-25,-0.20230389750329603
2020-12-26,-0.08042799867243233
2020-12-27,-0.044410605470636355
2020-12-28,-0.07743963920334607
2020-12-29,-0.07468014407518697
2020-12-30,-0.0050819100450048005
2020-12-31,0.02186565024357212
