date,WB
1/1/81,-0.9
1/2/81,-0.8
1/3/81,-1.1
1/4/81,-1.4
1/5/81,-1.2
1/6/81,-1
1/7/81,-0.9
1/8/81,-0.8
1/9/81,-0.8
1/10/81,0
1/11/81,-0.8
1/12/81,-1.1
1/13/81,-1.6
1/14/81,-0.8
1/15/81,-0.3
1/16/81,-0.3
1/17/81,-1.5
1/18/81,-1.7
1/19/81,-1.8
1/20/81,-1.7
1/21/81,-1.6
1/22/81,19.6
1/23/81,24.7
1/24/81,6.3
1/25/81,-1.5
1/26/81,9.1
1/27/81,28.3
1/28/81,26.2
1/29/81,20.1
1/30/81,3.6
1/31/81,-0.5
2/1/81,-1.6
2/2/81,-1.7
2/3/81,-1.8
2/4/81,-1.8
2/5/81,-1.6
2/6/81,-1.6
2/7/81,-1.4
2/8/81,0.9
2/9/81,1.8
2/10/81,-1.7
2/11/81,-2
2/12/81,-1.6
2/13/81,0.7
2/14/81,3.1
2/15/81,-2.3
2/16/81,-2.4
2/17/81,-2.3
2/18/81,-2.6
2/19/81,-2.4
2/20/81,-2.3
2/21/81,-2.5
2/22/81,-2.9
2/23/81,-0.2
2/24/81,1.8
2/25/81,1.7
2/26/81,-0.5
2/27/81,-2.3
2/28/81,-1.2
3/1/81,0.5
3/2/81,1.2
3/3/81,-1.1
3/4/81,10.7
3/5/81,13.7
3/6/81,-2.4
3/7/81,-2.5
3/8/81,-2.8
3/9/81,-2
3/10/81,-3.1
3/11/81,-3.1
3/12/81,-1.2
3/13/81,-0.7
3/14/81,-2.2
3/15/81,6.4
3/16/81,8.8
3/17/81,-2.8
3/18/81,5.3
3/19/81,13
3/20/81,11.2
3/21/81,2
3/22/81,-0.9
3/23/81,-3.1
3/24/81,-3.1
3/25/81,8
3/26/81,6.9
3/27/81,-3.4
3/28/81,-3.5
3/29/81,-3.1
3/30/81,-3.3
3/31/81,-3.4
4/1/81,-2.7
4/2/81,-3.3
4/3/81,-3.5
4/4/81,-4
4/5/81,-4.5
4/6/81,-3.9
4/7/81,-3.9
4/8/81,-3.8
4/9/81,-4.1
4/10/81,-3.7
4/11/81,-3.8
4/12/81,-4.3
4/13/81,-4.6
4/14/81,-5.1
4/15/81,-4.6
4/16/81,-4.9
4/17/81,-4.7
4/18/81,7.1
4/19/81,16.5
4/20/81,-1.1
4/21/81,-4.4
4/22/81,-5
4/23/81,-5.7
4/24/81,-4.9
4/25/81,-4
4/26/81,-3.8
4/27/81,-5.2
4/28/81,-6
4/29/81,-6.4
4/30/81,-6.9
5/1/81,-6.4
5/2/81,-4.7
5/3/81,-5.3
5/4/81,-4.9
5/5/81,-5
5/6/81,-5.1
5/7/81,-5.7
5/8/81,-6.2
5/9/81,-6.4
5/10/81,-6.4
5/11/81,-6.1
5/12/81,-6.4
5/13/81,-6.2
5/14/81,-5
5/15/81,-4.8
5/16/81,-5.1
5/17/81,-4.9
5/18/81,-3
5/19/81,3.3
5/20/81,-5
5/21/81,-5.3
5/22/81,-6
5/23/81,-6.3
5/24/81,-6.2
5/25/81,-5.4
5/26/81,-5.5
5/27/81,-7
5/28/81,-7.3
5/29/81,-6.6
5/30/81,-6.3
5/31/81,-7.3
6/1/81,-6.5
6/2/81,-6.3
6/3/81,-7.3
6/4/81,-8.3
6/5/81,-8.5
6/6/81,-7.4
6/7/81,-7.1
6/8/81,-6.9
6/9/81,-6.7
6/10/81,-6.7
6/11/81,-6.6
6/12/81,-5.7
6/13/81,-5.6
6/14/81,-6.2
6/15/81,-7.5
6/16/81,-8.3
6/17/81,-7.7
6/18/81,-8
6/19/81,-8.5
6/20/81,-8.3
6/21/81,-8.7
6/22/81,-8.8
6/23/81,-8.3
6/24/81,-8.5
6/25/81,-8.5
6/26/81,-8.6
6/27/81,-8.7
6/28/81,-8.2
6/29/81,-7.6
6/30/81,-7.7
7/1/81,-7.4
7/2/81,-7.8
7/3/81,-8.1
7/4/81,-7.7
7/5/81,-7.4
7/6/81,-7.5
7/7/81,-6.9
7/8/81,-8
7/9/81,-7.5
7/10/81,-7.3
7/11/81,-7.1
7/12/81,-7.1
7/13/81,-7.7
7/14/81,-8.3
7/15/81,-8.5
7/16/81,-7.5
7/17/81,-7
7/18/81,-7.5
7/19/81,-8
7/20/81,-8
7/21/81,-8.1
7/22/81,-8.1
7/23/81,-7.8
7/24/81,-7.8
7/25/81,-7.7
7/26/81,-7.5
7/27/81,-7.2
7/28/81,-7.4
7/29/81,-7.4
7/30/81,-7.1
7/31/81,-6.8
8/1/81,-6.5
8/2/81,-6.4
8/3/81,-6.4
8/4/81,-6.8
8/5/81,-7.4
8/6/81,-8
8/7/81,-8.1
8/8/81,-7.8
8/9/81,-7.3
8/10/81,-6
8/11/81,-6
8/12/81,-6.3
8/13/81,-5.9
8/14/81,-6.6
8/15/81,-6.6
8/16/81,-7
8/17/81,-6.6
8/18/81,-5.6
8/19/81,-5
8/20/81,-5.7
8/21/81,-6.4
8/22/81,-6.5
8/23/81,-5.2
8/24/81,-5.5
8/25/81,-5.9
8/26/81,-6.6
8/27/81,-7
8/28/81,-7.2
8/29/81,-6.5
8/30/81,-5.7
8/31/81,-6.3
9/1/81,-6.3
9/2/81,-6
9/3/81,-5.9
9/4/81,-6
9/5/81,-5.8
9/6/81,-5.9
9/7/81,-5.5
9/8/81,-5.7
9/9/81,-5.4
9/10/81,-5.7
9/11/81,-5.8
9/12/81,-5
9/13/81,-4.7
9/14/81,-5.2
9/15/81,-5.1
9/16/81,-5
9/17/81,-5
9/18/81,-5
9/19/81,-4.7
9/20/81,-4.8
9/21/81,-4.7
9/22/81,-4.5
9/23/81,-4.1
9/24/81,-3.7
9/25/81,-3.3
9/26/81,-4.1
9/27/81,-3.8
9/28/81,-3.4
9/29/81,-3.6
9/30/81,-4.1
10/1/81,-3.7
10/2/81,-1.6
10/3/81,-0.7
10/4/81,-3.1
10/5/81,-3.4
10/6/81,-2.7
10/7/81,-0.2
10/8/81,-2.7
10/9/81,-2.3
10/10/81,-0.6
10/11/81,2.3
10/12/81,-0.4
10/13/81,-2.6
10/14/81,-2.8
10/15/81,-3
10/16/81,-2.8
10/17/81,-3.1
10/18/81,-3.3
10/19/81,-3.4
10/20/81,-3.3
10/21/81,-3.3
10/22/81,-3.2
10/23/81,-3.3
10/24/81,-2.8
10/25/81,-2.8
10/26/81,-2.1
10/27/81,7.8
10/28/81,13
10/29/81,3.6
10/30/81,-2.2
10/31/81,-2.5
11/1/81,-2.6
11/2/81,-2.6
11/3/81,-2.4
11/4/81,-2.2
11/5/81,-1.1
11/6/81,-0.6
11/7/81,-2
11/8/81,-2.3
11/9/81,-2.2
11/10/81,-2
11/11/81,0.1
11/12/81,9.1
11/13/81,22.7
11/14/81,14.5
11/15/81,0.2
11/16/81,1.2
11/17/81,12.4
11/18/81,-0.6
11/19/81,-1.5
11/20/81,-1.4
11/21/81,0.5
11/22/81,11.5
11/23/81,-0.8
11/24/81,4.5
11/25/81,0
11/26/81,3.3
11/27/81,7.2
11/28/81,7.6
11/29/81,-0.3
11/30/81,-1.2
12/1/81,-1.4
12/2/81,-1.2
12/3/81,-1
12/4/81,-0.8
12/5/81,-0.7
12/6/81,-0.9
12/7/81,-0.8
12/8/81,-0.7
12/9/81,3.2
12/10/81,2.7
12/11/81,-1.2
12/12/81,-0.4
12/13/81,2
12/14/81,0.2
12/15/81,-1.3
12/16/81,-1.2
12/17/81,-1
12/18/81,1.7
12/19/81,7.1
12/20/81,6.7
12/21/81,1.9
12/22/81,-0.1
12/23/81,-1.1
12/24/81,0
12/25/81,-1
12/26/81,-1
12/27/81,-0.1
12/28/81,-0.4
12/29/81,5.7
12/30/81,16.9
12/31/81,4.5
1/1/82,9.5
1/2/82,-0.3
1/3/82,17.1
1/4/82,24.8
1/5/82,3.8
1/6/82,-0.9
1/7/82,-1
1/8/82,-1.2
1/9/82,-1.3
1/10/82,-1.3
1/11/82,-1.2
1/12/82,-1.3
1/13/82,-0.9
1/14/82,3.2
1/15/82,3.6
1/16/82,-0.8
1/17/82,-0.6
1/18/82,0.6
1/19/82,6.9
1/20/82,6.9
1/21/82,4.4
1/22/82,-1.1
1/23/82,-1.2
1/24/82,-1
1/25/82,-0.2
1/26/82,0.3
1/27/82,1.5
1/28/82,-0.1
1/29/82,-1.5
1/30/82,-1.6
1/31/82,-1.7
2/1/82,-1.8
2/2/82,-1.9
2/3/82,-1.8
2/4/82,-1.5
2/5/82,-1.6
2/6/82,-1.8
2/7/82,-1.7
2/8/82,-1.7
2/9/82,-1.6
2/10/82,-1.7
2/11/82,-1.9
2/12/82,-2.1
2/13/82,1.1
2/14/82,12.3
2/15/82,26
2/16/82,12.7
2/17/82,14.5
2/18/82,-2.2
2/19/82,-2.3
2/20/82,-2.4
2/21/82,-2.5
2/22/82,-1.9
2/23/82,-2.1
2/24/82,-2.2
2/25/82,-2.4
2/26/82,-1.4
2/27/82,-2.4
2/28/82,0.5
3/1/82,4.8
3/2/82,2.9
3/3/82,4.6
3/4/82,0.2
3/5/82,-2.6
3/6/82,-2.8
3/7/82,-1.8
3/8/82,-2.9
3/9/82,-0.2
3/10/82,5.5
3/11/82,12.4
3/12/82,-2.5
3/13/82,0.9
3/14/82,4.2
3/15/82,6.3
3/16/82,7.6
3/17/82,12.9
3/18/82,3.4
3/19/82,0.3
3/20/82,-1.7
3/21/82,-2.8
3/22/82,-3.2
3/23/82,-3.3
3/24/82,-3.3
3/25/82,1.5
3/26/82,3.2
3/27/82,0.5
3/28/82,5.9
3/29/82,11.6
3/30/82,11
3/31/82,21.4
4/1/82,20.3
4/2/82,2.3
4/3/82,1.1
4/4/82,0.6
4/5/82,-1.9
4/6/82,-2.8
4/7/82,-3
4/8/82,-3.3
4/9/82,1.2
4/10/82,9
4/11/82,13.4
4/12/82,0.4
4/13/82,-3.3
4/14/82,-3.4
4/15/82,-3.4
4/16/82,-4
4/17/82,-4.3
4/18/82,-4.2
4/19/82,-4.3
4/20/82,-4.9
4/21/82,-4.8
4/22/82,-5.1
4/23/82,-5.1
4/24/82,-5.1
4/25/82,-4.4
4/26/82,-4.6
4/27/82,-5.2
4/28/82,-4.7
4/29/82,-5.1
4/30/82,-5.4
5/1/82,-4.8
5/2/82,-5.5
5/3/82,-5.6
5/4/82,-5.8
5/5/82,-6
5/6/82,-6
5/7/82,-6
5/8/82,-4.7
5/9/82,-4.5
5/10/82,-3.7
5/11/82,-5.1
5/12/82,-5.1
5/13/82,-5.1
5/14/82,-5.5
5/15/82,-6.3
5/16/82,-6.5
5/17/82,-5.4
5/18/82,-5.6
5/19/82,-6.5
5/20/82,-6.5
5/21/82,-6.2
5/22/82,-6.7
5/23/82,-7.1
5/24/82,-8
5/25/82,-7.1
5/26/82,-5.8
5/27/82,-5.1
5/28/82,-6.2
5/29/82,-5.2
5/30/82,-5.8
5/31/82,-5.2
6/1/82,-5.5
6/2/82,-5.6
6/3/82,-5.6
6/4/82,-5.4
6/5/82,-5.6
6/6/82,-5.7
6/7/82,-5.9
6/8/82,-6.7
6/9/82,-7.1
6/10/82,-6.3
6/11/82,-4.9
6/12/82,-5.7
6/13/82,-6.4
6/14/82,-7.3
6/15/82,-7.5
6/16/82,-8.2
6/17/82,-6.8
6/18/82,-6
6/19/82,-6.3
6/20/82,-6.8
6/21/82,-6.9
6/22/82,-6.6
6/23/82,-6.6
6/24/82,-6.1
6/25/82,-6.5
6/26/82,-6.4
6/27/82,-6
6/28/82,-3.4
6/29/82,-4.2
6/30/82,-2
7/1/82,-5.2
7/2/82,-6
7/3/82,-5.3
7/4/82,-5.8
7/5/82,-6.6
7/6/82,-7
7/7/82,-6.3
7/8/82,-6.7
7/9/82,-7.5
7/10/82,-7.3
7/11/82,-7.6
7/12/82,-7.3
7/13/82,-7.9
7/14/82,-7.7
7/15/82,-7.6
7/16/82,-6.4
7/17/82,-6.6
7/18/82,-7.2
7/19/82,-7.5
7/20/82,-7.5
7/21/82,-7.5
7/22/82,-7.3
7/23/82,-7.3
7/24/82,-7.2
7/25/82,-7
7/26/82,-7.3
7/27/82,-7.5
7/28/82,-7.6
7/29/82,-7.9
7/30/82,-7.9
7/31/82,-7.8
8/1/82,-7.1
8/2/82,-6.7
8/3/82,-5.9
8/4/82,-6.3
8/5/82,-6.6
8/6/82,-7.1
8/7/82,-5.5
8/8/82,-7.4
8/9/82,-6.2
8/10/82,-6.1
8/11/82,-5.5
8/12/82,-6.6
8/13/82,-5.9
8/14/82,-5.5
8/15/82,-5.9
8/16/82,-6.5
8/17/82,-6.8
8/18/82,-6.7
8/19/82,-6.4
8/20/82,-6.7
8/21/82,-7
8/22/82,-7
8/23/82,-6.6
8/24/82,-6.4
8/25/82,-5.7
8/26/82,-5.9
8/27/82,-5.5
8/28/82,-5.3
8/29/82,-5.1
8/30/82,-5.6
8/31/82,-6.1
9/1/82,-5.9
9/2/82,-6.1
9/3/82,-5.6
9/4/82,-5.8
9/5/82,-6.2
9/6/82,-5.7
9/7/82,-6.3
9/8/82,-6.2
9/9/82,-5.5
9/10/82,-5.1
9/11/82,-5.1
9/12/82,-5.2
9/13/82,-4.9
9/14/82,-4.6
9/15/82,3.6
9/16/82,1.5
9/17/82,-1.3
9/18/82,0.2
9/19/82,-3.4
9/20/82,-4.2
9/21/82,-4.6
9/22/82,-4.7
9/23/82,3.1
9/24/82,10.4
9/25/82,8.4
9/26/82,1.9
9/27/82,-3.3
9/28/82,-3.4
9/29/82,-3.3
9/30/82,-3.4
10/1/82,-3.6
10/2/82,-3.7
10/3/82,-3.6
10/4/82,-3.2
10/5/82,-3.4
10/6/82,-1.9
10/7/82,-0.5
10/8/82,-3.1
10/9/82,-3.6
10/10/82,-3.6
10/11/82,-3.6
10/12/82,-3.7
10/13/82,-3.5
10/14/82,-3.6
10/15/82,-3.5
10/16/82,-3.2
10/17/82,-2.8
10/18/82,-3
10/19/82,-2.8
10/20/82,-2.7
10/21/82,-2.4
10/22/82,-0.9
10/23/82,-0.6
10/24/82,6.7
10/25/82,30.8
10/26/82,11.2
10/27/82,-2.1
10/28/82,-2.1
10/29/82,6.4
10/30/82,10.4
10/31/82,-0.8
11/1/82,-2.1
11/2/82,-2.2
11/3/82,-2.2
11/4/82,-2.2
11/5/82,-2.1
11/6/82,-2
11/7/82,-1.4
11/8/82,-0.5
11/9/82,5.9
11/10/82,7.5
11/11/82,-0.1
11/12/82,-1.4
11/13/82,-1.5
11/14/82,-1.1
11/15/82,-1
11/16/82,-0.7
11/17/82,3.3
11/18/82,16.9
11/19/82,18.4
11/20/82,-1.5
11/21/82,0.1
11/22/82,2.8
11/23/82,-0.2
11/24/82,-1.4
11/25/82,-1.2
11/26/82,-1.1
11/27/82,-0.9
11/28/82,2.6
11/29/82,20.7
11/30/82,28.5
12/1/82,1.2
12/2/82,0.2
12/3/82,-1.3
12/4/82,-1.1
12/5/82,-1
12/6/82,-0.9
12/7/82,-1.3
12/8/82,-1.4
12/9/82,-1.3
12/10/82,-1.4
12/11/82,-1.4
12/12/82,0.3
12/13/82,0.6
12/14/82,0.2
12/15/82,-1.2
12/16/82,-0.9
12/17/82,-1.2
12/18/82,-0.2
12/19/82,-0.4
12/20/82,5.1
12/21/82,20.7
12/22/82,35.2
12/23/82,4.9
12/24/82,-1.1
12/25/82,-1
12/26/82,-1
12/27/82,-1.1
12/28/82,-1.1
12/29/82,-1.2
12/30/82,-1
12/31/82,-0.8
1/1/83,-0.7
1/2/83,-0.7
1/3/83,-0.6
1/4/83,-0.8
1/5/83,-0.7
1/6/83,-0.7
1/7/83,-0.7
1/8/83,-0.7
1/9/83,-1.3
1/10/83,-1.2
1/11/83,-0.9
1/12/83,-0.8
1/13/83,-0.1
1/14/83,-0.8
1/15/83,1.7
1/16/83,-0.4
1/17/83,-0.6
1/18/83,12
1/19/83,8.3
1/20/83,0
1/21/83,2.8
1/22/83,22.2
1/23/83,32.1
1/24/83,11.9
1/25/83,-0.8
1/26/83,13.1
1/27/83,18.3
1/28/83,12.8
1/29/83,9.3
1/30/83,-0.1
1/31/83,-1.6
2/1/83,-1.5
2/2/83,-1.3
2/3/83,-1.6
2/4/83,-1.6
2/5/83,3.3
2/6/83,12.8
2/7/83,30.4
2/8/83,12.4
2/9/83,0.6
2/10/83,-2
2/11/83,-1.5
2/12/83,5.5
2/13/83,4.7
2/14/83,-1.8
2/15/83,-1.8
2/16/83,-1.1
2/17/83,0.9
2/18/83,3
2/19/83,-0.4
2/20/83,-2.3
2/21/83,-2.1
2/22/83,-2.1
2/23/83,-2.1
2/24/83,-0.9
2/25/83,5.4
2/26/83,13.8
2/27/83,9.9
2/28/83,10.3
3/1/83,18.3
3/2/83,10.3
3/3/83,2.7
3/4/83,0.1
3/5/83,1.3
3/6/83,3.9
3/7/83,5
3/8/83,-1.7
3/9/83,-2.8
3/10/83,3.7
3/11/83,2.5
3/12/83,15.1
3/13/83,19.1
3/14/83,3.9
3/15/83,-2.8
3/16/83,3.6
3/17/83,9.8
3/18/83,0.7
3/19/83,-0.4
3/20/83,6.3
3/21/83,8.3
3/22/83,2.4
3/23/83,7.6
3/24/83,7.7
3/25/83,6
3/26/83,2.9
3/27/83,-1.6
3/28/83,-1
3/29/83,-1.9
3/30/83,-2.2
3/31/83,-3.2
4/1/83,-3.1
4/2/83,-3.1
4/3/83,-3.1
4/4/83,-3.6
4/5/83,-3.6
4/6/83,-3.9
4/7/83,-4.2
4/8/83,-4
4/9/83,-3.1
4/10/83,-3
4/11/83,-2.6
4/12/83,-3.2
4/13/83,-3.6
4/14/83,-3.9
4/15/83,-3.4
4/16/83,-3.9
4/17/83,-3.4
4/18/83,-2.2
4/19/83,-0.6
4/20/83,-3.1
4/21/83,-3.8
4/22/83,-2.9
4/23/83,2.7
4/24/83,4.3
4/25/83,-0.8
4/26/83,-3.7
4/27/83,9.4
4/28/83,10.6
4/29/83,4.6
4/30/83,4.3
5/1/83,-3.7
5/2/83,-4.2
5/3/83,-4.6
5/4/83,-3.1
5/5/83,-0.4
5/6/83,-0.4
5/7/83,-4.4
5/8/83,-4.4
5/9/83,-4.5
5/10/83,-4.5
5/11/83,-4.9
5/12/83,-4.8
5/13/83,-5.1
5/14/83,-5.9
5/15/83,-5.4
5/16/83,-5.4
5/17/83,-6.1
5/18/83,-6.4
5/19/83,-6.7
5/20/83,-7.2
5/21/83,-7
5/22/83,-6.9
5/23/83,-6.9
5/24/83,-6.8
5/25/83,-7.1
5/26/83,-7.4
5/27/83,-7.3
5/28/83,-7
5/29/83,-6
5/30/83,-6.4
5/31/83,-5.2
6/1/83,-4.4
6/2/83,-5
6/3/83,-5.9
6/4/83,-6.7
6/5/83,-7.5
6/6/83,-7.5
6/7/83,-7.6
6/8/83,-6.3
6/9/83,-6.8
6/10/83,-6.1
6/11/83,-5.4
6/12/83,-6.6
6/13/83,-7.6
6/14/83,-7.3
6/15/83,-6.9
6/16/83,-8
6/17/83,-7
6/18/83,-6.3
6/19/83,-6.9
6/20/83,-6.8
6/21/83,-7
6/22/83,-7.2
6/23/83,-6.6
6/24/83,-7
6/25/83,-7.6
6/26/83,-7.3
6/27/83,-5.9
6/28/83,-6.2
6/29/83,-6.4
6/30/83,-6.2
7/1/83,-4.8
7/2/83,-5.8
7/3/83,-7.1
7/4/83,-7.9
7/5/83,-8.2
7/6/83,-6.5
7/7/83,-5.5
7/8/83,-6
7/9/83,-6.4
7/10/83,-7.4
7/11/83,-8.4
7/12/83,-8.7
7/13/83,-8.9
7/14/83,-7.7
7/15/83,-7.1
7/16/83,-6.6
7/17/83,-6
7/18/83,-5.9
7/19/83,-5.8
7/20/83,-6.8
7/21/83,-7.4
7/22/83,-7
7/23/83,-7.1
7/24/83,-6.5
7/25/83,-5.9
7/26/83,-6.6
7/27/83,-6.7
7/28/83,-7
7/29/83,-7.3
7/30/83,-7.4
7/31/83,-7.2
8/1/83,-7.3
8/2/83,-7
8/3/83,-7.3
8/4/83,-6.9
8/5/83,-6.9
8/6/83,-7.8
8/7/83,-7.5
8/8/83,-7.1
8/9/83,-6.5
8/10/83,-6.2
8/11/83,-6.8
8/12/83,-7.4
8/13/83,-6.9
8/14/83,-5.7
8/15/83,-6.8
8/16/83,-7.1
8/17/83,-6.9
8/18/83,-5.5
8/19/83,-2.9
8/20/83,-5.1
8/21/83,-4.8
8/22/83,-5
8/23/83,-5.2
8/24/83,-5.5
8/25/83,-5.1
8/26/83,-5.6
8/27/83,-5.7
8/28/83,-5.7
8/29/83,-5.4
8/30/83,-5.5
8/31/83,-2
9/1/83,-0.3
9/2/83,-5.5
9/3/83,-5.8
9/4/83,-6.4
9/5/83,-6.3
9/6/83,-6.1
9/7/83,-4.4
9/8/83,-4.5
9/9/83,-5.1
9/10/83,-5.9
9/11/83,-6.2
9/12/83,-6.6
9/13/83,-6.1
9/14/83,-6.1
9/15/83,-6.2
9/16/83,-5.6
9/17/83,-5.6
9/18/83,-5.3
9/19/83,-4.9
9/20/83,-5
9/21/83,-2.8
9/22/83,2.8
9/23/83,-3.5
9/24/83,-4.1
9/25/83,-4.1
9/26/83,-3.3
9/27/83,-3.2
9/28/83,-3.9
9/29/83,2.1
9/30/83,4.7
10/1/83,3.7
10/2/83,-3.3
10/3/83,-3.5
10/4/83,-4
10/5/83,-3.8
10/6/83,-3.7
10/7/83,-3.7
10/8/83,-3.3
10/9/83,-3.1
10/10/83,-3.4
10/11/83,-3.7
10/12/83,-3.7
10/13/83,-3
10/14/83,-3
10/15/83,-3
10/16/83,-3.1
10/17/83,-3.1
10/18/83,-3.1
10/19/83,-3.3
10/20/83,-3.4
10/21/83,-3.3
10/22/83,-3
10/23/83,-2.8
10/24/83,-1.3
10/25/83,-3.2
10/26/83,-3.4
10/27/83,-3.2
10/28/83,-3
10/29/83,1.2
10/30/83,4.3
10/31/83,-0.1
11/1/83,-2
11/2/83,-2.2
11/3/83,-2.3
11/4/83,-2.1
11/5/83,-2.1
11/6/83,-2.3
11/7/83,-1.8
11/8/83,-1.8
11/9/83,-1
11/10/83,41.4
11/11/83,7.8
11/12/83,4.4
11/13/83,11.8
11/14/83,-1.5
11/15/83,-1.1
11/16/83,16.5
11/17/83,20.5
11/18/83,-0.2
11/19/83,12.1
11/20/83,6.2
11/21/83,-0.1
11/22/83,-1
11/23/83,7.3
11/24/83,18.3
11/25/83,-1.3
11/26/83,-1.3
11/27/83,-1.4
11/28/83,-1.4
11/29/83,-1.2
11/30/83,-0.7
12/1/83,0.3
12/2/83,0.8
12/3/83,3.8
12/4/83,-1.1
12/5/83,-1.2
12/6/83,-1.2
12/7/83,-0.1
12/8/83,0.5
12/9/83,9.4
12/10/83,3.1
12/11/83,3.3
12/12/83,-1.1
12/13/83,0.1
12/14/83,-0.9
12/15/83,-0.9
12/16/83,0
12/17/83,-1
12/18/83,-1
12/19/83,-0.9
12/20/83,-1.1
12/21/83,0.6
12/22/83,9.1
12/23/83,7.2
12/24/83,34.9
12/25/83,12.7
12/26/83,4.4
12/27/83,0.5
12/28/83,2.2
12/29/83,0.1
12/30/83,0.4
12/31/83,-1.2
1/1/84,-1.3
1/2/84,-1.1
1/3/84,-0.9
1/4/84,-0.9
1/5/84,-0.7
1/6/84,-0.8
1/7/84,-0.7
1/8/84,-0.7
1/9/84,-0.6
1/10/84,-0.7
1/11/84,-1.2
1/12/84,-1.1
1/13/84,-0.9
1/14/84,-1.1
1/15/84,3.7
1/16/84,1.3
1/17/84,-0.3
1/18/84,-1.2
1/19/84,-1.3
1/20/84,-1.3
1/21/84,-1.3
1/22/84,-1.3
1/23/84,-1.5
1/24/84,-1.8
1/25/84,-1.7
1/26/84,-1.9
1/27/84,-1.7
1/28/84,-1.8
1/29/84,-1.9
1/30/84,-2.1
1/31/84,-1.8
2/1/84,-1.7
2/2/84,-0.9
2/3/84,-1.9
2/4/84,-2.1
2/5/84,-2.2
2/6/84,-2.1
2/7/84,-1.9
2/8/84,-0.8
2/9/84,2.5
2/10/84,1.3
2/11/84,-0.4
2/12/84,1.5
2/13/84,3.8
2/14/84,2.5
2/15/84,9.6
2/16/84,0.1
2/17/84,-1.9
2/18/84,-2
2/19/84,-2.2
2/20/84,9
2/21/84,10
2/22/84,-1.9
2/23/84,-2.1
2/24/84,-2
2/25/84,-2.2
2/26/84,-2.3
2/27/84,-2.6
2/28/84,-2.6
2/29/84,-2.6
3/1/84,-2.7
3/2/84,-2.6
3/3/84,-2.9
3/4/84,-3.1
3/5/84,-2.9
3/6/84,-3.1
3/7/84,-2.9
3/8/84,-3.1
3/9/84,-3
3/10/84,-3.2
3/11/84,-3
3/12/84,-3.1
3/13/84,13.5
3/14/84,-2.1
3/15/84,-1.7
3/16/84,6.4
3/17/84,-2.7
3/18/84,-1.2
3/19/84,-3.7
3/20/84,-4
3/21/84,-3.1
3/22/84,-3.6
3/23/84,-2.2
3/24/84,-3.4
3/25/84,-3.4
3/26/84,-3.2
3/27/84,-3.7
3/28/84,-4
3/29/84,-3.4
3/30/84,-3.5
3/31/84,1.5
4/1/84,-1.3
4/2/84,-3.5
4/3/84,-3.9
4/4/84,-3.4
4/5/84,-3.2
4/6/84,-3.9
4/7/84,-3.4
4/8/84,-3.3
4/9/84,-2.3
4/10/84,-0.3
4/11/84,-2.7
4/12/84,-4.4
4/13/84,-5
4/14/84,-6
4/15/84,-4.9
4/16/84,-4.1
4/17/84,-3.8
4/18/84,3
4/19/84,-3.2
4/20/84,-4.1
4/21/84,-3.1
4/22/84,-5.3
4/23/84,-5.4
4/24/84,-4.6
4/25/84,-3.5
4/26/84,-3.9
4/27/84,-4.4
4/28/84,-2.2
4/29/84,-4.5
4/30/84,-4.5
5/1/84,-2.8
5/2/84,-4.6
5/3/84,-5
5/4/84,-4.7
5/5/84,-4.9
5/6/84,-5.4
5/7/84,-6.4
5/8/84,-7.1
5/9/84,-6.1
5/10/84,-5.9
5/11/84,-6.1
5/12/84,-6.6
5/13/84,-6.5
5/14/84,-4.6
5/15/84,-4.8
5/16/84,-5.6
5/17/84,-5.7
5/18/84,-6.4
5/19/84,-7.1
5/20/84,-6.5
5/21/84,-6.6
5/22/84,-7.2
5/23/84,-6.8
5/24/84,-5.9
5/25/84,-7.2
5/26/84,-7
5/27/84,-7.9
5/28/84,-8.8
5/29/84,-8
5/30/84,-8
5/31/84,-6.8
6/1/84,-7.6
6/2/84,-6.6
6/3/84,-6.5
6/4/84,-1.9
6/5/84,-5.6
6/6/84,-4.9
6/7/84,-5.7
6/8/84,-6.1
6/9/84,-6.4
6/10/84,-6.2
6/11/84,-6.7
6/12/84,-6.2
6/13/84,-6.5
6/14/84,-6.8
6/15/84,-7.2
6/16/84,-7.8
6/17/84,-8.3
6/18/84,-8
6/19/84,-6.2
6/20/84,-6.5
6/21/84,-7
6/22/84,-7.4
6/23/84,-7.9
6/24/84,-7.4
6/25/84,-8.5
6/26/84,-8.3
6/27/84,-8.4
6/28/84,-8.2
6/29/84,-7.1
6/30/84,-7.8
7/1/84,-8.6
7/2/84,-9
7/3/84,-8.5
7/4/84,-8.2
7/5/84,-8
7/6/84,-8.5
7/7/84,-8.4
7/8/84,-8.2
7/9/84,-7.8
7/10/84,-8.2
7/11/84,-8.5
7/12/84,-8.4
7/13/84,-8.7
7/14/84,-7.9
7/15/84,-7
7/16/84,-7.8
7/17/84,-8.1
7/18/84,-7.7
7/19/84,-7.5
7/20/84,-7.1
7/21/84,-6.5
7/22/84,-5.6
7/23/84,-6.1
7/24/84,-6.2
7/25/84,-6.5
7/26/84,-7.2
7/27/84,-7.6
7/28/84,-6.8
7/29/84,-7.2
7/30/84,-7.7
7/31/84,-7.5
8/1/84,-6.7
8/2/84,-6.3
8/3/84,-6.9
8/4/84,-7.1
8/5/84,-6.5
8/6/84,-7.1
8/7/84,-7.8
8/8/84,-7.8
8/9/84,-8.3
8/10/84,-6.1
8/11/84,-6.4
8/12/84,-6.4
8/13/84,-6.3
8/14/84,-6.9
8/15/84,-5.8
8/16/84,-6.3
8/17/84,-7
8/18/84,-7.1
8/19/84,-6.8
8/20/84,-6.3
8/21/84,-6.4
8/22/84,-6.3
8/23/84,-6.3
8/24/84,-5.8
8/25/84,-4.7
8/26/84,-5.7
8/27/84,-6.1
8/28/84,-6.4
8/29/84,-6.3
8/30/84,-4.8
8/31/84,-5.1
9/1/84,-5.8
9/2/84,-6.5
9/3/84,-6.3
9/4/84,-6.3
9/5/84,-6.2
9/6/84,-5.6
9/7/84,-5.8
9/8/84,-6.3
9/9/84,-6.3
9/10/84,-5.7
9/11/84,-5
9/12/84,-5.2
9/13/84,-5.6
9/14/84,-5.6
9/15/84,-5.5
9/16/84,-5.5
9/17/84,-5.9
9/18/84,-5.6
9/19/84,-4.6
9/20/84,-4.1
9/21/84,-4.7
9/22/84,-4.6
9/23/84,-3.8
9/24/84,-4.1
9/25/84,-4.5
9/26/84,-4.9
9/27/84,-5
9/28/84,-4.7
9/29/84,-4.4
9/30/84,-2.4
10/1/84,-3.3
10/2/84,-3.7
10/3/84,-3.2
10/4/84,-3.3
10/5/84,-3.4
10/6/84,-3.7
10/7/84,-4.1
10/8/84,-3.5
10/9/84,-3.5
10/10/84,4.8
10/11/84,5.1
10/12/84,-2.9
10/13/84,-2.9
10/14/84,-2.7
10/15/84,-2.5
10/16/84,23.3
10/17/84,-0.7
10/18/84,-0.1
10/19/84,-2
10/20/84,-2.3
10/21/84,-2.1
10/22/84,-2.6
10/23/84,-2.6
10/24/84,-1.8
10/25/84,-2.7
10/26/84,-1.4
10/27/84,-2.1
10/28/84,-1.7
10/29/84,-1.7
10/30/84,-2
10/31/84,-2.1
11/1/84,-1.3
11/2/84,0.8
11/3/84,-1.1
11/4/84,-2.2
11/5/84,-1.6
11/6/84,-0.6
11/7/84,9.8
11/8/84,12.1
11/9/84,-0.5
11/10/84,4.6
11/11/84,0.7
11/12/84,8.4
11/13/84,10
11/14/84,-1.4
11/15/84,3.3
11/16/84,2.7
11/17/84,1.9
11/18/84,2.1
11/19/84,-1.4
11/20/84,2.6
11/21/84,0.8
11/22/84,-1.3
11/23/84,5.1
11/24/84,11.4
11/25/84,-1.3
11/26/84,-1.2
11/27/84,15.6
11/28/84,0.1
11/29/84,-1.2
11/30/84,-1.3
12/1/84,-1.1
12/2/84,6.4
12/3/84,2.5
12/4/84,-1
12/5/84,-0.3
12/6/84,-1.4
12/7/84,-1.4
12/8/84,-0.6
12/9/84,11.2
12/10/84,-0.9
12/11/84,9.3
12/12/84,-1.1
12/13/84,-1.2
12/14/84,1.7
12/15/84,10.9
12/16/84,-1.1
12/17/84,-1.1
12/18/84,-0.9
12/19/84,-1.1
12/20/84,-1.1
12/21/84,-1.1
12/22/84,-1.1
12/23/84,-0.8
12/24/84,0.3
12/25/84,-0.7
12/26/84,0
12/27/84,2.7
12/28/84,4.1
12/29/84,-0.7
12/30/84,-0.6
12/31/84,-1
1/1/85,-1.2
1/2/85,15.5
1/3/85,-1.2
1/4/85,0.6
1/5/85,-1
1/6/85,0.5
1/7/85,11.8
1/8/85,-1.1
1/9/85,-0.7
1/10/85,-1.2
1/11/85,-0.8
1/12/85,-1.1
1/13/85,-1.2
1/14/85,-0.7
1/15/85,-0.6
1/16/85,-1
1/17/85,-1.1
1/18/85,-0.9
1/19/85,-0.7
1/20/85,-0.6
1/21/85,-0.8
1/22/85,-0.8
1/23/85,-0.9
1/24/85,-0.9
1/25/85,-0.8
1/26/85,-1.1
1/27/85,-0.8
1/28/85,0.7
1/29/85,-1.3
1/30/85,2.1
1/31/85,-1.6
2/1/85,1.8
2/2/85,-1.4
2/3/85,-1.3
2/4/85,2.1
2/5/85,-1.5
2/6/85,-1.5
2/7/85,10.1
2/8/85,22.3
2/9/85,-1.7
2/10/85,-1.7
2/11/85,-0.7
2/12/85,-1.1
2/13/85,-2.2
2/14/85,-2.3
2/15/85,-2.4
2/16/85,-2.5
2/17/85,-2.4
2/18/85,-2.6
2/19/85,-2.2
2/20/85,-2
2/21/85,-2.6
2/22/85,-2.9
2/23/85,-2.7
2/24/85,-2.9
2/25/85,-2.7
2/26/85,-2.9
2/27/85,-3.1
2/28/85,-3
3/1/85,-0.3
3/2/85,-2.1
3/3/85,-1
3/4/85,0
3/5/85,5.3
3/6/85,8.9
3/7/85,2.2
3/8/85,-1.5
3/9/85,1.2
3/10/85,8.6
3/11/85,0.1
3/12/85,-2.4
3/13/85,-3
3/14/85,-3.3
3/15/85,-3
3/16/85,-2.7
3/17/85,1
3/18/85,1.1
3/19/85,-2.7
3/20/85,-2.9
3/21/85,-2.9
3/22/85,-3.3
3/23/85,-3.4
3/24/85,-2.8
3/25/85,-2.6
3/26/85,20.9
3/27/85,5.8
3/28/85,-1.2
3/29/85,-3.3
3/30/85,-1.6
3/31/85,-4.1
4/1/85,-2.6
4/2/85,-4.8
4/3/85,-4.8
4/4/85,-4.5
4/5/85,-5
4/6/85,-3.9
4/7/85,-4.3
4/8/85,-5.1
4/9/85,-4.9
4/10/85,-4
4/11/85,-4.3
4/12/85,-5
4/13/85,-5.6
4/14/85,-6.2
4/15/85,-3.9
4/16/85,-3.2
4/17/85,-3.4
4/18/85,-3.7
4/19/85,-3.5
4/20/85,-2.4
4/21/85,-3.3
4/22/85,-4.4
4/23/85,-5.1
4/24/85,-4.8
4/25/85,-3.8
4/26/85,-5
4/27/85,-5.7
4/28/85,-5.3
4/29/85,-5.3
4/30/85,-6
5/1/85,-6.2
5/2/85,-5.2
5/3/85,-4.9
5/4/85,-5.4
5/5/85,-5.9
5/6/85,-4.9
5/7/85,-4.9
5/8/85,-5.1
5/9/85,-5
5/10/85,-4.2
5/11/85,-5
5/12/85,-5.9
5/13/85,-6.4
5/14/85,-6.1
5/15/85,-6.4
5/16/85,-5.3
5/17/85,-5
5/18/85,-5.4
5/19/85,-6.1
5/20/85,-6.3
5/21/85,-6.9
5/22/85,-7
5/23/85,-6.3
5/24/85,-6.2
5/25/85,-5.7
5/26/85,-5.1
5/27/85,-4.9
5/28/85,-4.7
5/29/85,-5.2
5/30/85,-5.9
5/31/85,-4.4
6/1/85,-3
6/2/85,3.1
6/3/85,-6.1
6/4/85,-6.6
6/5/85,-6.9
6/6/85,-7.4
6/7/85,-7.3
6/8/85,-7.5
6/9/85,-8.1
6/10/85,-8
6/11/85,-8.6
6/12/85,-8.4
6/13/85,-8.5
6/14/85,-8.3
6/15/85,-8.3
6/16/85,-8.7
6/17/85,-7.9
6/18/85,-8.1
6/19/85,-6.7
6/20/85,-7.2
6/21/85,-7.1
6/22/85,-6.5
6/23/85,-7.5
6/24/85,-6.7
6/25/85,-7.4
6/26/85,-8.1
6/27/85,-8.6
6/28/85,-7.7
6/29/85,-7.2
6/30/85,-7.5
7/1/85,-8.4
7/2/85,-8.3
7/3/85,-8.5
7/4/85,-8.4
7/5/85,-8
7/6/85,-7.6
7/7/85,-7.6
7/8/85,-7.8
7/9/85,-7.8
7/10/85,-7.2
7/11/85,-6.9
7/12/85,-7.6
7/13/85,-8.5
7/14/85,-8.5
7/15/85,-8.3
7/16/85,-7.9
7/17/85,-7.5
7/18/85,-7.4
7/19/85,-7
7/20/85,-4.8
7/21/85,-7
7/22/85,-7.2
7/23/85,-7.9
7/24/85,-8.1
7/25/85,-6.7
7/26/85,-7.3
7/27/85,-7.3
7/28/85,-6.9
7/29/85,-5.5
7/30/85,-5.6
7/31/85,-5.5
8/1/85,-6.1
8/2/85,-6.8
8/3/85,-7.3
8/4/85,-7.1
8/5/85,-6.7
8/6/85,-7.1
8/7/85,-6.9
8/8/85,-6.5
8/9/85,-6.6
8/10/85,-7
8/11/85,-6.5
8/12/85,-6.1
8/13/85,-5.9
8/14/85,-6
8/15/85,-6
8/16/85,-6.1
8/17/85,-2.7
8/18/85,-5.6
8/19/85,-5.5
8/20/85,-5.9
8/21/85,-6
8/22/85,-6.4
8/23/85,-6.6
8/24/85,-7
8/25/85,-6.4
8/26/85,-6.7
8/27/85,-6.1
8/28/85,-6
8/29/85,-5.5
8/30/85,-5.9
8/31/85,-6.2
9/1/85,-5.4
9/2/85,-4.7
9/3/85,-4.6
9/4/85,-4.4
9/5/85,-4.2
9/6/85,-3.9
9/7/85,-3.7
9/8/85,2.5
9/9/85,-0.5
9/10/85,-3.6
9/11/85,-4
9/12/85,-4.5
9/13/85,-4.5
9/14/85,-4.2
9/15/85,-4.5
9/16/85,-4.3
9/17/85,-4.1
9/18/85,-4
9/19/85,-4.3
9/20/85,-4.5
9/21/85,-4.7
9/22/85,-4.9
9/23/85,-5
9/24/85,-5.1
9/25/85,-4.9
9/26/85,-3.9
9/27/85,-3.6
9/28/85,-3.6
9/29/85,-3.3
9/30/85,-3.3
10/1/85,-3.8
10/2/85,-4.1
10/3/85,-4.7
10/4/85,-4.7
10/5/85,-4.4
10/6/85,-3.2
10/7/85,-2.9
10/8/85,-2.8
10/9/85,-2.9
10/10/85,-3.3
10/11/85,-3.3
10/12/85,-3.1
10/13/85,-3.3
10/14/85,-3.4
10/15/85,-3.5
10/16/85,-3.5
10/17/85,-3.3
10/18/85,-3.1
10/19/85,-2.6
10/20/85,4.4
10/21/85,8.8
10/22/85,0.9
10/23/85,-2.4
10/24/85,-2.7
10/25/85,-2.7
10/26/85,-2.8
10/27/85,-2.8
10/28/85,-2.6
10/29/85,-2.2
10/30/85,-2.1
10/31/85,-2.4
11/1/85,-2.8
11/2/85,-2.7
11/3/85,-2.6
11/4/85,-2.2
11/5/85,-2.3
11/6/85,-2.4
11/7/85,-2.4
11/8/85,-2
11/9/85,3.1
11/10/85,15.8
11/11/85,-0.4
11/12/85,-1.2
11/13/85,-1.4
11/14/85,-1.5
11/15/85,-0.6
11/16/85,-0.9
11/17/85,-1.4
11/18/85,-1.4
11/19/85,-1.3
11/20/85,-1.1
11/21/85,-1.2
11/22/85,-0.4
11/23/85,5.5
11/24/85,25.2
11/25/85,2.1
11/26/85,-1.2
11/27/85,3.2
11/28/85,10.4
11/29/85,12.2
11/30/85,-0.5
12/1/85,3.7
12/2/85,6.5
12/3/85,-1.4
12/4/85,1.9
12/5/85,2.5
12/6/85,0.4
12/7/85,2
12/8/85,-1.3
12/9/85,-1.3
12/10/85,-1.1
12/11/85,-1.1
12/12/85,-1
12/13/85,-1
12/14/85,-1
12/15/85,-0.8
12/16/85,-0.8
12/17/85,-0.9
12/18/85,-0.8
12/19/85,-0.7
12/20/85,-0.8
12/21/85,-0.7
12/22/85,-0.6
12/23/85,-0.7
12/24/85,-0.6
12/25/85,0.4
12/26/85,-0.8
12/27/85,-0.7
12/28/85,0.4
12/29/85,11.8
12/30/85,4.1
12/31/85,-1
1/1/86,-0.9
1/2/86,-0.1
1/3/86,7.7
1/4/86,3.2
1/5/86,-0.5
1/6/86,-1.5
1/7/86,-1.4
1/8/86,-1.4
1/9/86,-1.4
1/10/86,-1.1
1/11/86,-1
1/12/86,-0.8
1/13/86,-1.2
1/14/86,11.6
1/15/86,2
1/16/86,18.2
1/17/86,-0.6
1/18/86,-1.3
1/19/86,-0.3
1/20/86,-1.2
1/21/86,-1.3
1/22/86,0.2
1/23/86,1
1/24/86,-1.5
1/25/86,-1.8
1/26/86,-1.9
1/27/86,-1.9
1/28/86,-1.3
1/29/86,8.3
1/30/86,10.1
1/31/86,14.4
2/1/86,-0.3
2/2/86,2.1
2/3/86,2.5
2/4/86,-1.4
2/5/86,-0.5
2/6/86,-0.6
2/7/86,-1.6
2/8/86,-1.7
2/9/86,-1.7
2/10/86,-1.8
2/11/86,-0.1
2/12/86,18.9
2/13/86,2.9
2/14/86,10.1
2/15/86,18.1
2/16/86,35.6
2/17/86,38.2
2/18/86,24.6
2/19/86,12.9
2/20/86,-0.3
2/21/86,-2.1
2/22/86,-2.5
2/23/86,-2.5
2/24/86,-1.8
2/25/86,-2.9
2/26/86,-2.9
2/27/86,-2.7
2/28/86,-2.5
3/1/86,-2.5
3/2/86,-2.7
3/3/86,-2.9
3/4/86,-3.1
3/5/86,-3.2
3/6/86,-2.2
3/7/86,16.8
3/8/86,10.6
3/9/86,9.7
3/10/86,9.4
3/11/86,10.5
3/12/86,5.3
3/13/86,4.5
3/14/86,5.1
3/15/86,11.3
3/16/86,3.4
3/17/86,0.9
3/18/86,-3.2
3/19/86,-3.4
3/20/86,-3.7
3/21/86,-3.6
3/22/86,-3.7
3/23/86,-3.3
3/24/86,-3.3
3/25/86,-3.5
3/26/86,-4
3/27/86,-4.3
3/28/86,-4.4
3/29/86,-3.6
3/30/86,-3.4
3/31/86,-3.6
4/1/86,-3.3
4/2/86,-3.3
4/3/86,-3.7
4/4/86,-3.7
4/5/86,0.7
4/6/86,9.7
4/7/86,2.1
4/8/86,-2.6
4/9/86,-3.9
4/10/86,-4.4
4/11/86,-4.6
4/12/86,-3.4
4/13/86,-3.6
4/14/86,-4
4/15/86,-1.4
4/16/86,0.2
4/17/86,-2.3
4/18/86,-4.3
4/19/86,-5.1
4/20/86,-5.6
4/21/86,-5.9
4/22/86,-4.7
4/23/86,-4
4/24/86,-4.4
4/25/86,-3.8
4/26/86,-4.5
4/27/86,-5.4
4/28/86,-5
4/29/86,-3.8
4/30/86,-5.4
5/1/86,-4.3
5/2/86,-4.6
5/3/86,2.5
5/4/86,-2.7
5/5/86,-3.9
5/6/86,-3.4
5/7/86,-4.8
5/8/86,-5.5
5/9/86,-5.7
5/10/86,-5.1
5/11/86,-5.2
5/12/86,-6
5/13/86,-6.4
5/14/86,-5.5
5/15/86,-5.7
5/16/86,-6.5
5/17/86,-7.2
5/18/86,-7.3
5/19/86,-6.7
5/20/86,-5.3
5/21/86,-4.9
5/22/86,-5.5
5/23/86,-5.3
5/24/86,-6.6
5/25/86,-7.2
5/26/86,-7
5/27/86,-6.9
5/28/86,-7.1
5/29/86,-7.7
5/30/86,-7.3
5/31/86,-6.3
6/1/86,-6.5
6/2/86,-5.9
6/3/86,-6.5
6/4/86,-5.9
6/5/86,-5.5
6/6/86,-5.6
6/7/86,-6.2
6/8/86,-7
6/9/86,-7.9
6/10/86,-8.7
6/11/86,-6.4
6/12/86,-7.3
6/13/86,-6.7
6/14/86,-5.9
6/15/86,-6.4
6/16/86,-6.7
6/17/86,-6.1
6/18/86,-6.2
6/19/86,-7
6/20/86,-7.2
6/21/86,-7.7
6/22/86,-8.4
6/23/86,-8.6
6/24/86,-8
6/25/86,-7.9
6/26/86,-7
6/27/86,-7.3
6/28/86,-6.7
6/29/86,-6.9
6/30/86,-7.6
7/1/86,-8.3
7/2/86,-8.2
7/3/86,-7.7
7/4/86,-6.9
7/5/86,-6.7
7/6/86,-6
7/7/86,-7.1
7/8/86,-7.3
7/9/86,-7.3
7/10/86,-7.7
7/11/86,-7.9
7/12/86,-7.8
7/13/86,-7.5
7/14/86,-7.8
7/15/86,-7.3
7/16/86,-6.1
7/17/86,-6.4
7/18/86,-6.5
7/19/86,-7.3
7/20/86,-7.6
7/21/86,-8.1
7/22/86,-6.6
7/23/86,-6.3
7/24/86,-6.4
7/25/86,-6.1
7/26/86,-6.3
7/27/86,-6.6
7/28/86,-6.6
7/29/86,-7.2
7/30/86,-7.5
7/31/86,-7.9
8/1/86,-7.8
8/2/86,-7.8
8/3/86,-7.7
8/4/86,-7.8
8/5/86,-7.4
8/6/86,-7.1
8/7/86,-7.1
8/8/86,-7.2
8/9/86,-7
8/10/86,-6.9
8/11/86,-7
8/12/86,-7.1
8/13/86,-7
8/14/86,-6.6
8/15/86,-6.2
8/16/86,-5.8
8/17/86,-5.9
8/18/86,-6.7
8/19/86,-6.4
8/20/86,-6.5
8/21/86,-6.4
8/22/86,-6.4
8/23/86,-6.3
8/24/86,-6.3
8/25/86,-6.2
8/26/86,-6.1
8/27/86,-6.1
8/28/86,-5.6
8/29/86,-5.6
8/30/86,-5.8
8/31/86,-6.2
9/1/86,-6
9/2/86,-6.1
9/3/86,-6
9/4/86,-6.1
9/5/86,-6.1
9/6/86,-6
9/7/86,-5.4
9/8/86,-4.7
9/9/86,-4.8
9/10/86,-5.1
9/11/86,-5.4
9/12/86,-4.1
9/13/86,-3.8
9/14/86,-3.9
9/15/86,-4
9/16/86,-3.2
9/17/86,-2.5
9/18/86,-3.7
9/19/86,-3.5
9/20/86,-3.8
9/21/86,-3.9
9/22/86,-4
9/23/86,-0.9
9/24/86,13.8
9/25/86,0.4
9/26/86,-1.5
9/27/86,-2.9
9/28/86,-3.5
9/29/86,-3.7
9/30/86,-3.8
10/1/86,-3.4
10/2/86,-3.5
10/3/86,-3.7
10/4/86,-4
10/5/86,-3.1
10/6/86,-4.2
10/7/86,-4.1
10/8/86,-4.1
10/9/86,-4
10/10/86,-3.4
10/11/86,-3
10/12/86,-3
10/13/86,-3.4
10/14/86,-3.5
10/15/86,-3.5
10/16/86,-2.7
10/17/86,-2.3
10/18/86,-2.6
10/19/86,-2.8
10/20/86,-2.8
10/21/86,-3
10/22/86,-3.2
10/23/86,-2.4
10/24/86,-2.8
10/25/86,-2.9
10/26/86,-3.1
10/27/86,-2.6
10/28/86,-2.4
10/29/86,-2.6
10/30/86,-2.1
10/31/86,-2.5
11/1/86,-2.7
11/2/86,-2.6
11/3/86,-2.6
11/4/86,-2.8
11/5/86,-2.7
11/6/86,-2.1
11/7/86,-1.9
11/8/86,-2
11/9/86,-2.1
11/10/86,-2.2
11/11/86,-2.4
11/12/86,-2.4
11/13/86,-2.4
11/14/86,-1.8
11/15/86,-2
11/16/86,-1.9
11/17/86,-2
11/18/86,-1.9
11/19/86,-1.7
11/20/86,-1.8
11/21/86,-0.3
11/22/86,-1.8
11/23/86,-1.8
11/24/86,-1.8
11/25/86,-1.9
11/26/86,-1.8
11/27/86,-0.8
11/28/86,-0.4
11/29/86,0.8
11/30/86,-1.5
12/1/86,-1.6
12/2/86,-1.6
12/3/86,-1.6
12/4/86,1.8
12/5/86,2.1
12/6/86,1.2
12/7/86,-1.4
12/8/86,-1.3
12/9/86,-1.4
12/10/86,-0.9
12/11/86,-0.7
12/12/86,-0.6
12/13/86,-0.9
12/14/86,-0.8
12/15/86,0
12/16/86,-1.5
12/17/86,-1.4
12/18/86,0.7
12/19/86,8.8
12/20/86,-0.1
12/21/86,-0.6
12/22/86,6.3
12/23/86,-1.2
12/24/86,-1.1
12/25/86,-0.9
12/26/86,-0.9
12/27/86,-0.6
12/28/86,-0.7
12/29/86,-1.1
12/30/86,-0.8
12/31/86,0.4
1/1/87,-0.7
1/2/87,0.7
1/3/87,19.5
1/4/87,0.2
1/5/87,0.4
1/6/87,1.4
1/7/87,-1.1
1/8/87,-1.1
1/9/87,-1.2
1/10/87,-0.6
1/11/87,-0.6
1/12/87,-0.8
1/13/87,-1.2
1/14/87,-1.2
1/15/87,-1.1
1/16/87,-1.2
1/17/87,-1.3
1/18/87,-1.3
1/19/87,-1.7
1/20/87,-1.5
1/21/87,-1.5
1/22/87,0.9
1/23/87,1.5
1/24/87,0.8
1/25/87,-0.2
1/26/87,-1.8
1/27/87,4.1
1/28/87,3.5
1/29/87,-1.1
1/30/87,-1.5
1/31/87,-1.9
2/1/87,-1.7
2/2/87,15
2/3/87,-0.6
2/4/87,-1.8
2/5/87,-2.1
2/6/87,-1.4
2/7/87,-2.5
2/8/87,-2.3
2/9/87,-0.6
2/10/87,2.4
2/11/87,4.5
2/12/87,27
2/13/87,10
2/14/87,2.7
2/15/87,4.2
2/16/87,-2
2/17/87,-2.1
2/18/87,-2.2
2/19/87,-2.4
2/20/87,-2.3
2/21/87,0.9
2/22/87,-2.2
2/23/87,-1.8
2/24/87,-0.8
2/25/87,-2
2/26/87,-2.3
2/27/87,-1.4
2/28/87,-2.5
3/1/87,-2.6
3/2/87,-2.6
3/3/87,6.6
3/4/87,14.5
3/5/87,29.3
3/6/87,-2.4
3/7/87,-2.6
3/8/87,-1.7
3/9/87,-2.7
3/10/87,0
3/11/87,-2.7
3/12/87,4.2
3/13/87,-2
3/14/87,8.2
3/15/87,-2.1
3/16/87,-2.8
3/17/87,-3.2
3/18/87,-2.4
3/19/87,-2.5
3/20/87,2.7
3/21/87,4
3/22/87,4.3
3/23/87,3
3/24/87,-3.2
3/25/87,-3.4
3/26/87,-3.6
3/27/87,-3.5
3/28/87,-3.7
3/29/87,-4
3/30/87,-4.3
3/31/87,-4.2
4/1/87,-4.2
4/2/87,-3.6
4/3/87,-2.2
4/4/87,-3.8
4/5/87,-3.8
4/6/87,-3.1
4/7/87,-3.4
4/8/87,-4.7
4/9/87,-4.9
4/10/87,-4.6
4/11/87,-3.8
4/12/87,-3.7
4/13/87,-4.2
4/14/87,-5.3
4/15/87,-5.6
4/16/87,-5.8
4/17/87,-4.5
4/18/87,-3.5
4/19/87,-4.3
4/20/87,-4.3
4/21/87,-4.8
4/22/87,-5.9
4/23/87,-4.8
4/24/87,-5.3
4/25/87,-6
4/26/87,-6.1
4/27/87,-6.8
4/28/87,-4.8
4/29/87,-4.1
4/30/87,-0.6
5/1/87,-4.1
5/2/87,-3.8
5/3/87,-3.7
5/4/87,-5.5
5/5/87,-6.2
5/6/87,-7.5
5/7/87,-7.5
5/8/87,-6.7
5/9/87,-6.3
5/10/87,-6.8
5/11/87,-7.3
5/12/87,-7
5/13/87,-6.7
5/14/87,-7.3
5/15/87,-7.1
5/16/87,-5.8
5/17/87,-5.2
5/18/87,-5.1
5/19/87,-4.9
5/20/87,-1.7
5/21/87,-4.1
5/22/87,-5.9
5/23/87,-5.8
5/24/87,-4.6
5/25/87,-4.4
5/26/87,-4.5
5/27/87,-5.3
5/28/87,-6
5/29/87,-5.4
5/30/87,-5.9
5/31/87,-4.8
6/1/87,-5
6/2/87,-8
6/3/87,-8
6/4/87,-6.7
6/5/87,-6
6/6/87,-5.9
6/7/87,-7.2
6/8/87,-7.1
6/9/87,-6.4
6/10/87,-7.5
6/11/87,-7.4
6/12/87,-8.4
6/13/87,-7.3
6/14/87,-5.3
6/15/87,-4.4
6/16/87,-5.9
6/17/87,-6
6/18/87,-5.7
6/19/87,-6.4
6/20/87,-6.5
6/21/87,-5.6
6/22/87,-6.3
6/23/87,-7.9
6/24/87,-8.3
6/25/87,-8.4
6/26/87,-8
6/27/87,-6.8
6/28/87,-6.4
6/29/87,-6.5
6/30/87,-5.9
7/1/87,-5.8
7/2/87,-7
7/3/87,-6.3
7/4/87,-6.2
7/5/87,-6.5
7/6/87,-7.3
7/7/87,-7.8
7/8/87,-7.1
7/9/87,-7.3
7/10/87,-6.8
7/11/87,-6.4
7/12/87,-6.8
7/13/87,-7.5
7/14/87,-8.1
7/15/87,-7.9
7/16/87,-6.6
7/17/87,-5.1
7/18/87,-5.5
7/19/87,-6.2
7/20/87,-5.7
7/21/87,-5
7/22/87,-6
7/23/87,-6.2
7/24/87,-6.3
7/25/87,-6.5
7/26/87,-6.6
7/27/87,-6.8
7/28/87,-6.8
7/29/87,-6.3
7/30/87,-6.6
7/31/87,-7.2
8/1/87,-7.8
8/2/87,-8
8/3/87,-8
8/4/87,-7.4
8/5/87,-7.7
8/6/87,-7.6
8/7/87,-6.6
8/8/87,-6.6
8/9/87,-6.5
8/10/87,-6.4
8/11/87,-6.1
8/12/87,-6
8/13/87,-5.7
8/14/87,-4.9
8/15/87,-5.7
8/16/87,-6.3
8/17/87,-6.5
8/18/87,-5.4
8/19/87,-4.8
8/20/87,-4.8
8/21/87,-5.4
8/22/87,-5.1
8/23/87,-5.2
8/24/87,-5.9
8/25/87,-6.1
8/26/87,-5.9
8/27/87,-6.3
8/28/87,-6.8
8/29/87,-6.9
8/30/87,-6.9
8/31/87,-6
9/1/87,-6.1
9/2/87,-6.4
9/3/87,-6.4
9/4/87,-5.2
9/5/87,-4.9
9/6/87,-4.5
9/7/87,-4.8
9/8/87,-5.5
9/9/87,-5.2
9/10/87,-4.7
9/11/87,-4.5
9/12/87,-4.3
9/13/87,-3.6
9/14/87,-4.2
9/15/87,-3.7
9/16/87,-4.8
9/17/87,-5.1
9/18/87,-5.1
9/19/87,-5.1
9/20/87,-5.2
9/21/87,-5.5
9/22/87,-5.1
9/23/87,-4.4
9/24/87,-4.3
9/25/87,-3.9
9/26/87,-4.6
9/27/87,-4.8
9/28/87,-4.9
9/29/87,-5
9/30/87,-4.9
10/1/87,-4.8
10/2/87,-4.7
10/3/87,-4.9
10/4/87,-4.9
10/5/87,-4.9
10/6/87,-4.7
10/7/87,-3.7
10/8/87,-3.8
10/9/87,-3.1
10/10/87,-3.3
10/11/87,-3.3
10/12/87,-3
10/13/87,-3.2
10/14/87,-3.4
10/15/87,-3.4
10/16/87,-3.4
10/17/87,-3.6
10/18/87,-3.6
10/19/87,-3.3
10/20/87,-2.8
10/21/87,-2.1
10/22/87,-1.6
10/23/87,-0.1
10/24/87,-2.5
10/25/87,-3
10/26/87,-3
10/27/87,-1.6
10/28/87,0.7
10/29/87,1.5
10/30/87,-2.1
10/31/87,-2.1
11/1/87,-1.9
11/2/87,-1.9
11/3/87,-2.1
11/4/87,-2.2
11/5/87,-1.6
11/6/87,-0.3
11/7/87,-1.1
11/8/87,-1.6
11/9/87,-1.9
11/10/87,-2
11/11/87,-2
11/12/87,-1.2
11/13/87,7.2
11/14/87,-0.7
11/15/87,-1.7
11/16/87,1.3
11/17/87,12.2
11/18/87,-0.8
11/19/87,-2
11/20/87,2.9
11/21/87,-0.1
11/22/87,-1.4
11/23/87,-1.5
11/24/87,-1.5
11/25/87,-1.5
11/26/87,-1.4
11/27/87,-1.5
11/28/87,-1.5
11/29/87,-1.4
11/30/87,3.5
12/1/87,-0.7
12/2/87,-0.4
12/3/87,-1.6
12/4/87,1.7
12/5/87,-0.4
12/6/87,1.6
12/7/87,0.7
12/8/87,6.1
12/9/87,-1.2
12/10/87,-1.5
12/11/87,-1.2
12/12/87,-1.2
12/13/87,-1.1
12/14/87,-1
12/15/87,-0.5
12/16/87,2.1
12/17/87,-1
12/18/87,-1.1
12/19/87,-1.2
12/20/87,-0.9
12/21/87,0.6
12/22/87,1.9
12/23/87,0
12/24/87,-1
12/25/87,-1.1
12/26/87,-1.2
12/27/87,2.4
12/28/87,14.8
12/29/87,3.4
12/30/87,0.2
12/31/87,-1
1/1/88,-0.8
1/2/88,1.9
1/3/88,4.5
1/4/88,1.6
1/5/88,0.2
1/6/88,-1
1/7/88,-0.7
1/8/88,0.3
1/9/88,-1
1/10/88,-0.2
1/11/88,1.1
1/12/88,-1.2
1/13/88,-1.3
1/14/88,2.5
1/15/88,3.9
1/16/88,14.4
1/17/88,14.6
1/18/88,-0.5
1/19/88,-1.2
1/20/88,-0.6
1/21/88,-1.5
1/22/88,-1.4
1/23/88,-1.6
1/24/88,-1.8
1/25/88,-1.8
1/26/88,-1.7
1/27/88,-2
1/28/88,-1.8
1/29/88,0.8
1/30/88,-0.5
1/31/88,-1.5
2/1/88,-1.3
2/2/88,-1.5
2/3/88,-1.7
2/4/88,-1.8
2/5/88,-2
2/6/88,-1.9
2/7/88,-2
2/8/88,-2.1
2/9/88,-2.3
2/10/88,-2.4
2/11/88,-2.4
2/12/88,-2.5
2/13/88,-2.3
2/14/88,-2.3
2/15/88,-2.5
2/16/88,-2.2
2/17/88,-2.4
2/18/88,-2.3
2/19/88,-2.6
2/20/88,-2.7
2/21/88,-2.6
2/22/88,-2.8
2/23/88,-2.7
2/24/88,-2.8
2/25/88,-2.9
2/26/88,-2.1
2/27/88,0.2
2/28/88,3.5
2/29/88,2.5
3/1/88,8.2
3/2/88,-1.3
3/3/88,-2.6
3/4/88,-2.8
3/5/88,-2.6
3/6/88,-2.5
3/7/88,-2.9
3/8/88,-3.3
3/9/88,-2.4
3/10/88,-2.5
3/11/88,-2.7
3/12/88,-3
3/13/88,-3.2
3/14/88,-3.3
3/15/88,-3.1
3/16/88,-3.4
3/17/88,-3.6
3/18/88,-3.8
3/19/88,-4.2
3/20/88,-4.1
3/21/88,-3.4
3/22/88,-3.7
3/23/88,-3.3
3/24/88,-3.9
3/25/88,-4.5
3/26/88,-5
3/27/88,-3.4
3/28/88,-3.7
3/29/88,-4.1
3/30/88,-3.6
3/31/88,-4.3
4/1/88,-4.6
4/2/88,-4.6
4/3/88,-3.3
4/4/88,-3.9
4/5/88,-4.9
4/6/88,-5.2
4/7/88,-4.1
4/8/88,-4.3
4/9/88,-5.2
4/10/88,-5.8
4/11/88,-5.9
4/12/88,-4.3
4/13/88,0.8
4/14/88,4.8
4/15/88,-2.6
4/16/88,-2.9
4/17/88,-2.8
4/18/88,-2.9
4/19/88,19.2
4/20/88,6.9
4/21/88,-3.8
4/22/88,7.5
4/23/88,7.8
4/24/88,-4
4/25/88,-4.4
4/26/88,-5.2
4/27/88,-5
4/28/88,-3.8
4/29/88,-4.3
4/30/88,-3.6
5/1/88,-4.1
5/2/88,-4.8
5/3/88,-4.8
5/4/88,-4
5/5/88,-1.9
5/6/88,0
5/7/88,2.8
5/8/88,-3
5/9/88,-4.7
5/10/88,-6
5/11/88,-6.9
5/12/88,-5.6
5/13/88,-5.1
5/14/88,-6.1
5/15/88,-6.4
5/16/88,-2.6
5/17/88,-4.6
5/18/88,-5.7
5/19/88,-6.4
5/20/88,-7.1
5/21/88,-7.7
5/22/88,-6.4
5/23/88,-6.7
5/24/88,-6.4
5/25/88,-6.1
5/26/88,-5.3
5/27/88,-5.5
5/28/88,-4.3
5/29/88,-4.5
5/30/88,-5.3
5/31/88,-5.8
6/1/88,-6
6/2/88,-6.4
6/3/88,-6
6/4/88,-5
6/5/88,-4.9
6/6/88,-2
6/7/88,-4
6/8/88,-5.4
6/9/88,-5.5
6/10/88,-5.9
6/11/88,-6.1
6/12/88,-7
6/13/88,-7.6
6/14/88,-7.7
6/15/88,-7
6/16/88,-6.1
6/17/88,-7.2
6/18/88,-8
6/19/88,-8.5
6/20/88,-6.8
6/21/88,-6.4
6/22/88,-7.3
6/23/88,-7.2
6/24/88,-7.5
6/25/88,-6.5
6/26/88,-7.3
6/27/88,-7.3
6/28/88,-7.1
6/29/88,-6.7
6/30/88,-7.6
7/1/88,-8.1
7/2/88,-8.2
7/3/88,-7.3
7/4/88,-6.4
7/5/88,-6.4
7/6/88,-7.1
7/7/88,-7.9
7/8/88,-7.7
7/9/88,-8.2
7/10/88,-8.1
7/11/88,-6.5
7/12/88,-6.5
7/13/88,-7
7/14/88,-6.9
7/15/88,-6.9
7/16/88,-7.9
7/17/88,-8.4
7/18/88,-9
7/19/88,-8.5
7/20/88,-7.6
7/21/88,-7.5
7/22/88,-7.7
7/23/88,-7.5
7/24/88,-7.3
7/25/88,-6.8
7/26/88,-7.5
7/27/88,-8
7/28/88,-7.8
7/29/88,-8
7/30/88,-7.6
7/31/88,-6.4
8/1/88,-6.7
8/2/88,-6
8/3/88,-6.3
8/4/88,-6.4
8/5/88,-5.5
8/6/88,-5.5
8/7/88,-6.1
8/8/88,-6.7
8/9/88,-6.8
8/10/88,-6.1
8/11/88,-5.6
8/12/88,-5
8/13/88,-5.5
8/14/88,-5.1
8/15/88,-6.1
8/16/88,-6.4
8/17/88,-6.7
8/18/88,-6.8
8/19/88,-6.9
8/20/88,-5.9
8/21/88,-5.5
8/22/88,-5.6
8/23/88,-6.2
8/24/88,-6.6
8/25/88,-6.9
8/26/88,-6.8
8/27/88,-6.4
8/28/88,-6
8/29/88,-6.5
8/30/88,-6.7
8/31/88,-6.5
9/1/88,-6.5
9/2/88,-6.4
9/3/88,-6.7
9/4/88,-6.7
9/5/88,-6.7
9/6/88,-6.5
9/7/88,-6.1
9/8/88,-5.5
9/9/88,-4.7
9/10/88,-5
9/11/88,-5.1
9/12/88,-5.3
9/13/88,-4.9
9/14/88,-5.4
9/15/88,-4.8
9/16/88,-4.9
9/17/88,-4.9
9/18/88,-4.7
9/19/88,-4.7
9/20/88,-3.9
9/21/88,-4
9/22/88,-4
9/23/88,-4.4
9/24/88,-3.9
9/25/88,-3.1
9/26/88,-3.8
9/27/88,-4.1
9/28/88,-4.5
9/29/88,-5
9/30/88,-5.1
10/1/88,-4.4
10/2/88,-3.8
10/3/88,-4.2
10/4/88,-3.8
10/5/88,-3.7
10/6/88,-3.1
10/7/88,-3.1
10/8/88,-3.9
10/9/88,-4
10/10/88,-3.6
10/11/88,-3.1
10/12/88,-3.2
10/13/88,-2.5
10/14/88,-3
10/15/88,-3.4
10/16/88,-3.8
10/17/88,-3.8
10/18/88,-3.8
10/19/88,-3.6
10/20/88,-3.5
10/21/88,-3.4
10/22/88,-3.3
10/23/88,-3.2
10/24/88,-3.1
10/25/88,-3
10/26/88,-2.8
10/27/88,-2.3
10/28/88,-1.9
10/29/88,-2.1
10/30/88,-2.4
10/31/88,-2.7
11/1/88,-2.1
11/2/88,-1.9
11/3/88,-2.2
11/4/88,-2.4
11/5/88,-2.5
11/6/88,-2
11/7/88,-2
11/8/88,-1.7
11/9/88,-1.8
11/10/88,-1.6
11/11/88,-1.7
11/12/88,-1.3
11/13/88,5.3
11/14/88,1.7
11/15/88,-1.5
11/16/88,5.6
11/17/88,0.9
11/18/88,-1.5
11/19/88,-0.6
11/20/88,-1.6
11/21/88,-1.4
11/22/88,1.5
11/23/88,17.3
11/24/88,2.6
11/25/88,2.7
11/26/88,-0.1
11/27/88,-0.5
11/28/88,-1.5
11/29/88,-1.5
11/30/88,-0.3
12/1/88,-1.3
12/2/88,-1.1
12/3/88,-1.6
12/4/88,-1.7
12/5/88,-1.6
12/6/88,-1.3
12/7/88,-1.5
12/8/88,-1.6
12/9/88,-1.3
12/10/88,-1.4
12/11/88,-1.6
12/12/88,-1.5
12/13/88,-1.6
12/14/88,-1.5
12/15/88,-1.1
12/16/88,-0.3
12/17/88,-1.1
12/18/88,-0.9
12/19/88,0.9
12/20/88,21.5
12/21/88,0.5
12/22/88,9.3
12/23/88,0.5
12/24/88,4.8
12/25/88,0.5
12/26/88,0.2
12/27/88,2
12/28/88,0.4
12/29/88,0.3
12/30/88,3.4
12/31/88,2.4
1/1/89,0.7
1/2/89,-0.9
1/3/89,-0.9
1/4/89,0
1/5/89,11
1/6/89,1.6
1/7/89,0.9
1/8/89,1
1/9/89,-1
1/10/89,-0.3
1/11/89,-0.4
1/12/89,-0.2
1/13/89,-1.1
1/14/89,-1.1
1/15/89,-1.2
1/16/89,-1.3
1/17/89,-1.4
1/18/89,-0.7
1/19/89,-1.6
1/20/89,-0.8
1/21/89,-1.5
1/22/89,-0.6
1/23/89,-0.3
1/24/89,-1.4
1/25/89,-1.6
1/26/89,-1.6
1/27/89,-1.7
1/28/89,-1.5
1/29/89,-1.8
1/30/89,-1.9
1/31/89,-2
2/1/89,-1.4
2/2/89,0.3
2/3/89,10.4
2/4/89,1
2/5/89,-1.2
2/6/89,-1.2
2/7/89,-0.3
2/8/89,2.9
2/9/89,6
2/10/89,0
2/11/89,-1.4
2/12/89,-0.6
2/13/89,-1.7
2/14/89,-1.8
2/15/89,-2
2/16/89,-2.1
2/17/89,-1.2
2/18/89,-0.6
2/19/89,-2.1
2/20/89,-2.3
2/21/89,-1.6
2/22/89,-2.5
2/23/89,-2.4
2/24/89,-1.6
2/25/89,-2.4
2/26/89,-2.9
2/27/89,-2.9
2/28/89,-2.2
3/1/89,5.9
3/2/89,22.8
3/3/89,0.1
3/4/89,-0.5
3/5/89,0.3
3/6/89,-0.2
3/7/89,-0.1
3/8/89,4.6
3/9/89,0.7
3/10/89,1.4
3/11/89,4.3
3/12/89,-3
3/13/89,-2.4
3/14/89,-2.7
3/15/89,-2.2
3/16/89,1.2
3/17/89,-1.1
3/18/89,-0.8
3/19/89,-1.6
3/20/89,-2.3
3/21/89,-3.6
3/22/89,-3.4
3/23/89,0.1
3/24/89,3.2
3/25/89,3.5
3/26/89,-1.8
3/27/89,-2
3/28/89,-2.4
3/29/89,-3.4
3/30/89,-3.8
3/31/89,-3.6
4/1/89,-2.4
4/2/89,-2.9
4/3/89,-3.5
4/4/89,-3.4
4/5/89,-5
4/6/89,-5.3
4/7/89,-5.5
4/8/89,-5.3
4/9/89,-5.3
4/10/89,-5.1
4/11/89,-5
4/12/89,-4.8
4/13/89,-4.5
4/14/89,-4.3
4/15/89,-4.6
4/16/89,-4.7
4/17/89,-4.1
4/18/89,-4.8
4/19/89,-5.2
4/20/89,-4.5
4/21/89,-3.4
4/22/89,-3.7
4/23/89,-2.2
4/24/89,-3.2
4/25/89,-1.7
4/26/89,-4.1
4/27/89,-2.6
4/28/89,-4.1
4/29/89,-5
4/30/89,-4.1
5/1/89,-5
5/2/89,-5.4
5/3/89,-5.2
5/4/89,-6.2
5/5/89,-6.5
5/6/89,-6.2
5/7/89,-6.3
5/8/89,-6.2
5/9/89,-3.3
5/10/89,-3.6
5/11/89,-4.9
5/12/89,-5.1
5/13/89,-5.1
5/14/89,-5.6
5/15/89,-5.9
5/16/89,-6.4
5/17/89,-5.9
5/18/89,-5.4
5/19/89,-5.8
5/20/89,-5.9
5/21/89,-5.3
5/22/89,-5
5/23/89,-4.4
5/24/89,-5
5/25/89,-5.4
5/26/89,-6.3
5/27/89,-5.6
5/28/89,-5
5/29/89,-5
5/30/89,-5.9
5/31/89,-7.1
6/1/89,-7.7
6/2/89,-7.9
6/3/89,-5.6
6/4/89,-4.3
6/5/89,-5.7
6/6/89,-5.7
6/7/89,-3.5
6/8/89,-6.2
6/9/89,-6.2
6/10/89,-6.1
6/11/89,-5.7
6/12/89,-6.8
6/13/89,-7.3
6/14/89,-7.6
6/15/89,-6.7
6/16/89,-6.7
6/17/89,-7.5
6/18/89,-7.8
6/19/89,-7
6/20/89,-6.9
6/21/89,-7.6
6/22/89,-8.5
6/23/89,-7.7
6/24/89,-5.8
6/25/89,-6.1
6/26/89,-6.4
6/27/89,-6.1
6/28/89,-5.1
6/29/89,-5.8
6/30/89,-6
7/1/89,-6.6
7/2/89,-6.9
7/3/89,-7.4
7/4/89,-7.6
7/5/89,-8.1
7/6/89,-8.7
7/7/89,-8.8
7/8/89,-8.3
7/9/89,-7.2
7/10/89,-7.4
7/11/89,-6.9
7/12/89,-6.8
7/13/89,-7.4
7/14/89,-7.3
7/15/89,-6.5
7/16/89,-6.8
7/17/89,-7.3
7/18/89,-7.6
7/19/89,-7.7
7/20/89,-7.4
7/21/89,-7.7
7/22/89,-7.5
7/23/89,-7.1
7/24/89,-7.2
7/25/89,-7.5
7/26/89,-6.8
7/27/89,-7.5
7/28/89,-7.4
7/29/89,-6.9
7/30/89,-6.6
7/31/89,-6
8/1/89,-6.2
8/2/89,-6.7
8/3/89,-6.9
8/4/89,-6.9
8/5/89,-7
8/6/89,-6.8
8/7/89,-5.1
8/8/89,-6.1
8/9/89,-6.6
8/10/89,-6.5
8/11/89,-6.4
8/12/89,-6.4
8/13/89,-7
8/14/89,-7.2
8/15/89,-7
8/16/89,-6.4
8/17/89,-5.4
8/18/89,-5.8
8/19/89,-5.7
8/20/89,-5.2
8/21/89,-5.3
8/22/89,-5.5
8/23/89,-4.6
8/24/89,-5.6
8/25/89,-6
8/26/89,-5.7
8/27/89,-5.9
8/28/89,-6.3
8/29/89,-4.9
8/30/89,-4.8
8/31/89,-5.6
9/1/89,-5.9
9/2/89,-5.8
9/3/89,-6.1
9/4/89,-6.1
9/5/89,-6.1
9/6/89,-5.1
9/7/89,-5
9/8/89,-4.9
9/9/89,-4.9
9/10/89,-4.8
9/11/89,-4.8
9/12/89,-5.2
9/13/89,-5.6
9/14/89,-5.9
9/15/89,-5.7
9/16/89,13.8
9/17/89,1.2
9/18/89,2.4
9/19/89,-0.7
9/20/89,-2.8
9/21/89,-4.5
9/22/89,-3.8
9/23/89,-4.7
9/24/89,-3.9
9/25/89,-3.8
9/26/89,-3.8
9/27/89,-3.6
9/28/89,2.6
9/29/89,0.7
9/30/89,-3.4
10/1/89,-3.6
10/2/89,-2.7
10/3/89,-3.2
10/4/89,-3.6
10/5/89,-3.8
10/6/89,-3.8
10/7/89,-3.8
10/8/89,-4
10/9/89,-4.1
10/10/89,-4
10/11/89,-3.8
10/12/89,-3.7
10/13/89,-3.3
10/14/89,-3.1
10/15/89,-2.9
10/16/89,-3.1
10/17/89,-3.5
10/18/89,-3.6
10/19/89,-3.7
10/20/89,-2.5
10/21/89,-1.4
10/22/89,-2.1
10/23/89,41.6
10/24/89,6.9
10/25/89,0.8
10/26/89,-1.1
10/27/89,-2.1
10/28/89,-2
10/29/89,-2.3
10/30/89,-2.3
10/31/89,-2.3
11/1/89,-1.4
11/2/89,-1.4
11/3/89,-2.4
11/4/89,-1.5
11/5/89,-2.2
11/6/89,-2.2
11/7/89,-2.1
11/8/89,-1.2
11/9/89,-2.2
11/10/89,-2.3
11/11/89,-2.3
11/12/89,-1.3
11/13/89,-1.9
11/14/89,-1.9
11/15/89,-1.8
11/16/89,-2
11/17/89,-2
11/18/89,-2.1
11/19/89,-2.2
11/20/89,-2.1
11/21/89,-1.9
11/22/89,-1.6
11/23/89,-1.1
11/24/89,2.5
11/25/89,29.1
11/26/89,-1.2
11/27/89,-0.4
11/28/89,-1.5
11/29/89,-1.5
11/30/89,-1.5
12/1/89,-1.5
12/2/89,-1.5
12/3/89,-1.5
12/4/89,-1.6
12/5/89,-1.6
12/6/89,-1.6
12/7/89,-1.4
12/8/89,-1.2
12/9/89,-1.3
12/10/89,-1.3
12/11/89,-1
12/12/89,-1
12/13/89,-1.2
12/14/89,-1.3
12/15/89,-1.3
12/16/89,-1.4
12/17/89,-1.2
12/18/89,-1
12/19/89,-0.8
12/20/89,-0.6
12/21/89,-0.7
12/22/89,-0.7
12/23/89,-0.7
12/24/89,-0.7
12/25/89,-0.7
12/26/89,-0.8
12/27/89,-1
12/28/89,-1
12/29/89,-1.5
12/30/89,-1.1
12/31/89,-1.2
1/1/90,3.5
1/2/90,0.2
1/3/90,-0.3
1/4/90,-1.2
1/5/90,-1.2
1/6/90,-0.6
1/7/90,0.1
1/8/90,-0.4
1/9/90,-1.6
1/10/90,-1.5
1/11/90,-1.2
1/12/90,5.9
1/13/90,10.5
1/14/90,11.6
1/15/90,-0.8
1/16/90,4.8
1/17/90,-0.2
1/18/90,-1.2
1/19/90,-1.3
1/20/90,-0.6
1/21/90,-1.4
1/22/90,-1.5
1/23/90,-1.4
1/24/90,-1.3
1/25/90,-1.2
1/26/90,-1.5
1/27/90,-1.7
1/28/90,-1.7
1/29/90,-1
1/30/90,4.9
1/31/90,2.1
2/1/90,2
2/2/90,-1.5
2/3/90,10.2
2/4/90,1.3
2/5/90,-0.5
2/6/90,0.8
2/7/90,-0.6
2/8/90,-1.7
2/9/90,-1.7
2/10/90,-1
2/11/90,-1.9
2/12/90,-2
2/13/90,-1.4
2/14/90,-1.4
2/15/90,-1.6
2/16/90,20.6
2/17/90,5.3
2/18/90,0.4
2/19/90,-1
2/20/90,-1.7
2/21/90,-2.3
2/22/90,-2.7
2/23/90,-2.7
2/24/90,-2.7
2/25/90,-2.7
2/26/90,-2.7
2/27/90,-2.7
2/28/90,-2.7
3/1/90,-2.1
3/2/90,6.3
3/3/90,2.1
3/4/90,4.6
3/5/90,-0.5
3/6/90,-1.7
3/7/90,-2.7
3/8/90,-2.5
3/9/90,-2.7
3/10/90,0.4
3/11/90,2.3
3/12/90,0.6
3/13/90,-2.5
3/14/90,-2.5
3/15/90,-3
3/16/90,-2.4
3/17/90,-3.6
3/18/90,-3.7
3/19/90,-3.5
3/20/90,-3.8
3/21/90,-4.2
3/22/90,-3.9
3/23/90,-3.9
3/24/90,-4
3/25/90,-3.6
3/26/90,-3.8
3/27/90,-4
3/28/90,-4.1
3/29/90,-3.9
3/30/90,-4.1
3/31/90,-4
4/1/90,-4.2
4/2/90,-4.5
4/3/90,-4.9
4/4/90,-4.7
4/5/90,-3.9
4/6/90,-3.9
4/7/90,-2.8
4/8/90,-3.5
4/9/90,-4.6
4/10/90,-5
4/11/90,-5
4/12/90,-5.3
4/13/90,-5.8
4/14/90,-5.1
4/15/90,-3.9
4/16/90,-0.1
4/17/90,-2.8
4/18/90,-3.3
4/19/90,-3.9
4/20/90,-4.5
4/21/90,-4.5
4/22/90,5.3
4/23/90,10.5
4/24/90,-2.5
4/25/90,-5.4
4/26/90,-4.5
4/27/90,-5.8
4/28/90,-5.1
4/29/90,-4.5
4/30/90,-5.3
5/1/90,-5.6
5/2/90,-5.9
5/3/90,-6.4
5/4/90,-7.1
5/5/90,-7.1
5/6/90,-6.9
5/7/90,-5.8
5/8/90,-6.1
5/9/90,-5
5/10/90,-4.5
5/11/90,-5.2
5/12/90,-5.4
5/13/90,-5.9
5/14/90,-5.1
5/15/90,-5.8
5/16/90,-6.3
5/17/90,-5.4
5/18/90,-5
5/19/90,-4
5/20/90,-4.4
5/21/90,-5.3
5/22/90,-5.5
5/23/90,2.3
5/24/90,-3.8
5/25/90,-5.3
5/26/90,-3.3
5/27/90,21.9
5/28/90,11.2
5/29/90,-3.7
5/30/90,-3.9
5/31/90,-4.6
6/1/90,-4.4
6/2/90,-5.5
6/3/90,-6.3
6/4/90,-6.2
6/5/90,-6.7
6/6/90,-6.1
6/7/90,-6.5
6/8/90,-6.8
6/9/90,-7.5
6/10/90,-6.5
6/11/90,-6.7
6/12/90,-6.5
6/13/90,-5.7
6/14/90,-5.8
6/15/90,-5.4
6/16/90,-6.2
6/17/90,-6.8
6/18/90,-6.3
6/19/90,-7.8
6/20/90,-8.5
6/21/90,-8.4
6/22/90,-6.4
6/23/90,-7.2
6/24/90,-7
6/25/90,-7.5
6/26/90,-7.7
6/27/90,-6.9
6/28/90,-7.4
6/29/90,-7.6
6/30/90,-7.7
7/1/90,-6.5
7/2/90,-6.5
7/3/90,-7.2
7/4/90,-6.3
7/5/90,-6.5
7/6/90,-6.7
7/7/90,-7.3
7/8/90,-7
7/9/90,-7.6
7/10/90,-8.5
7/11/90,-8.1
7/12/90,-8.2
7/13/90,-8.5
7/14/90,-8.2
7/15/90,-7.3
7/16/90,-6.5
7/17/90,-7
7/18/90,-7.1
7/19/90,-7.7
7/20/90,-8.3
7/21/90,-8.5
7/22/90,-7.8
7/23/90,-7
7/24/90,-6.3
7/25/90,-6.7
7/26/90,-7.2
7/27/90,-7.5
7/28/90,-7.4
7/29/90,-7.3
7/30/90,-7.4
7/31/90,-7.2
8/1/90,-7.4
8/2/90,-6.9
8/3/90,-6.6
8/4/90,-7.1
8/5/90,-7.9
8/6/90,-7.8
8/7/90,-7.6
8/8/90,-7.7
8/9/90,-7.8
8/10/90,-7.8
8/11/90,-7.6
8/12/90,-7.3
8/13/90,-6.9
8/14/90,-5.8
8/15/90,-5.5
8/16/90,-5.4
8/17/90,-5.5
8/18/90,-4.8
8/19/90,-5.2
8/20/90,-5.5
8/21/90,-5.6
8/22/90,-6.2
8/23/90,-6.4
8/24/90,-4.8
8/25/90,-4.5
8/26/90,-4.6
8/27/90,-5.3
8/28/90,-5.7
8/29/90,-5.6
8/30/90,-5.3
8/31/90,-5.7
9/1/90,-5.6
9/2/90,-6
9/3/90,-5.5
9/4/90,-5.5
9/5/90,-5.8
9/6/90,-5.7
9/7/90,-5.6
9/8/90,-5.8
9/9/90,-6.1
9/10/90,-6.2
9/11/90,-5.4
9/12/90,-5.5
9/13/90,-5.2
9/14/90,-4.5
9/15/90,-4.5
9/16/90,-4.8
9/17/90,-4.7
9/18/90,-4.4
9/19/90,-4.8
9/20/90,-5.4
9/21/90,-4.3
9/22/90,-4.3
9/23/90,-3.8
9/24/90,-3.8
9/25/90,-3.6
9/26/90,-3.8
9/27/90,-4
9/28/90,-4.4
9/29/90,-4.8
9/30/90,-4.8
10/1/90,-4.5
10/2/90,-4.1
10/3/90,-4.4
10/4/90,-4.8
10/5/90,-3.5
10/6/90,-3.4
10/7/90,-3.5
10/8/90,-3.8
10/9/90,-4.1
10/10/90,-4.1
10/11/90,-3.9
10/12/90,-4
10/13/90,-3.6
10/14/90,-3.7
10/15/90,-3.5
10/16/90,-3.3
10/17/90,-3.4
10/18/90,-2.2
10/19/90,-2.5
10/20/90,-2.9
10/21/90,-3.2
10/22/90,-3.2
10/23/90,-3.2
10/24/90,-3.4
10/25/90,-3.3
10/26/90,-3.2
10/27/90,-3.4
10/28/90,-2.9
10/29/90,-2.6
10/30/90,-1.8
10/31/90,-0.2
11/1/90,-2
11/2/90,-2.1
11/3/90,-2.2
11/4/90,-2.5
11/5/90,-2.3
11/6/90,-2.3
11/7/90,-2.1
11/8/90,-2.4
11/9/90,-2.5
11/10/90,-1.5
11/11/90,-2.5
11/12/90,-2.6
11/13/90,-2.5
11/14/90,-1.4
11/15/90,-1.7
11/16/90,-0.6
11/17/90,-1.9
11/18/90,-1.8
11/19/90,-1
11/20/90,-1.4
11/21/90,-1.7
11/22/90,-1.7
11/23/90,-1.9
11/24/90,-1.9
11/25/90,3.9
11/26/90,-0.3
11/27/90,-1.3
11/28/90,-1.4
11/29/90,-1.5
11/30/90,-1.6
12/1/90,-1.5
12/2/90,-1.4
12/3/90,-1.3
12/4/90,-1.5
12/5/90,-1.5
12/6/90,-1.4
12/7/90,-0.5
12/8/90,-1.6
12/9/90,-1.6
12/10/90,2.3
12/11/90,3.5
12/12/90,-1
12/13/90,-1.1
12/14/90,0.6
12/15/90,6.2
12/16/90,-1
12/17/90,-1.1
12/18/90,0.1
12/19/90,-0.9
12/20/90,-0.8
12/21/90,-0.6
12/22/90,-0.7
12/23/90,-0.8
12/24/90,-1
12/25/90,-1
12/26/90,-1.2
12/27/90,-0.2
12/28/90,-1.1
12/29/90,-1.1
12/30/90,-1.1
12/31/90,-1.2
1/1/91,-1.2
1/2/91,-1.2
1/3/91,-1
1/4/91,-1
1/5/91,-0.8
1/6/91,0.2
1/7/91,1.4
1/8/91,-0.7
1/9/91,0
1/10/91,-1.2
1/11/91,-1
1/12/91,-1.4
1/13/91,-0.9
1/14/91,-1
1/15/91,-1.1
1/16/91,-1.6
1/17/91,-1.7
1/18/91,-1.7
1/19/91,-1.8
1/20/91,-1.8
1/21/91,-1.7
1/22/91,-1.7
1/23/91,-1.7
1/24/91,-1.7
1/25/91,-1.6
1/26/91,-1.6
1/27/91,-1.6
1/28/91,-1.5
1/29/91,-1.8
1/30/91,-1.8
1/31/91,-1.9
2/1/91,-1.5
2/2/91,7.3
2/3/91,0
2/4/91,11.9
2/5/91,7.4
2/6/91,-2.1
2/7/91,-0.7
2/8/91,-1.8
2/9/91,-1.9
2/10/91,-2.1
2/11/91,-2.3
2/12/91,-2.3
2/13/91,-2.5
2/14/91,-2.5
2/15/91,-2.4
2/16/91,-2.1
2/17/91,-2.1
2/18/91,-2.6
2/19/91,-2.8
2/20/91,-2.8
2/21/91,-2.8
2/22/91,-2.4
2/23/91,-2.8
2/24/91,-3
2/25/91,-3.2
2/26/91,-2.7
2/27/91,5.6
2/28/91,16
3/1/91,21.9
3/2/91,2.8
3/3/91,17.5
3/4/91,6.7
3/5/91,-2
3/6/91,-2.2
3/7/91,-0.4
3/8/91,-2.8
3/9/91,-2.6
3/10/91,3.1
3/11/91,1.4
3/12/91,3.3
3/13/91,7.7
3/14/91,-1.1
3/15/91,-2.1
3/16/91,-1.1
3/17/91,9.8
3/18/91,5.8
3/19/91,9.2
3/20/91,10.6
3/21/91,0.1
3/22/91,-2.6
3/23/91,5.4
3/24/91,22.9
3/25/91,8.9
3/26/91,14.5
3/27/91,0.3
3/28/91,-3.1
3/29/91,-2.2
3/30/91,-3.9
3/31/91,-3
4/1/91,-2.7
4/2/91,-3.3
4/3/91,-4
4/4/91,-4.3
4/5/91,-3.8
4/6/91,-3.6
4/7/91,-3.4
4/8/91,-4
4/9/91,-4.3
4/10/91,-3.1
4/11/91,-3.7
4/12/91,-4.2
4/13/91,-4.5
4/14/91,-3.9
4/15/91,-3.3
4/16/91,-3.7
4/17/91,-4.1
4/18/91,-4
4/19/91,-2.9
4/20/91,0.7
4/21/91,-2.7
4/22/91,-4.2
4/23/91,-3.1
4/24/91,-3.2
4/25/91,-2.8
4/26/91,-2.6
4/27/91,-3.6
4/28/91,-5
4/29/91,-5.4
4/30/91,-5.5
5/1/91,-3.1
5/2/91,-3.6
5/3/91,-4.4
5/4/91,-5.3
5/5/91,-4.6
5/6/91,-5.5
5/7/91,-5.6
5/8/91,-4.6
5/9/91,-4.7
5/10/91,-4.8
5/11/91,-5
5/12/91,-4.6
5/13/91,-1.3
5/14/91,-4.9
5/15/91,-6
5/16/91,-5.2
5/17/91,-2.6
5/18/91,-2.3
5/19/91,-4.9
5/20/91,-5.5
5/21/91,-5.3
5/22/91,-5.3
5/23/91,-6.9
5/24/91,-6.9
5/25/91,-6.5
5/26/91,-6.1
5/27/91,-6.5
5/28/91,-6.1
5/29/91,-4.8
5/30/91,-4.3
5/31/91,-6.4
6/1/91,-7.2
6/2/91,-6.5
6/3/91,-6.5
6/4/91,-7.1
6/5/91,-6.8
6/6/91,-6.4
6/7/91,-7.3
6/8/91,-7.4
6/9/91,-7.8
6/10/91,-8.1
6/11/91,-8
6/12/91,-6.8
6/13/91,-6.6
6/14/91,-6.8
6/15/91,-6.9
6/16/91,-6.9
6/17/91,-7.1
6/18/91,-6.8
6/19/91,-5.8
6/20/91,-6.5
6/21/91,-6.2
6/22/91,-6.2
6/23/91,-5.8
6/24/91,-5.2
6/25/91,-5.9
6/26/91,-5.8
6/27/91,-4.2
6/28/91,1
6/29/91,-3.2
6/30/91,-6.2
7/1/91,-6.4
7/2/91,-8.7
7/3/91,-9.1
7/4/91,-9
7/5/91,-8.6
7/6/91,-7.7
7/7/91,-7
7/8/91,-6.9
7/9/91,-7
7/10/91,-7.3
7/11/91,-7.7
7/12/91,-7.8
7/13/91,-7.2
7/14/91,-6.9
7/15/91,-6.8
7/16/91,-6.4
7/17/91,-6.9
7/18/91,-6.7
7/19/91,-5.9
7/20/91,-6.2
7/21/91,-6.9
7/22/91,-7.3
7/23/91,-7.3
7/24/91,-7.1
7/25/91,-7.1
7/26/91,-7.7
7/27/91,-7.3
7/28/91,-7
7/29/91,-7.7
7/30/91,-7.8
7/31/91,-7.2
8/1/91,-6.8
8/2/91,-6.2
8/3/91,-6.1
8/4/91,-5.7
8/5/91,-5.8
8/6/91,-5.4
8/7/91,-6.1
8/8/91,-6.9
8/9/91,-6.8
8/10/91,-7
8/11/91,-6.8
8/12/91,-5.7
8/13/91,-4.9
8/14/91,-5.7
8/15/91,-5.5
8/16/91,-6.2
8/17/91,-6.1
8/18/91,-5.9
8/19/91,-6
8/20/91,-6.1
8/21/91,-6.2
8/22/91,-6
8/23/91,-6.5
8/24/91,-6.9
8/25/91,-5.8
8/26/91,-4.9
8/27/91,-4.6
8/28/91,-5.3
8/29/91,-5.9
8/30/91,-5.9
8/31/91,-5.7
9/1/91,-6.1
9/2/91,-6.7
9/3/91,-6.5
9/4/91,-6.5
9/5/91,-6.3
9/6/91,-5
9/7/91,-5.1
9/8/91,-5.5
9/9/91,-3.9
9/10/91,-4.5
9/11/91,-4.9
9/12/91,-5.2
9/13/91,-5.2
9/14/91,-5
9/15/91,-5.5
9/16/91,-5.7
9/17/91,-5.6
9/18/91,-5.7
9/19/91,-5.3
9/20/91,-5.1
9/21/91,-5.1
9/22/91,-5.3
9/23/91,-5.4
9/24/91,-5.5
9/25/91,-4.9
9/26/91,-4.6
9/27/91,-4.4
9/28/91,-4.7
9/29/91,-4.8
9/30/91,-5
10/1/91,-4.7
10/2/91,-4.7
10/3/91,-4.8
10/4/91,-4.8
10/5/91,-4.4
10/6/91,-4.4
10/7/91,-4.4
10/8/91,-4.3
10/9/91,-4.4
10/10/91,-4.8
10/11/91,-4.3
10/12/91,-4.1
10/13/91,-4.1
10/14/91,-4.1
10/15/91,-4.2
10/16/91,-4
10/17/91,-3.7
10/18/91,-3.8
10/19/91,-3.7
10/20/91,-3.8
10/21/91,-3.7
10/22/91,-2.2
10/23/91,-2.4
10/24/91,-2
10/25/91,19.7
10/26/91,42.7
10/27/91,-0.1
10/28/91,-1.9
10/29/91,-1.8
10/30/91,-1.1
10/31/91,-2.2
11/1/91,-2.3
11/2/91,-2.3
11/3/91,-2.3
11/4/91,-2.3
11/5/91,-2.4
11/6/91,-2.5
11/7/91,-2.5
11/8/91,-1.9
11/9/91,-2
11/10/91,-2.1
11/11/91,-2.1
11/12/91,-2.1
11/13/91,-2
11/14/91,-1.6
11/15/91,-1.8
11/16/91,-1.8
11/17/91,2.9
11/18/91,0.3
11/19/91,-1.7
11/20/91,-1.4
11/21/91,-1.5
11/22/91,-1.6
11/23/91,-0.7
11/24/91,-1.8
11/25/91,-1.8
11/26/91,-1.8
11/27/91,-1.4
11/28/91,-1.6
11/29/91,-1.5
11/30/91,-1.4
12/1/91,-1.3
12/2/91,-1.4
12/3/91,-0.4
12/4/91,-1.5
12/5/91,-1.5
12/6/91,1
12/7/91,6.9
12/8/91,1.2
12/9/91,-1.3
12/10/91,-1.3
12/11/91,-0.9
12/12/91,-0.9
12/13/91,-0.6
12/14/91,-0.6
12/15/91,-0.7
12/16/91,1.4
12/17/91,-1
12/18/91,-1.1
12/19/91,-1.3
12/20/91,-1.2
12/21/91,-0.1
12/22/91,-1.2
12/23/91,-1.4
12/24/91,-1.3
12/25/91,-1.2
12/26/91,-1.2
12/27/91,3.4
12/28/91,5.1
12/29/91,9.2
12/30/91,0
12/31/91,0.4
1/1/92,-1.2
1/2/92,-1
1/3/92,-1.1
1/4/92,4.5
1/5/92,10.4
1/6/92,2.9
1/7/92,5.7
1/8/92,-0.2
1/9/92,0.2
1/10/92,-0.7
1/11/92,-1.3
1/12/92,-1.1
1/13/92,-1.2
1/14/92,-1.3
1/15/92,-0.9
1/16/92,-0.8
1/17/92,-0.8
1/18/92,-0.9
1/19/92,-0.8
1/20/92,0.1
1/21/92,-0.8
1/22/92,-0.7
1/23/92,-0.7
1/24/92,-0.7
1/25/92,-1.3
1/26/92,-1.3
1/27/92,0.3
1/28/92,-0.5
1/29/92,-1.4
1/30/92,-0.3
1/31/92,-0.8
2/1/92,-0.9
2/2/92,-1.9
2/3/92,-1.9
2/4/92,-1.9
2/5/92,-1.1
2/6/92,1.1
2/7/92,-0.8
2/8/92,-0.1
2/9/92,2.9
2/10/92,15.6
2/11/92,17.8
2/12/92,28
2/13/92,1.3
2/14/92,24.3
2/15/92,11.2
2/16/92,6.3
2/17/92,0.9
2/18/92,-1.2
2/19/92,2.5
2/20/92,10.5
2/21/92,-1.2
2/22/92,-2.1
2/23/92,-2.4
2/24/92,-1.6
2/25/92,-3
2/26/92,-3
2/27/92,-3.1
2/28/92,-2.8
2/29/92,-2.1
3/1/92,-1.1
3/2/92,-1.7
3/3/92,-2.5
3/4/92,-2.3
3/5/92,25
3/6/92,4.6
3/7/92,-0.3
3/8/92,-2.6
3/9/92,-2.5
3/10/92,-2.9
3/11/92,-2.1
3/12/92,-3.3
3/13/92,-2.8
3/14/92,0.6
3/15/92,1.8
3/16/92,-0.9
3/17/92,-1.6
3/18/92,-2
3/19/92,-3
3/20/92,-2.7
3/21/92,-1.9
3/22/92,2.2
3/23/92,-1.8
3/24/92,-2.3
3/25/92,-3.4
3/26/92,-3.6
3/27/92,-3.8
3/28/92,-3.4
3/29/92,-3.1
3/30/92,-2.7
3/31/92,-3.4
4/1/92,-4.1
4/2/92,-4.3
4/3/92,-4
4/4/92,-3.6
4/5/92,-3.7
4/6/92,-4
4/7/92,-4.5
4/8/92,-4.6
4/9/92,-4.4
4/10/92,-4.4
4/11/92,-3.1
4/12/92,3
4/13/92,-3.9
4/14/92,-4.2
4/15/92,-3.8
4/16/92,-4.2
4/17/92,-4.3
4/18/92,-4.5
4/19/92,-4.2
4/20/92,-4.4
4/21/92,-4.3
4/22/92,-4.3
4/23/92,-4.9
4/24/92,-5.3
4/25/92,-5.9
4/26/92,-5.7
4/27/92,-5.9
4/28/92,-6
4/29/92,-5.3
4/30/92,-4.9
5/1/92,-5.6
5/2/92,-4.5
5/3/92,-6.8
5/4/92,-6.7
5/5/92,-6.8
5/6/92,-5.5
5/7/92,-5.7
5/8/92,-6.2
5/9/92,-5.9
5/10/92,-6.7
5/11/92,-6
5/12/92,-5.9
5/13/92,-5.7
5/14/92,-5.8
5/15/92,-5.8
5/16/92,-6.3
5/17/92,-6.5
5/18/92,-5.9
5/19/92,-5.3
5/20/92,-5.5
5/21/92,-6.5
5/22/92,-7.3
5/23/92,-7.3
5/24/92,-7.1
5/25/92,-6.6
5/26/92,-6.6
5/27/92,-7
5/28/92,-6.5
5/29/92,-7
5/30/92,-7.5
5/31/92,-7.6
6/1/92,-7.6
6/2/92,-7.8
6/3/92,-8
6/4/92,-8
6/5/92,-6.7
6/6/92,-5.8
6/7/92,-6.2
6/8/92,-6.8
6/9/92,-7
6/10/92,-6.4
6/11/92,-5.1
6/12/92,-5
6/13/92,-5.2
6/14/92,-5.3
6/15/92,-3.8
6/16/92,-6.1
6/17/92,-6.7
6/18/92,-6.7
6/19/92,-7.3
6/20/92,-7.8
6/21/92,-8.1
6/22/92,-7.4
6/23/92,-6.5
6/24/92,-7
6/25/92,-6.4
6/26/92,-6.5
6/27/92,-6.2
6/28/92,-4.7
6/29/92,-0.7
6/30/92,-5.3
7/1/92,-6.4
7/2/92,-6.8
7/3/92,-7
7/4/92,-5.5
7/5/92,-6.6
7/6/92,-6.5
7/7/92,-7.3
7/8/92,-7.6
7/9/92,-7.5
7/10/92,-7
7/11/92,-3.4
7/12/92,-4.6
7/13/92,-4.7
7/14/92,-7
7/15/92,-6.5
7/16/92,-7.6
7/17/92,-7.8
7/18/92,-7.4
7/19/92,-7.4
7/20/92,-6.7
7/21/92,-6.8
7/22/92,-6.2
7/23/92,-6.8
7/24/92,-7.1
7/25/92,-6.8
7/26/92,-7.3
7/27/92,-7.7
7/28/92,-7.8
7/29/92,-7.6
7/30/92,-7.1
7/31/92,-7.1
8/1/92,-7.3
8/2/92,-7.6
8/3/92,-7.7
8/4/92,-7.3
8/5/92,-6.6
8/6/92,-6.6
8/7/92,-6.5
8/8/92,-6.2
8/9/92,-7.1
8/10/92,-7.6
8/11/92,-7.5
8/12/92,-7.1
8/13/92,-7.1
8/14/92,-6.8
8/15/92,-6.9
8/16/92,-7.5
8/17/92,-7.5
8/18/92,-7.4
8/19/92,-7.3
8/20/92,-6.9
8/21/92,-6
8/22/92,-5.4
8/23/92,-6
8/24/92,-6.4
8/25/92,-5.9
8/26/92,-6.5
8/27/92,-6.6
8/28/92,-5.5
8/29/92,-5.3
8/30/92,-4.4
8/31/92,-5.1
9/1/92,-5.3
9/2/92,-5
9/3/92,-4.3
9/4/92,-5
9/5/92,-5.4
9/6/92,-5.3
9/7/92,-5.7
9/8/92,-5.7
9/9/92,-5.7
9/10/92,-4.6
9/11/92,-4.6
9/12/92,-5
9/13/92,-5
9/14/92,-5
9/15/92,-4.9
9/16/92,-5.1
9/17/92,-4.8
9/18/92,-5
9/19/92,-5.3
9/20/92,-5.2
9/21/92,-5.5
9/22/92,-4.8
9/23/92,-5
9/24/92,-4.1
9/25/92,-4.4
9/26/92,-5.1
9/27/92,-5
9/28/92,-5.1
9/29/92,-5
9/30/92,-4.2
10/1/92,-3.5
10/2/92,-3.1
10/3/92,-3.4
10/4/92,-3.8
10/5/92,-4.1
10/6/92,-4.3
10/7/92,-4.4
10/8/92,-4.2
10/9/92,-4.2
10/10/92,-4.3
10/11/92,-4.2
10/12/92,-4.1
10/13/92,-3.7
10/14/92,-3
10/15/92,-2.9
10/16/92,-3.1
10/17/92,-3.2
10/18/92,-3
10/19/92,-3
10/20/92,-2.1
10/21/92,8.1
10/22/92,-1.8
10/23/92,-3.2
10/24/92,-2.8
10/25/92,-2.6
10/26/92,-2.6
10/27/92,-2.5
10/28/92,-1
10/29/92,9.7
10/30/92,3.3
10/31/92,-0.9
11/1/92,-2.1
11/2/92,-2.4
11/3/92,-1.1
11/4/92,-2.3
11/5/92,-2.2
11/6/92,-2.4
11/7/92,-2.2
11/8/92,-1.9
11/9/92,-1.8
11/10/92,-1.9
11/11/92,-1.9
11/12/92,-2
11/13/92,-2.1
11/14/92,-2.2
11/15/92,-2.2
11/16/92,-2
11/17/92,-1.8
11/18/92,-1.8
11/19/92,1.1
11/20/92,-1.5
11/21/92,-1.3
11/22/92,-1.1
11/23/92,-1.3
11/24/92,-1.2
11/25/92,-1.5
11/26/92,-1.7
11/27/92,-1.7
11/28/92,-1.6
11/29/92,-1.6
11/30/92,-1.6
12/1/92,-1.6
12/2/92,1.9
12/3/92,-1.3
12/4/92,-1.4
12/5/92,-1.3
12/6/92,11.6
12/7/92,8.5
12/8/92,1.8
12/9/92,10.7
12/10/92,20.6
12/11/92,5.2
12/12/92,-0.1
12/13/92,-1.1
12/14/92,-0.1
12/15/92,-1.1
12/16/92,-0.2
12/17/92,3.2
12/18/92,-1
12/19/92,-1
12/20/92,0.9
12/21/92,-1
12/22/92,-1
12/23/92,-0.9
12/24/92,-0.7
12/25/92,-0.8
12/26/92,-0.8
12/27/92,-1
12/28/92,19.9
12/29/92,2.6
12/30/92,0.5
12/31/92,-0.4
1/1/93,16.4
1/2/93,-0.1
1/3/93,-0.9
1/4/93,-1
1/5/93,0
1/6/93,15
1/7/93,25.1
1/8/93,9.4
1/9/93,2.9
1/10/93,4.5
1/11/93,-0.1
1/12/93,16.4
1/13/93,16.1
1/14/93,3.9
1/15/93,4
1/16/93,0.4
1/17/93,28.7
1/18/93,2.1
1/19/93,0.4
1/20/93,15.1
1/21/93,9.1
1/22/93,0.3
1/23/93,-0.5
1/24/93,-1.5
1/25/93,-1.5
1/26/93,-1.6
1/27/93,-1.2
1/28/93,-1
1/29/93,-1.5
1/30/93,-1.7
1/31/93,-1.7
2/1/93,-1.7
2/2/93,-1.9
2/3/93,-1.6
2/4/93,-1.9
2/5/93,0.7
2/6/93,0.2
2/7/93,3.6
2/8/93,23.4
2/9/93,5.2
2/10/93,1.3
2/11/93,2.5
2/12/93,-0.7
2/13/93,-1.9
2/14/93,-1.9
2/15/93,-1.9
2/16/93,-0.4
2/17/93,-0.3
2/18/93,12.7
2/19/93,6.3
2/20/93,3.9
2/21/93,-0.7
2/22/93,1.8
2/23/93,5.9
2/24/93,-1.6
2/25/93,1.1
2/26/93,3.4
2/27/93,4.1
2/28/93,-1.1
3/1/93,-2.2
3/2/93,-2.4
3/3/93,-2.4
3/4/93,-2.7
3/5/93,-1.8
3/6/93,-3.2
3/7/93,-3.5
3/8/93,-3.4
3/9/93,-2.8
3/10/93,-2.9
3/11/93,-3
3/12/93,-3.3
3/13/93,-2.9
3/14/93,-2.2
3/15/93,-2.7
3/16/93,3.7
3/17/93,10
3/18/93,-2.8
3/19/93,-2.1
3/20/93,-3.2
3/21/93,-3.6
3/22/93,-3.7
3/23/93,12.9
3/24/93,7.4
3/25/93,15.4
3/26/93,6.3
3/27/93,1.4
3/28/93,0.6
3/29/93,-1.6
3/30/93,-2.2
3/31/93,-0.5
4/1/93,2
4/2/93,-3.2
4/3/93,-2
4/4/93,-2.2
4/5/93,-3.1
4/6/93,-2.4
4/7/93,-3.9
4/8/93,-3.8
4/9/93,-3.3
4/10/93,-3.5
4/11/93,-3.5
4/12/93,-4
4/13/93,-4.1
4/14/93,-4.2
4/15/93,-3.9
4/16/93,-3.8
4/17/93,-0.7
4/18/93,-2.5
4/19/93,-3.2
4/20/93,-3.9
4/21/93,-4.1
4/22/93,-4.1
4/23/93,-3
4/24/93,-4.2
4/25/93,-4.6
4/26/93,-4.2
4/27/93,-5.1
4/28/93,-5.6
4/29/93,-5.7
4/30/93,-5.4
5/1/93,-5.7
5/2/93,-5.4
5/3/93,-4.2
5/4/93,-4.5
5/5/93,-5.4
5/6/93,-4.7
5/7/93,-5.1
5/8/93,-5.2
5/9/93,-6.6
5/10/93,-7.3
5/11/93,-4.2
5/12/93,-4.7
5/13/93,-5.4
5/14/93,-5.5
5/15/93,-5.6
5/16/93,-6.5
5/17/93,-5.9
5/18/93,-5.8
5/19/93,-5.8
5/20/93,-4.9
5/21/93,-5.3
5/22/93,-6.2
5/23/93,-5.7
5/24/93,2.8
5/25/93,6.8
5/26/93,-3.9
5/27/93,-4.3
5/28/93,-4
5/29/93,-6.1
5/30/93,-1.7
5/31/93,4.5
6/1/93,-5.1
6/2/93,-5.1
6/3/93,-5.2
6/4/93,-0.9
6/5/93,-2.4
6/6/93,5.3
6/7/93,-0.4
6/8/93,-3.9
6/9/93,-5.8
6/10/93,-6.3
6/11/93,-6.3
6/12/93,-6.5
6/13/93,-6.2
6/14/93,-7.4
6/15/93,-6.6
6/16/93,-6.7
6/17/93,-7.5
6/18/93,-8
6/19/93,-8.3
6/20/93,-7.6
6/21/93,-6.3
6/22/93,-6.4
6/23/93,-6.6
6/24/93,-7.4
6/25/93,-8.5
6/26/93,-8.4
6/27/93,-8
6/28/93,-6.5
6/29/93,-7.2
6/30/93,-7.3
7/1/93,-7.7
7/2/93,-6.7
7/3/93,-6.6
7/4/93,-7.2
7/5/93,-7.3
7/6/93,-7.6
7/7/93,-7.7
7/8/93,-7.6
7/9/93,-7.2
7/10/93,-7.2
7/11/93,-7.5
7/12/93,-6.9
7/13/93,-7.1
7/14/93,-6.6
7/15/93,-6.3
7/16/93,-6.6
7/17/93,-6.9
7/18/93,-7.1
7/19/93,-6.6
7/20/93,-6.3
7/21/93,-6.2
7/22/93,-6.6
7/23/93,-6.4
7/24/93,-6.9
7/25/93,-6.3
7/26/93,-6.4
7/27/93,-6.5
7/28/93,-6.3
7/29/93,-5.9
7/30/93,-6.8
7/31/93,-7.4
8/1/93,-7.9
8/2/93,-7.6
8/3/93,-7.3
8/4/93,-6.8
8/5/93,-6.7
8/6/93,-6.7
8/7/93,-6.3
8/8/93,-6.2
8/9/93,-6.6
8/10/93,-5.5
8/11/93,-5.3
8/12/93,-5.8
8/13/93,-5.8
8/14/93,-5.6
8/15/93,-5.1
8/16/93,-5.4
8/17/93,-5.6
8/18/93,-6.2
8/19/93,-5.3
8/20/93,-5.4
8/21/93,-6.2
8/22/93,-6.5
8/23/93,-6.6
8/24/93,-6.3
8/25/93,-5.8
8/26/93,-6.3
8/27/93,-6.5
8/28/93,-6.3
8/29/93,-6.2
8/30/93,-5.4
8/31/93,-5.6
9/1/93,-6
9/2/93,-6
9/3/93,-6
9/4/93,-5.6
9/5/93,-5
9/6/93,-5.2
9/7/93,-5.7
9/8/93,-6
9/9/93,-6.1
9/10/93,-5.7
9/11/93,-5.6
9/12/93,-5
9/13/93,-5.4
9/14/93,-4.5
9/15/93,-4.1
9/16/93,-4
9/17/93,-3.5
9/18/93,-4.2
9/19/93,-4.6
9/20/93,-4.6
9/21/93,-4.4
9/22/93,-4.1
9/23/93,-4.5
9/24/93,-4.7
9/25/93,-4.8
9/26/93,-4.9
9/27/93,-5
9/28/93,-4.9
9/29/93,-5
9/30/93,-4.6
10/1/93,-4.4
10/2/93,-4.3
10/3/93,-4.1
10/4/93,-2.7
10/5/93,-2.9
10/6/93,-3.2
10/7/93,-3.5
10/8/93,-3.4
10/9/93,-3.1
10/10/93,-3.1
10/11/93,-2.7
10/12/93,-3.2
10/13/93,-2.7
10/14/93,-2.5
10/15/93,-1.7
10/16/93,-2.4
10/17/93,-2.6
10/18/93,-2.8
10/19/93,-1.8
10/20/93,-3.2
10/21/93,-2.9
10/22/93,-3.1
10/23/93,-3.3
10/24/93,-3.1
10/25/93,-3.2
10/26/93,-3.2
10/27/93,-3.1
10/28/93,-2.9
10/29/93,-2.9
10/30/93,-3.1
10/31/93,-2.5
11/1/93,-2.6
11/2/93,-2.7
11/3/93,-2.6
11/4/93,-2.6
11/5/93,-2.4
11/6/93,-2.4
11/7/93,-2.4
11/8/93,-2.4
11/9/93,-2.1
11/10/93,12
11/11/93,5.7
11/12/93,0.3
11/13/93,-1.6
11/14/93,-1.7
11/15/93,-0.7
11/16/93,-1.7
11/17/93,-1.6
11/18/93,-1.7
11/19/93,-1.7
11/20/93,-1.7
11/21/93,-1.2
11/22/93,-1.6
11/23/93,-1.4
11/24/93,-1.3
11/25/93,-1.5
11/26/93,-1.6
11/27/93,-1.3
11/28/93,2.4
11/29/93,11.2
11/30/93,0
12/1/93,-0.3
12/2/93,-1.5
12/3/93,-1.4
12/4/93,-1.4
12/5/93,-1.4
12/6/93,-0.2
12/7/93,-1.2
12/8/93,0.5
12/9/93,0.4
12/10/93,-0.3
12/11/93,14.6
12/12/93,0
12/13/93,0.7
12/14/93,18.7
12/15/93,-1.1
12/16/93,0.1
12/17/93,-0.9
12/18/93,-1
12/19/93,-0.8
12/20/93,-0.7
12/21/93,-0.6
12/22/93,-0.8
12/23/93,-0.9
12/24/93,-0.8
12/25/93,-0.6
12/26/93,-0.6
12/27/93,-0.7
12/28/93,-1.3
12/29/93,-0.2
12/30/93,-1.3
12/31/93,-0.9
1/1/94,-1.1
1/2/94,-1
1/3/94,-0.8
1/4/94,1.1
1/5/94,-1
1/6/94,-1.2
1/7/94,-1.2
1/8/94,-1.1
1/9/94,-1.2
1/10/94,-1.3
1/11/94,-1.4
1/12/94,-0.5
1/13/94,-1.5
1/14/94,-1.3
1/15/94,-1.6
1/16/94,-1.6
1/17/94,-1.8
1/18/94,-1.8
1/19/94,-1.8
1/20/94,-1.8
1/21/94,-1.8
1/22/94,0.6
1/23/94,14.9
1/24/94,12.5
1/25/94,2.5
1/26/94,1.2
1/27/94,-0.5
1/28/94,-1.4
1/29/94,-1.6
1/30/94,-1.4
1/31/94,-0.4
2/1/94,-1.4
2/2/94,-1.4
2/3/94,-1.7
2/4/94,-1.7
2/5/94,-1.6
2/6/94,3.4
2/7/94,15.1
2/8/94,6.6
2/9/94,-0.4
2/10/94,0.1
2/11/94,0.3
2/12/94,-0.8
2/13/94,-2.1
2/14/94,-2.1
2/15/94,-2
2/16/94,1.5
2/17/94,6.5
2/18/94,5
2/19/94,4.9
2/20/94,5.8
2/21/94,2
2/22/94,0.2
2/23/94,-1.3
2/24/94,-2.5
2/25/94,-2.4
2/26/94,0.1
2/27/94,-2
2/28/94,-2.5
3/1/94,-1.9
3/2/94,-3.1
3/3/94,-2.9
3/4/94,-2.9
3/5/94,2.1
3/6/94,-1.4
3/7/94,-3
3/8/94,-3.1
3/9/94,-2.8
3/10/94,-2.9
3/11/94,-3
3/12/94,-3.5
3/13/94,-3.6
3/14/94,-3.7
3/15/94,-3.3
3/16/94,-2.6
3/17/94,-3.2
3/18/94,-3.1
3/19/94,-2.8
3/20/94,-3.4
3/21/94,-3
3/22/94,-2.6
3/23/94,-2.6
3/24/94,-3.1
3/25/94,-2.6
3/26/94,-3.3
3/27/94,-2.8
3/28/94,-2.8
3/29/94,-3.5
3/30/94,-3.8
3/31/94,-3.9
4/1/94,-4.3
4/2/94,-4.1
4/3/94,-3.5
4/4/94,-4.3
4/5/94,-4.2
4/6/94,-3.6
4/7/94,-3.6
4/8/94,0.4
4/9/94,2.5
4/10/94,-3.2
4/11/94,-4.8
4/12/94,-5
4/13/94,-4.8
4/14/94,-5
4/15/94,-4.6
4/16/94,-4.4
4/17/94,-5.2
4/18/94,-5.2
4/19/94,-4.9
4/20/94,-5.2
4/21/94,-4.5
4/22/94,-4.1
4/23/94,5.6
4/24/94,3.1
4/25/94,15.1
4/26/94,-0.4
4/27/94,-3.3
4/28/94,-1.8
4/29/94,-4.4
4/30/94,-4.6
5/1/94,-4.7
5/2/94,-4.9
5/3/94,-4.8
5/4/94,-4.6
5/5/94,-2.9
5/6/94,1.6
5/7/94,1.9
5/8/94,-3.5
5/9/94,-4.2
5/10/94,-5.7
5/11/94,-5.6
5/12/94,-5.5
5/13/94,-6.1
5/14/94,-6
5/15/94,-4
5/16/94,-2.1
5/17/94,-0.6
5/18/94,-0.2
5/19/94,-3
5/20/94,-4.1
5/21/94,-5.4
5/22/94,-5
5/23/94,-5.6
5/24/94,-6.8
5/25/94,-6.2
5/26/94,-5.4
5/27/94,-5.8
5/28/94,-6.6
5/29/94,-7
5/30/94,-6.6
5/31/94,-4.9
6/1/94,-5.4
6/2/94,-6.8
6/3/94,-6.5
6/4/94,-6.3
6/5/94,-5
6/6/94,-5.3
6/7/94,-6
6/8/94,-7
6/9/94,-7.6
6/10/94,-7.4
6/11/94,-8.2
6/12/94,-6.6
6/13/94,-6.5
6/14/94,-6.4
6/15/94,-5.8
6/16/94,-5.9
6/17/94,-6.4
6/18/94,-6.8
6/19/94,-7.4
6/20/94,-7
6/21/94,-7.3
6/22/94,-7.5
6/23/94,-7.5
6/24/94,-7.4
6/25/94,-7.3
6/26/94,-7.7
6/27/94,-8.4
6/28/94,-8
6/29/94,-8.2
6/30/94,-7.5
7/1/94,-7.8
7/2/94,-7.1
7/3/94,-7
7/4/94,-6.7
7/5/94,-6.6
7/6/94,-7.4
7/7/94,-7.7
7/8/94,-8.1
7/9/94,-8.2
7/10/94,-7.9
7/11/94,-7.9
7/12/94,-8
7/13/94,-7.9
7/14/94,-7.9
7/15/94,-7.6
7/16/94,-7
7/17/94,-8.1
7/18/94,-7.1
7/19/94,-6.4
7/20/94,-6.1
7/21/94,-5.7
7/22/94,-6.7
7/23/94,-6
7/24/94,-6.4
7/25/94,-7.4
7/26/94,-7.7
7/27/94,-7.1
7/28/94,-7.1
7/29/94,-6.9
7/30/94,-6.7
7/31/94,-6.2
8/1/94,-6.5
8/2/94,-6.9
8/3/94,-7
8/4/94,-6.9
8/5/94,-7.2
8/6/94,-7.8
8/7/94,-7.3
8/8/94,-6.7
8/9/94,-6.7
8/10/94,-6.7
8/11/94,-6.9
8/12/94,-7.1
8/13/94,-7.2
8/14/94,-7.4
8/15/94,-7.4
8/16/94,-7.4
8/17/94,-7.1
8/18/94,-6.4
8/19/94,-6.4
8/20/94,-6.4
8/21/94,-6
8/22/94,-5.9
8/23/94,-6
8/24/94,-6.1
8/25/94,-6.1
8/26/94,-5.9
8/27/94,-6
8/28/94,-5.7
8/29/94,-5.8
8/30/94,-5.9
8/31/94,-5.9
9/1/94,-5.4
9/2/94,-5.1
9/3/94,-5.4
9/4/94,-5.8
9/5/94,-5.8
9/6/94,-6
9/7/94,-5.6
9/8/94,-5.1
9/9/94,-4.4
9/10/94,-4.6
9/11/94,-4.2
9/12/94,-4.2
9/13/94,-4.3
9/14/94,-4.8
9/15/94,-5.4
9/16/94,-5.5
9/17/94,-4.9
9/18/94,-5
9/19/94,-5.1
9/20/94,-5.1
9/21/94,-5.3
9/22/94,-4.8
9/23/94,-3.8
9/24/94,-4.3
9/25/94,-4.4
9/26/94,-5
9/27/94,-4
9/28/94,0.1
9/29/94,-3.6
9/30/94,-3.9
10/1/94,-3.9
10/2/94,-4.2
10/3/94,-3.2
10/4/94,7.2
10/5/94,1.1
10/6/94,-2
10/7/94,-3.5
10/8/94,-2.8
10/9/94,-4
10/10/94,-3.7
10/11/94,-3.2
10/12/94,-2.8
10/13/94,-3
10/14/94,-2.6
10/15/94,-2.5
10/16/94,-2.7
10/17/94,-2.8
10/18/94,-3
10/19/94,-2.9
10/20/94,-2.9
10/21/94,-3
10/22/94,-3.1
10/23/94,-2.9
10/24/94,-2.7
10/25/94,-2.4
10/26/94,-2.6
10/27/94,-2.7
10/28/94,-2.5
10/29/94,-2.4
10/30/94,-2.5
10/31/94,-2.7
11/1/94,-1.9
11/2/94,-1.8
11/3/94,-1.9
11/4/94,-1.7
11/5/94,-1
11/6/94,1.6
11/7/94,1.5
11/8/94,-0.8
11/9/94,12.3
11/10/94,0.8
11/11/94,0.5
11/12/94,-1.3
11/13/94,-1.5
11/14/94,-0.3
11/15/94,2.1
11/16/94,0.3
11/17/94,-0.9
11/18/94,0.8
11/19/94,-1.3
11/20/94,-1.3
11/21/94,-1.4
11/22/94,-0.5
11/23/94,-1.5
11/24/94,-0.8
11/25/94,7
11/26/94,4.8
11/27/94,-0.9
11/28/94,-1.1
11/29/94,0.8
11/30/94,-1.4
12/1/94,-1.1
12/2/94,0.1
12/3/94,9.4
12/4/94,3.2
12/5/94,-0.8
12/6/94,-1
12/7/94,-0.1
12/8/94,-1.1
12/9/94,-0.1
12/10/94,-1
12/11/94,0.2
12/12/94,2.4
12/13/94,-0.1
12/14/94,2.4
12/15/94,2.3
12/16/94,-0.8
12/17/94,-0.7
12/18/94,-1
12/19/94,-0.8
12/20/94,-0.8
12/21/94,-0.7
12/22/94,-0.6
12/23/94,-0.9
12/24/94,7.8
12/25/94,0
12/26/94,-0.1
12/27/94,-0.9
12/28/94,-0.5
12/29/94,0
12/30/94,-0.1
12/31/94,-1
1/1/95,-1.1
1/2/95,1
1/3/95,0.8
1/4/95,21.8
1/5/95,10.4
1/6/95,2
1/7/95,1.8
1/8/95,6.4
1/9/95,19.5
1/10/95,22.7
1/11/95,1
1/12/95,7.2
1/13/95,2.2
1/14/95,16.1
1/15/95,4
1/16/95,2.7
1/17/95,-1.1
1/18/95,-0.2
1/19/95,-0.4
1/20/95,-0.2
1/21/95,-0.3
1/22/95,6.9
1/23/95,5.3
1/24/95,23.6
1/25/95,8.6
1/26/95,13.8
1/27/95,20.8
1/28/95,0.7
1/29/95,-0.3
1/30/95,-1.1
1/31/95,-0.6
2/1/95,-1.6
2/2/95,-1.7
2/3/95,-1.7
2/4/95,1.5
2/5/95,-1.2
2/6/95,-1.1
2/7/95,-0.5
2/8/95,-1.7
2/9/95,-1.9
2/10/95,-1.6
2/11/95,-1.3
2/12/95,-1.5
2/13/95,3.8
2/14/95,0.5
2/15/95,-1.9
2/16/95,0.2
2/17/95,-1.2
2/18/95,-2.2
2/19/95,-1.4
2/20/95,-0.5
2/21/95,-2.5
2/22/95,-1.9
2/23/95,-2.1
2/24/95,-1.8
2/25/95,-1.4
2/26/95,-1.6
2/27/95,-1.6
2/28/95,-1
3/1/95,-1
3/2/95,4
3/3/95,7.8
3/4/95,1.3
3/5/95,-0.9
3/6/95,-0.5
3/7/95,-2.5
3/8/95,3.5
3/9/95,15.1
3/10/95,29.6
3/11/95,16.2
3/12/95,2
3/13/95,1.4
3/14/95,3.2
3/15/95,-2.6
3/16/95,-1.9
3/17/95,-2.7
3/18/95,-1.7
3/19/95,-2.8
3/20/95,14.4
3/21/95,9.4
3/22/95,30.9
3/23/95,7.8
3/24/95,1.6
3/25/95,-2.7
3/26/95,-1.9
3/27/95,-3.1
3/28/95,-3.5
3/29/95,-2.5
3/30/95,-3.6
3/31/95,-3.8
4/1/95,-2.9
4/2/95,-2.9
4/3/95,-3.3
4/4/95,-4.2
4/5/95,-4
4/6/95,-3
4/7/95,-0.5
4/8/95,-2.2
4/9/95,-3.2
4/10/95,-3.7
4/11/95,-4.1
4/12/95,-3.6
4/13/95,0.6
4/14/95,-1
4/15/95,-1.9
4/16/95,-2.1
4/17/95,-1
4/18/95,-1.9
4/19/95,-1.7
4/20/95,-2.3
4/21/95,-2
4/22/95,-3.8
4/23/95,-2.9
4/24/95,-5.4
4/25/95,-4.8
4/26/95,-4.6
4/27/95,-1.9
4/28/95,-2.6
4/29/95,0.4
4/30/95,0.9
5/1/95,-0.8
5/2/95,-0.8
5/3/95,-4.4
5/4/95,-4.2
5/5/95,-1.2
5/6/95,-1.7
5/7/95,-3.5
5/8/95,-2.3
5/9/95,-3.6
5/10/95,-4.2
5/11/95,-4.3
5/12/95,-0.7
5/13/95,5.8
5/14/95,-2.6
5/15/95,-3.8
5/16/95,-2.6
5/17/95,-4.1
5/18/95,-3.6
5/19/95,-5
5/20/95,-5.7
5/21/95,-3.9
5/22/95,-4.4
5/23/95,-5.5
5/24/95,3.5
5/25/95,-3.4
5/26/95,-4.4
5/27/95,-5.6
5/28/95,-5.4
5/29/95,-5.8
5/30/95,-6.9
5/31/95,-6.7
6/1/95,-6.5
6/2/95,-4.8
6/3/95,-6
6/4/95,-5.8
6/5/95,-5.1
6/6/95,-4.8
6/7/95,-5.5
6/8/95,-6.1
6/9/95,-5.9
6/10/95,-6.2
6/11/95,-6.3
6/12/95,-6.7
6/13/95,-6.6
6/14/95,-2.1
6/15/95,8.6
6/16/95,-0.3
6/17/95,-3.3
6/18/95,-4.9
6/19/95,-5.4
6/20/95,-4.7
6/21/95,-5.5
6/22/95,-5.4
6/23/95,-7.6
6/24/95,-7.1
6/25/95,-7.3
6/26/95,-8.2
6/27/95,-7.4
6/28/95,-7.6
6/29/95,-6.6
6/30/95,-6.2
7/1/95,-6.4
7/2/95,-6.8
7/3/95,-6.1
7/4/95,-7.1
7/5/95,-7.2
7/6/95,-6.6
7/7/95,-6.9
7/8/95,-6.8
7/9/95,-6.2
7/10/95,-6
7/11/95,-5.7
7/12/95,-5.1
7/13/95,-6.5
7/14/95,-7.4
7/15/95,-8
7/16/95,-7.8
7/17/95,-4.9
7/18/95,-7
7/19/95,-6.2
7/20/95,-6.1
7/21/95,-6.2
7/22/95,-6
7/23/95,-6.3
7/24/95,-6.4
7/25/95,-6.4
7/26/95,-7.4
7/27/95,-7.9
7/28/95,-8
7/29/95,-6.6
7/30/95,-7.1
7/31/95,-7.7
8/1/95,-7.6
8/2/95,-7.5
8/3/95,-7.4
8/4/95,-7
8/5/95,-6.5
8/6/95,-6.9
8/7/95,-6.1
8/8/95,-6.3
8/9/95,-6.8
8/10/95,-5.5
8/11/95,-6
8/12/95,-6.7
8/13/95,-6.7
8/14/95,-6.9
8/15/95,-6.6
8/16/95,-5.8
8/17/95,-5.1
8/18/95,-5.9
8/19/95,-6.6
8/20/95,-6.7
8/21/95,-6
8/22/95,-6.2
8/23/95,-6.4
8/24/95,-5.8
8/25/95,-5.6
8/26/95,-5.5
8/27/95,-5.5
8/28/95,-5.3
8/29/95,-5.6
8/30/95,-5.7
8/31/95,-5.9
9/1/95,-5.4
9/2/95,-5.4
9/3/95,-5.2
9/4/95,-5.2
9/5/95,-5.6
9/6/95,-5.8
9/7/95,-5.8
9/8/95,-5.3
9/9/95,-4.7
9/10/95,-4.7
9/11/95,-5.2
9/12/95,-5.3
9/13/95,-5
9/14/95,-5.1
9/15/95,-5.1
9/16/95,-4.6
9/17/95,-4.7
9/18/95,-5
9/19/95,-5.4
9/20/95,-5.1
9/21/95,-4.9
9/22/95,-4.7
9/23/95,-4.3
9/24/95,-4.1
9/25/95,-3.6
9/26/95,-3.9
9/27/95,-3.9
9/28/95,-3.3
9/29/95,-3.7
9/30/95,-4
10/1/95,-4
10/2/95,-4.4
10/3/95,-4.4
10/4/95,-3.8
10/5/95,-4
10/6/95,-4
10/7/95,-3.6
10/8/95,-3.7
10/9/95,-3.7
10/10/95,-4
10/11/95,-3.3
10/12/95,-3
10/13/95,-3.5
10/14/95,-3.9
10/15/95,-2.9
10/16/95,-2.7
10/17/95,-3.2
10/18/95,-3.4
10/19/95,-3.6
10/20/95,-3.4
10/21/95,-3
10/22/95,-2.6
10/23/95,-2.9
10/24/95,-2.8
10/25/95,-2.5
10/26/95,-2.8
10/27/95,-2.8
10/28/95,-2.7
10/29/95,-2.7
10/30/95,-2.7
10/31/95,-1.8
11/1/95,-2.1
11/2/95,-2
11/3/95,-2.4
11/4/95,-2.4
11/5/95,-2.2
11/6/95,-2.2
11/7/95,-2.3
11/8/95,-2.5
11/9/95,-2.1
11/10/95,-2.1
11/11/95,-2.3
11/12/95,-2.4
11/13/95,-2.3
11/14/95,-2.3
11/15/95,-2.1
11/16/95,-2.1
11/17/95,-2.2
11/18/95,-2
11/19/95,-2
11/20/95,-2
11/21/95,-1.6
11/22/95,-1.8
11/23/95,-1.9
11/24/95,-1.9
11/25/95,-1.4
11/26/95,-0.4
11/27/95,-0.5
11/28/95,-1.7
11/29/95,-1.9
11/30/95,-1.8
12/1/95,-1.7
12/2/95,-1.4
12/3/95,-1.3
12/4/95,-0.7
12/5/95,-1.5
12/6/95,-1.4
12/7/95,-1.3
12/8/95,-1.2
12/9/95,-1.1
12/10/95,4.5
12/11/95,25.2
12/12/95,23.4
12/13/95,14.1
12/14/95,1.3
12/15/95,11.7
12/16/95,-0.1
12/17/95,-1.1
12/18/95,0.1
12/19/95,-1.1
12/20/95,-1
12/21/95,-0.9
12/22/95,1.1
12/23/95,-1
12/24/95,-1.1
12/25/95,-0.3
12/26/95,-1.3
12/27/95,-0.6
12/28/95,-0.5
12/29/95,24.1
12/30/95,3.3
12/31/95,-1.2
1/1/96,-1.4
1/2/96,-1.4
1/3/96,-1.4
1/4/96,-0.1
1/5/96,-1.3
1/6/96,-1.3
1/7/96,-1.2
1/8/96,-1.1
1/9/96,-1
1/10/96,-1.2
1/11/96,-1.2
1/12/96,-0.1
1/13/96,-1
1/14/96,-0.8
1/15/96,3.3
1/16/96,27.8
1/17/96,0.5
1/18/96,6.3
1/19/96,0.9
1/20/96,3.2
1/21/96,4.5
1/22/96,0.4
1/23/96,-0.7
1/24/96,17.9
1/25/96,3.2
1/26/96,0.8
1/27/96,12.4
1/28/96,-1
1/29/96,-1.2
1/30/96,3.2
1/31/96,8.3
2/1/96,-1.6
2/2/96,-1.3
2/3/96,3.1
2/4/96,28.6
2/5/96,-1.9
2/6/96,-1
2/7/96,-0.9
2/8/96,-1.7
2/9/96,-1.8
2/10/96,-2.1
2/11/96,-2.2
2/12/96,-2.2
2/13/96,-2.2
2/14/96,-2.2
2/15/96,0.3
2/16/96,-2.2
2/17/96,-1.8
2/18/96,3.5
2/19/96,24.2
2/20/96,17.3
2/21/96,17.1
2/22/96,-0.5
2/23/96,0.3
2/24/96,1.1
2/25/96,-1.3
2/26/96,0.1
2/27/96,-0.2
2/28/96,-1.4
2/29/96,-1.2
3/1/96,-2.6
3/2/96,-2.7
3/3/96,1.3
3/4/96,10.7
3/5/96,3.8
3/6/96,-1.3
3/7/96,-2.8
3/8/96,-3.1
3/9/96,-3.1
3/10/96,-2
3/11/96,5.5
3/12/96,8.4
3/13/96,-0.6
3/14/96,-3
3/15/96,-3.1
3/16/96,-3.4
3/17/96,-3.8
3/18/96,-3.7
3/19/96,-3.7
3/20/96,-3.7
3/21/96,-3.6
3/22/96,-2.7
3/23/96,-3.1
3/24/96,-3.2
3/25/96,-2.8
3/26/96,-3.4
3/27/96,-2.8
3/28/96,0.2
3/29/96,-2.2
3/30/96,-3.6
3/31/96,-3.9
4/1/96,11.3
4/2/96,-3.1
4/3/96,-3.5
4/4/96,-4
4/5/96,-4.3
4/6/96,-4.5
4/7/96,-4.9
4/8/96,-4.2
4/9/96,-3.6
4/10/96,-3.5
4/11/96,-3.8
4/12/96,-3.2
4/13/96,-4
4/14/96,-4.6
4/15/96,-3.8
4/16/96,5.5
4/17/96,8.9
4/18/96,-2.4
4/19/96,-2.1
4/20/96,-2.1
4/21/96,-4
4/22/96,-4.4
4/23/96,-5
4/24/96,-4.3
4/25/96,-4.9
4/26/96,-5.4
4/27/96,-4.7
4/28/96,-5.4
4/29/96,-6
4/30/96,-6.4
5/1/96,-6.2
5/2/96,-6
5/3/96,-5.3
5/4/96,-5.5
5/5/96,-5.4
5/6/96,-5.4
5/7/96,-5.2
5/8/96,-5.2
5/9/96,-5.6
5/10/96,-6.1
5/11/96,-6.8
5/12/96,-7.1
5/13/96,-6.6
5/14/96,-5
5/15/96,27.2
5/16/96,25.3
5/17/96,-2
5/18/96,-3.3
5/19/96,-2.6
5/20/96,-5
5/21/96,-3.5
5/22/96,-4.5
5/23/96,-4.6
5/24/96,-5.3
5/25/96,-6
5/26/96,-5.5
5/27/96,-5.2
5/28/96,-5.5
5/29/96,-5.2
5/30/96,-5.7
5/31/96,-6.2
6/1/96,-7.1
6/2/96,-7.9
6/3/96,-8
6/4/96,-7.5
6/5/96,-7.8
6/6/96,-8
6/7/96,-7.8
6/8/96,-7.7
6/9/96,-7.4
6/10/96,-6.9
6/11/96,-7
6/12/96,-7.1
6/13/96,-5.6
6/14/96,-6.1
6/15/96,-6.7
6/16/96,-6.1
6/17/96,-5.3
6/18/96,-6.6
6/19/96,-7.1
6/20/96,-6.3
6/21/96,-5.8
6/22/96,-6.8
6/23/96,-7.2
6/24/96,-4.8
6/25/96,-5.2
6/26/96,2.8
6/27/96,-5
6/28/96,-6.2
6/29/96,-6.8
6/30/96,-8
7/1/96,-8.3
7/2/96,-8.2
7/3/96,-7.2
7/4/96,-7.1
7/5/96,-7.5
7/6/96,-7.8
7/7/96,-7.6
7/8/96,-7.2
7/9/96,-7.4
7/10/96,-7.5
7/11/96,-7.2
7/12/96,-7.1
7/13/96,-7.3
7/14/96,-7.5
7/15/96,-6.7
7/16/96,-6.4
7/17/96,-6.1
7/18/96,-6.5
7/19/96,-7
7/20/96,-7.8
7/21/96,-8
7/22/96,-7.4
7/23/96,-7.2
7/24/96,-7.5
7/25/96,-7.8
7/26/96,-7
7/27/96,-6.7
7/28/96,-7.5
7/29/96,-7.6
7/30/96,-7.7
7/31/96,-7.8
8/1/96,-7
8/2/96,-7.1
8/3/96,-5.9
8/4/96,-6.6
8/5/96,-6
8/6/96,-6
8/7/96,-6.6
8/8/96,-7.2
8/9/96,-7.5
8/10/96,-8
8/11/96,-7.3
8/12/96,-7.1
8/13/96,-7.5
8/14/96,-7.4
8/15/96,-7.3
8/16/96,-7.2
8/17/96,-6.2
8/18/96,-6
8/19/96,-5.6
8/20/96,-5.6
8/21/96,-6.1
8/22/96,-6.3
8/23/96,-6.7
8/24/96,-6.3
8/25/96,-5.5
8/26/96,-5.1
8/27/96,-5.2
8/28/96,-6
8/29/96,-6.4
8/30/96,-6.6
8/31/96,-6.3
9/1/96,-6.1
9/2/96,-5.7
9/3/96,-5.1
9/4/96,-5
9/5/96,-4.9
9/6/96,-5.4
9/7/96,-5.6
9/8/96,-5.7
9/9/96,-5.8
9/10/96,-5.8
9/11/96,-4.4
9/12/96,-4.3
9/13/96,-3.5
9/14/96,-4.3
9/15/96,-3.9
9/16/96,-3.9
9/17/96,-4.1
9/18/96,-4.4
9/19/96,-4.8
9/20/96,-4.7
9/21/96,-4.9
9/22/96,-4.2
9/23/96,-4.3
9/24/96,-4.1
9/25/96,-4.4
9/26/96,-4.2
9/27/96,-4.3
9/28/96,-4.4
9/29/96,-4.5
9/30/96,-3.9
10/1/96,-3.2
10/2/96,-3.8
10/3/96,-3.9
10/4/96,-4.1
10/5/96,-4.3
10/6/96,-4.5
10/7/96,-4.6
10/8/96,-4.5
10/9/96,-4.4
10/10/96,-3.4
10/11/96,-3.5
10/12/96,-3.2
10/13/96,-3
10/14/96,-3.2
10/15/96,-3.3
10/16/96,-2.7
10/17/96,-3
10/18/96,-2.4
10/19/96,-0.1
10/20/96,-2.3
10/21/96,-1.5
10/22/96,-2.7
10/23/96,-2.6
10/24/96,-1.9
10/25/96,1.1
10/26/96,-2.3
10/27/96,-2.5
10/28/96,-1.3
10/29/96,7.7
10/30/96,6.9
10/31/96,-1.7
11/1/96,-1.1
11/2/96,-2
11/3/96,-1.8
11/4/96,-1.4
11/5/96,-1.8
11/6/96,-1.9
11/7/96,-2.1
11/8/96,-2.2
11/9/96,-2.2
11/10/96,-2.3
11/11/96,-2.3
11/12/96,-2.1
11/13/96,-2.1
11/14/96,-1.5
11/15/96,-1.6
11/16/96,11.1
11/17/96,28.1
11/18/96,-1.5
11/19/96,9.6
11/20/96,-1.3
11/21/96,13.6
11/22/96,12.5
11/23/96,-1.2
11/24/96,-0.3
11/25/96,-1.3
11/26/96,-0.5
11/27/96,-1.3
11/28/96,-0.5
11/29/96,-0.3
11/30/96,-1.3
12/1/96,0.1
12/2/96,-0.2
12/3/96,-1.3
12/4/96,0.9
12/5/96,15.2
12/6/96,0.7
12/7/96,-1.3
12/8/96,-0.8
12/9/96,16.7
12/10/96,24.4
12/11/96,-0.6
12/12/96,12.3
12/13/96,3
12/14/96,-1.2
12/15/96,-0.2
12/16/96,-1.3
12/17/96,-1.2
12/18/96,-1
12/19/96,-0.8
12/20/96,4.4
12/21/96,58.4
12/22/96,5.4
12/23/96,-1.3
12/24/96,-1.1
12/25/96,-0.7
12/26/96,4.6
12/27/96,-1
12/28/96,0.1
12/29/96,5.4
12/30/96,11
12/31/96,2.9
1/1/97,30
1/2/97,31.6
1/3/97,-0.2
1/4/97,0.5
1/5/97,-1
1/6/97,-1.2
1/7/97,-1.2
1/8/97,-0.4
1/9/97,-1.3
1/10/97,-1.1
1/11/97,-0.5
1/12/97,6.2
1/13/97,0.1
1/14/97,0.4
1/15/97,0.7
1/16/97,-0.8
1/17/97,-0.8
1/18/97,-0.8
1/19/97,0.7
1/20/97,9.4
1/21/97,7.6
1/22/97,30.4
1/23/97,3.4
1/24/97,7.7
1/25/97,13.4
1/26/97,9.2
1/27/97,-1.3
1/28/97,-1.6
1/29/97,-1.6
1/30/97,-1.5
1/31/97,-1.2
2/1/97,0.2
2/2/97,-1.6
2/3/97,-0.5
2/4/97,-1.5
2/5/97,-0.6
2/6/97,-0.5
2/7/97,-0.9
2/8/97,-1.7
2/9/97,-1.7
2/10/97,-1.8
2/11/97,-1.8
2/12/97,-1.7
2/13/97,-2
2/14/97,-2.3
2/15/97,-2.2
2/16/97,-2
2/17/97,-1.1
2/18/97,-2.2
2/19/97,-2.2
2/20/97,-2.1
2/21/97,-2.3
2/22/97,-2.2
2/23/97,-2.3
2/24/97,-2.3
2/25/97,-1.6
2/26/97,-2.5
2/27/97,-1.9
2/28/97,-2.3
3/1/97,-2.3
3/2/97,-1.6
3/3/97,-1.1
3/4/97,-2.4
3/5/97,-2.8
3/6/97,-2.7
3/7/97,-2.9
3/8/97,-3.1
3/9/97,-3.4
3/10/97,-3.5
3/11/97,-3.4
3/12/97,-3
3/13/97,-3.1
3/14/97,-3.4
3/15/97,-3.2
3/16/97,-1.8
3/17/97,-3.2
3/18/97,-3.8
3/19/97,-3.8
3/20/97,-3.6
3/21/97,-3.4
3/22/97,-3.7
3/23/97,-3.7
3/24/97,-4
3/25/97,-4.2
3/26/97,-4.3
3/27/97,-3.8
3/28/97,-3.8
3/29/97,-4
3/30/97,-3.5
3/31/97,-3
4/1/97,-3
4/2/97,-3.6
4/3/97,-4.2
4/4/97,-3.9
4/5/97,-3.7
4/6/97,-3.7
4/7/97,-3.9
4/8/97,-4
4/9/97,-3.6
4/10/97,-3.9
4/11/97,-4.1
4/12/97,-4.3
4/13/97,-4.3
4/14/97,-4.7
4/15/97,-5.3
4/16/97,-5.1
4/17/97,-5.2
4/18/97,-1.1
4/19/97,-3.5
4/20/97,-4.2
4/21/97,-4.6
4/22/97,-3.7
4/23/97,-4.1
4/24/97,-4.5
4/25/97,-5.1
4/26/97,-5.9
4/27/97,-4.5
4/28/97,-3.9
4/29/97,-4.4
4/30/97,-5
5/1/97,-4.6
5/2/97,-5
5/3/97,-5.5
5/4/97,-5.5
5/5/97,-5.7
5/6/97,-5.8
5/7/97,-6.3
5/8/97,-6.2
5/9/97,-6.5
5/10/97,-6.6
5/11/97,-6.6
5/12/97,-7
5/13/97,-6.5
5/14/97,-6.3
5/15/97,-6.3
5/16/97,-6.8
5/17/97,-7.2
5/18/97,-7.4
5/19/97,-7.2
5/20/97,-6.1
5/21/97,-6.2
5/22/97,-5.5
5/23/97,-2
5/24/97,-5.3
5/25/97,-5.6
5/26/97,-5.9
5/27/97,-5.9
5/28/97,-6.1
5/29/97,-6.7
5/30/97,-7
5/31/97,-6.3
6/1/97,-6.1
6/2/97,-6.4
6/3/97,-2.3
6/4/97,-4.8
6/5/97,-6.1
6/6/97,-6.8
6/7/97,-7
6/8/97,-6.4
6/9/97,-6.4
6/10/97,-6.7
6/11/97,-6.3
6/12/97,-5.5
6/13/97,-6
6/14/97,-6.2
6/15/97,-6.4
6/16/97,-7.4
6/17/97,-7.3
6/18/97,-7.3
6/19/97,-7.8
6/20/97,-7
6/21/97,-6.6
6/22/97,-6
6/23/97,-6.6
6/24/97,-7.3
6/25/97,-7.9
6/26/97,-7.1
6/27/97,-6.6
6/28/97,-5.7
6/29/97,-5.9
6/30/97,-5.2
7/1/97,-6.3
7/2/97,-6.7
7/3/97,-7.5
7/4/97,-7.5
7/5/97,-7.1
7/6/97,-7.4
7/7/97,-7.2
7/8/97,-7.9
7/9/97,-7.3
7/10/97,-6.3
7/11/97,-6.6
7/12/97,-6.9
7/13/97,-7.2
7/14/97,-7
7/15/97,-7.4
7/16/97,-6.4
7/17/97,-6.6
7/18/97,-6.8
7/19/97,-7.2
7/20/97,-6.9
7/21/97,-7.4
7/22/97,-6.8
7/23/97,-5.1
7/24/97,-7
7/25/97,-7.3
7/26/97,-7.1
7/27/97,-6.7
7/28/97,-6.9
7/29/97,-6.7
7/30/97,-6.3
7/31/97,-6.5
8/1/97,-6.7
8/2/97,-7.1
8/3/97,-7.1
8/4/97,-7.4
8/5/97,-7.9
8/6/97,-7.7
8/7/97,-7.8
8/8/97,-7.2
8/9/97,-5.9
8/10/97,-5.1
8/11/97,-5.7
8/12/97,-6.2
8/13/97,-6.6
8/14/97,-6.5
8/15/97,-5.9
8/16/97,-5.6
8/17/97,-5.2
8/18/97,-5.6
8/19/97,-4.6
8/20/97,-4.9
8/21/97,-6.1
8/22/97,-5.8
8/23/97,-5
8/24/97,-5.3
8/25/97,-5.5
8/26/97,-5.4
8/27/97,-5.3
8/28/97,-5.4
8/29/97,-5.5
8/30/97,-5.4
8/31/97,-5.3
9/1/97,-5.6
9/2/97,-5.3
9/3/97,-5.6
9/4/97,-6
9/5/97,-5.9
9/6/97,-5.5
9/7/97,-5.3
9/8/97,-5.6
9/9/97,-5.3
9/10/97,-4.5
9/11/97,-4.5
9/12/97,-5.1
9/13/97,-4.6
9/14/97,-4.6
9/15/97,-4
9/16/97,-4.3
9/17/97,-4.4
9/18/97,-4.1
9/19/97,-4.3
9/20/97,-4.7
9/21/97,-4.9
9/22/97,-4.8
9/23/97,-5.4
9/24/97,-5.3
9/25/97,-4.1
9/26/97,-4
9/27/97,-4.2
9/28/97,-4.7
9/29/97,-5
9/30/97,-4.6
10/1/97,-3.9
10/2/97,0.1
10/3/97,-2.6
10/4/97,-3.6
10/5/97,-3.6
10/6/97,-2.8
10/7/97,-2
10/8/97,-0.5
10/9/97,3.9
10/10/97,1.8
10/11/97,-1.4
10/12/97,-2.8
10/13/97,-3.2
10/14/97,-3.5
10/15/97,-3.7
10/16/97,-3.8
10/17/97,-3.6
10/18/97,-3.5
10/19/97,-2.8
10/20/97,-2.8
10/21/97,-2.9
10/22/97,-2.8
10/23/97,-2.5
10/24/97,-2.5
10/25/97,-2.6
10/26/97,-2.8
10/27/97,-2.7
10/28/97,-2.6
10/29/97,-2.6
10/30/97,-2.6
10/31/97,-2.7
11/1/97,-2.7
11/2/97,-2.8
11/3/97,-2.7
11/4/97,-2.7
11/5/97,-2.6
11/6/97,-1.9
11/7/97,-2
11/8/97,-1.9
11/9/97,-2
11/10/97,7.8
11/11/97,4.6
11/12/97,0.4
11/13/97,8.3
11/14/97,-1.2
11/15/97,5.8
11/16/97,-1.3
11/17/97,-0.7
11/18/97,-0.9
11/19/97,0.1
11/20/97,-1.6
11/21/97,-1.3
11/22/97,-1.5
11/23/97,-1.7
11/24/97,-0.2
11/25/97,6.7
11/26/97,42.1
11/27/97,0.9
11/28/97,-1.4
11/29/97,1.7
11/30/97,4
12/1/97,1
12/2/97,-1.1
12/3/97,-1.1
12/4/97,0.8
12/5/97,1.9
12/6/97,2.3
12/7/97,20.4
12/8/97,4.5
12/9/97,-1.1
12/10/97,-1.2
12/11/97,-1.1
12/12/97,-0.9
12/13/97,2.3
12/14/97,4
12/15/97,-0.8
12/16/97,-0.7
12/17/97,-0.7
12/18/97,-1.1
12/19/97,-1.1
12/20/97,-1.1
12/21/97,-1
12/22/97,-1.2
12/23/97,-1.1
12/24/97,-1.2
12/25/97,-1.1
12/26/97,-1.1
12/27/97,-1.1
12/28/97,-1.2
12/29/97,-1.3
12/30/97,-1.5
12/31/97,-1.2
1/1/98,-0.8
1/2/98,7.9
1/3/98,4.7
1/4/98,16.3
1/5/98,-1
1/6/98,-0.7
1/7/98,-0.9
1/8/98,-0.8
1/9/98,11
1/10/98,10
1/11/98,17.1
1/12/98,29.5
1/13/98,1.4
1/14/98,14.3
1/15/98,28.4
1/16/98,-1.1
1/17/98,-1.5
1/18/98,19.6
1/19/98,0.7
1/20/98,0.1
1/21/98,-0.3
1/22/98,-1.1
1/23/98,-1.2
1/24/98,-1.5
1/25/98,-1.3
1/26/98,-0.6
1/27/98,-1.5
1/28/98,2.6
1/29/98,11.1
1/30/98,0
1/31/98,0.2
2/1/98,7
2/2/98,27
2/3/98,50.4
2/4/98,2.5
2/5/98,2.1
2/6/98,25.2
2/7/98,26.6
2/8/98,7.5
2/9/98,-0.1
2/10/98,4.2
2/11/98,0.2
2/12/98,7.9
2/13/98,2
2/14/98,23.7
2/15/98,-1.7
2/16/98,3.4
2/17/98,-0.6
2/18/98,-0.5
2/19/98,19.6
2/20/98,-0.1
2/21/98,13.3
2/22/98,-0.9
2/23/98,8.7
2/24/98,-1.9
2/25/98,-1.9
2/26/98,-1.9
2/27/98,-2.1
2/28/98,-2.1
3/1/98,-2.3
3/2/98,-2
3/3/98,-2.2
3/4/98,-2.2
3/5/98,8.3
3/6/98,1.9
3/7/98,-1.2
3/8/98,-2.2
3/9/98,-2.7
3/10/98,-3
3/11/98,-3.1
3/12/98,-2.6
3/13/98,-1.7
3/14/98,-2.9
3/15/98,-1.9
3/16/98,-2.7
3/17/98,-3.2
3/18/98,-0.1
3/19/98,-3.4
3/20/98,-2.9
3/21/98,-0.7
3/22/98,-3
3/23/98,6.4
3/24/98,16
3/25/98,14.3
3/26/98,-2.6
3/27/98,-1.6
3/28/98,0.3
3/29/98,-1.6
3/30/98,-2.2
3/31/98,11.5
4/1/98,-0.9
4/2/98,2.7
4/3/98,8.8
4/4/98,-2.2
4/5/98,-2.8
4/6/98,-0.2
4/7/98,7.1
4/8/98,-0.6
4/9/98,-3.5
4/10/98,-2.8
4/11/98,0.4
4/12/98,1.3
4/13/98,5.8
4/14/98,6.3
4/15/98,-3.1
4/16/98,-3.9
4/17/98,-4
4/18/98,-4.1
4/19/98,-4.4
4/20/98,-4.8
4/21/98,-5.4
4/22/98,-5
4/23/98,-1.6
4/24/98,4
4/25/98,1.2
4/26/98,-4.7
4/27/98,-5.2
4/28/98,-5.3
4/29/98,-5.9
4/30/98,-5
5/1/98,-1.7
5/2/98,1.9
5/3/98,6
5/4/98,-1.8
5/5/98,4.3
5/6/98,1.9
5/7/98,-4
5/8/98,-3.8
5/9/98,-3.8
5/10/98,-4.3
5/11/98,1
5/12/98,5.3
5/13/98,1.5
5/14/98,-2.8
5/15/98,0.3
5/16/98,-3.7
5/17/98,-2.6
5/18/98,-5
5/19/98,-4.7
5/20/98,-4.4
5/21/98,-3.4
5/22/98,-5
5/23/98,-5
5/24/98,-4.7
5/25/98,-3.6
5/26/98,7.1
5/27/98,-4.2
5/28/98,14.6
5/29/98,2.6
5/30/98,-4.9
5/31/98,-5.3
6/1/98,-5.2
6/2/98,-4.3
6/3/98,-3.8
6/4/98,-4.9
6/5/98,-5.3
6/6/98,-1.6
6/7/98,-2.4
6/8/98,-4.7
6/9/98,-5.3
6/10/98,-4.3
6/11/98,-3.9
6/12/98,-4.8
6/13/98,-5.3
6/14/98,-6.6
6/15/98,-7
6/16/98,-6.2
6/17/98,-7
6/18/98,-7.2
6/19/98,-6.9
6/20/98,-6.1
6/21/98,-5.8
6/22/98,-6
6/23/98,-5.9
6/24/98,-5.9
6/25/98,-5.8
6/26/98,-6.2
6/27/98,-7
6/28/98,-6.7
6/29/98,-6.4
6/30/98,-6.4
7/1/98,-6.2
7/2/98,-5.8
7/3/98,-6.6
7/4/98,-6.8
7/5/98,-7.1
7/6/98,-7.2
7/7/98,-7.3
7/8/98,-7.2
7/9/98,-6.7
7/10/98,-6
7/11/98,-6.6
7/12/98,-7.4
7/13/98,-7.2
7/14/98,-7.1
7/15/98,-7.6
7/16/98,-8.2
7/17/98,-8
7/18/98,-8.2
7/19/98,-8.3
7/20/98,-7.5
7/21/98,-6.6
7/22/98,-5.9
7/23/98,-6.4
7/24/98,-6.4
7/25/98,-7.3
7/26/98,-7.4
7/27/98,-7.6
7/28/98,-6.9
7/29/98,-6
7/30/98,-5.3
7/31/98,-6.1
8/1/98,-6.9
8/2/98,-7.4
8/3/98,-7.7
8/4/98,-8.1
8/5/98,-7.7
8/6/98,-7.4
8/7/98,-6.8
8/8/98,-6.3
8/9/98,-6.5
8/10/98,-7
8/11/98,-7
8/12/98,-7.3
8/13/98,-6.8
8/14/98,-6.8
8/15/98,-6.6
8/16/98,-6.2
8/17/98,-5.3
8/18/98,-5.2
8/19/98,-5.3
8/20/98,-5.3
8/21/98,-5.9
8/22/98,-6.2
8/23/98,-6
8/24/98,-6.5
8/25/98,-5.6
8/26/98,-5.5
8/27/98,-6.2
8/28/98,-6.4
8/29/98,-6.6
8/30/98,-6.6
8/31/98,-6.7
9/1/98,-6.4
9/2/98,-6.4
9/3/98,-6.3
9/4/98,-5.5
9/5/98,-5
9/6/98,-5.4
9/7/98,-6
9/8/98,-5.4
9/9/98,-4.2
9/10/98,-4.6
9/11/98,-4.9
9/12/98,-5.1
9/13/98,-5.4
9/14/98,-5.4
9/15/98,-5
9/16/98,-5.1
9/17/98,-4.4
9/18/98,-4.1
9/19/98,-4.4
9/20/98,-4.5
9/21/98,-3.9
9/22/98,-3.7
9/23/98,-3.2
9/24/98,-3.7
9/25/98,-3.1
9/26/98,-2.5
9/27/98,-3.2
9/28/98,-3.2
9/29/98,-3.3
9/30/98,-3.4
10/1/98,-3.3
10/2/98,-1.2
10/3/98,-2
10/4/98,-3.3
10/5/98,-3.7
10/6/98,-4
10/7/98,-3.9
10/8/98,-3.3
10/9/98,-3
10/10/98,-3.1
10/11/98,-3.4
10/12/98,-3
10/13/98,-3.1
10/14/98,-2.9
10/15/98,-2.6
10/16/98,-2.9
10/17/98,-2
10/18/98,-3
10/19/98,-3.3
10/20/98,-3.3
10/21/98,-3.3
10/22/98,-3
10/23/98,-3.1
10/24/98,8.9
10/25/98,-2.1
10/26/98,-2.2
10/27/98,-2.3
10/28/98,-1.8
10/29/98,-2.1
10/30/98,3.7
10/31/98,0.2
11/1/98,-1.8
11/2/98,-2
11/3/98,1.1
11/4/98,-2
11/5/98,-1.9
11/6/98,-0.8
11/7/98,3.2
11/8/98,0.3
11/9/98,4.9
11/10/98,0.5
11/11/98,-0.9
11/12/98,6.1
11/13/98,-1.7
11/14/98,-1.7
11/15/98,-1.9
11/16/98,-1.2
11/17/98,-0.1
11/18/98,-1.6
11/19/98,1.9
11/20/98,-1.7
11/21/98,-1.6
11/22/98,-1.4
11/23/98,2
11/24/98,-1.4
11/25/98,-1.7
11/26/98,-1.2
11/27/98,7.1
11/28/98,1.1
11/29/98,1.4
11/30/98,15.6
12/1/98,1.2
12/2/98,-1.3
12/3/98,12
12/4/98,5.1
12/5/98,2
12/6/98,-1
12/7/98,0.2
12/8/98,-0.9
12/9/98,-1
12/10/98,-1.2
12/11/98,-1.2
12/12/98,-1.2
12/13/98,0
12/14/98,-0.8
12/15/98,-1.3
12/16/98,-1.5
12/17/98,-1.5
12/18/98,-1.4
12/19/98,-1
12/20/98,12.2
12/21/98,0.3
12/22/98,-0.8
12/23/98,-0.9
12/24/98,-0.9
12/25/98,-1
12/26/98,-1
12/27/98,-1.2
12/28/98,-1.2
12/29/98,-1.3
12/30/98,-1.2
12/31/98,-1.2
1/1/99,-1.3
1/2/99,-1.1
1/3/99,-0.9
1/4/99,-0.9
1/5/99,-0.8
1/6/99,-0.8
1/7/99,-0.6
1/8/99,-0.9
1/9/99,-0.7
1/10/99,-0.9
1/11/99,-1.1
1/12/99,-1
1/13/99,-1.1
1/14/99,-0.4
1/15/99,8.1
1/16/99,-1.2
1/17/99,-0.9
1/18/99,12.1
1/19/99,23.4
1/20/99,5.3
1/21/99,1.4
1/22/99,-0.4
1/23/99,15.5
1/24/99,1.4
1/25/99,-0.1
1/26/99,1.6
1/27/99,3.1
1/28/99,0.2
1/29/99,-1.5
1/30/99,1
1/31/99,4
2/1/99,0.5
2/2/99,-0.7
2/3/99,-1.7
2/4/99,-1.5
2/5/99,-1.7
2/6/99,4.8
2/7/99,19.5
2/8/99,17
2/9/99,26.6
2/10/99,5.6
2/11/99,-1.8
2/12/99,-1.8
2/13/99,-1.3
2/14/99,-1.6
2/15/99,-1.7
2/16/99,2.3
2/17/99,-1
2/18/99,0.6
2/19/99,-1.9
2/20/99,12.5
2/21/99,3.7
2/22/99,-1.1
2/23/99,-2.3
2/24/99,-1.7
2/25/99,-1.4
2/26/99,-2
2/27/99,-2.4
2/28/99,-2.6
3/1/99,-2.6
3/2/99,-2.5
3/3/99,5.5
3/4/99,-0.8
3/5/99,-2.2
3/6/99,-2.1
3/7/99,-2.4
3/8/99,1
3/9/99,6.4
3/10/99,-2.1
3/11/99,-2.5
3/12/99,-2.8
3/13/99,-2.9
3/14/99,-2.3
3/15/99,-2.4
3/16/99,-2.1
3/17/99,-2.8
3/18/99,-2.8
3/19/99,-1.1
3/20/99,-1.5
3/21/99,-2.6
3/22/99,-2.8
3/23/99,-2.3
3/24/99,-2
3/25/99,-3.1
3/26/99,-3.2
3/27/99,-3
3/28/99,-1.2
3/29/99,-3.2
3/30/99,-1
3/31/99,1.6
4/1/99,-2.9
4/2/99,-2.3
4/3/99,-2.3
4/4/99,-3
4/5/99,7.2
4/6/99,-0.1
4/7/99,-0.8
4/8/99,6
4/9/99,5.6
4/10/99,-2.1
4/11/99,-2.4
4/12/99,-3.7
4/13/99,-4.1
4/14/99,-4.8
4/15/99,-5.2
4/16/99,-5.4
4/17/99,-5.3
4/18/99,-5.2
4/19/99,-4.8
4/20/99,-4.4
4/21/99,-4.2
4/22/99,-4.6
4/23/99,-4.9
4/24/99,-5.1
4/25/99,-4
4/26/99,-4.4
4/27/99,-4
4/28/99,-3.7
4/29/99,-4.5
4/30/99,-5.3
5/1/99,-5.1
5/2/99,-1
5/3/99,-1.6
5/4/99,-4.1
5/5/99,-5.2
5/6/99,-5.6
5/7/99,-5.1
5/8/99,-4.7
5/9/99,-4.6
5/10/99,-5.2
5/11/99,-5.8
5/12/99,-5.5
5/13/99,-4.7
5/14/99,-4.4
5/15/99,-4.8
5/16/99,-5.5
5/17/99,-6.1
5/18/99,-5.3
5/19/99,-5.4
5/20/99,-4.6
5/21/99,-6.1
5/22/99,-7.1
5/23/99,-5.8
5/24/99,-5.9
5/25/99,-6.4
5/26/99,-6.7
5/27/99,-6.5
5/28/99,-6.1
5/29/99,-5
5/30/99,-5.8
5/31/99,-5.7
6/1/99,-5.1
6/2/99,-3.7
6/3/99,-3.1
6/4/99,-4.9
6/5/99,-6
6/6/99,-6.1
6/7/99,-5.6
6/8/99,-5.8
6/9/99,-6.1
6/10/99,-6.5
6/11/99,-6.6
6/12/99,-6.7
6/13/99,-6.9
6/14/99,-6.9
6/15/99,-6.1
6/16/99,-6.8
6/17/99,-7.4
6/18/99,-7.1
6/19/99,-7
6/20/99,-7.3
6/21/99,-6.5
6/22/99,-7.4
6/23/99,-7.6
6/24/99,-7.1
6/25/99,-6.6
6/26/99,-7.1
6/27/99,-7.5
6/28/99,-7.8
6/29/99,-8.3
6/30/99,-8.3
7/1/99,-8.3
7/2/99,-7
7/3/99,-6.2
7/4/99,-6.3
7/5/99,-7.2
7/6/99,-7.3
7/7/99,-7.1
7/8/99,-7.8
7/9/99,-7.4
7/10/99,-7.8
7/11/99,-8.3
7/12/99,-8.2
7/13/99,-7.7
7/14/99,-7.5
7/15/99,-6.7
7/16/99,-6.4
7/17/99,-6.4
7/18/99,-6.6
7/19/99,-5.9
7/20/99,-5.7
7/21/99,-6.2
7/22/99,-6.8
7/23/99,-6
7/24/99,-5.7
7/25/99,-6.6
7/26/99,-6.8
7/27/99,-6.3
7/28/99,-3.7
7/29/99,-6.5
7/30/99,-6.6
7/31/99,-6.2
8/1/99,-6.2
8/2/99,-6
8/3/99,-6.4
8/4/99,-6.5
8/5/99,-5.4
8/6/99,6.8
8/7/99,-5.2
8/8/99,-5.4
8/9/99,-5.5
8/10/99,-5.1
8/11/99,-5.1
8/12/99,-5.8
8/13/99,-5.6
8/14/99,-5.6
8/15/99,-6.1
8/16/99,-6.6
8/17/99,-6.6
8/18/99,-5.3
8/19/99,-6.1
8/20/99,-6.3
8/21/99,-6.3
8/22/99,-7.1
8/23/99,-6.8
8/24/99,-6.9
8/25/99,-7.1
8/26/99,-5.4
8/27/99,-6.5
8/28/99,-6.1
8/29/99,-6
8/30/99,-4.3
8/31/99,-4.8
9/1/99,-5
9/2/99,-4.8
9/3/99,-4.8
9/4/99,-5.3
9/5/99,-6
9/6/99,-6.1
9/7/99,-5.9
9/8/99,-5.7
9/9/99,-5.1
9/10/99,-5
9/11/99,-5
9/12/99,-5.4
9/13/99,-4.9
9/14/99,-4.8
9/15/99,-5.1
9/16/99,-5
9/17/99,-4.9
9/18/99,-4.6
9/19/99,-4
9/20/99,-4.4
9/21/99,-5.2
9/22/99,-4.6
9/23/99,-4.5
9/24/99,-4.6
9/25/99,-4.7
9/26/99,-4.5
9/27/99,-4.2
9/28/99,-4.6
9/29/99,-4.9
9/30/99,-5
10/1/99,-4.6
10/2/99,-4
10/3/99,-3.9
10/4/99,-3.4
10/5/99,-3
10/6/99,-2.8
10/7/99,-3.5
10/8/99,-4
10/9/99,-4.1
10/10/99,-4.4
10/11/99,-4.1
10/12/99,-3.9
10/13/99,-3.9
10/14/99,-3.9
10/15/99,-3.2
10/16/99,-3.2
10/17/99,-3.3
10/18/99,-3.2
10/19/99,-3.3
10/20/99,-3.4
10/21/99,-3.5
10/22/99,-3.3
10/23/99,-2.9
10/24/99,-2.9
10/25/99,-2.9
10/26/99,-2.9
10/27/99,-1.6
10/28/99,-1.9
10/29/99,-2.3
10/30/99,-2.8
10/31/99,-2.7
11/1/99,-2.8
11/2/99,-2.7
11/3/99,-2.3
11/4/99,-2.4
11/5/99,-2.4
11/6/99,-2.1
11/7/99,7.2
11/8/99,6.9
11/9/99,-1.8
11/10/99,-1.7
11/11/99,-2.1
11/12/99,-2.2
11/13/99,-2.2
11/14/99,-1.9
11/15/99,-1.9
11/16/99,2.1
11/17/99,-1.6
11/18/99,-1.7
11/19/99,3.7
11/20/99,-1.2
11/21/99,-1.3
11/22/99,-1.4
11/23/99,-1.5
11/24/99,-1.5
11/25/99,-1.5
11/26/99,-1.5
11/27/99,-1.4
11/28/99,-1.2
11/29/99,0
11/30/99,1.7
12/1/99,-1.1
12/2/99,-1.3
12/3/99,-1.2
12/4/99,-1.4
12/5/99,-1.4
12/6/99,-1.4
12/7/99,-1.2
12/8/99,-1.1
12/9/99,1.3
12/10/99,-1.1
12/11/99,-1.2
12/12/99,-1.2
12/13/99,-1.1
12/14/99,-1.2
12/15/99,-1.3
12/16/99,-1.3
12/17/99,-1.4
12/18/99,-1.2
12/19/99,-1.3
12/20/99,-1.5
12/21/99,-1.5
12/22/99,-1.5
12/23/99,-1.4
12/24/99,-1.5
12/25/99,-1.5
12/26/99,-1.4
12/27/99,-1.6
12/28/99,-1.6
12/29/99,-1.4
12/30/99,-1.5
12/31/99,-1.2
1/1/00,-1.1
1/2/00,-1.2
1/3/00,-0.4
1/4/00,-1.3
1/5/00,-1.3
1/6/00,-1.2
1/7/00,-1.4
1/8/00,-1.3
1/9/00,-1.3
1/10/00,-1.4
1/11/00,2.8
1/12/00,-1.1
1/13/00,-1.5
1/14/00,-0.9
1/15/00,0.2
1/16/00,0.8
1/17/00,6
1/18/00,5.8
1/19/00,0.3
1/20/00,3.5
1/21/00,1.4
1/22/00,-0.4
1/23/00,24.8
1/24/00,37.4
1/25/00,19.8
1/26/00,-0.4
1/27/00,-0.7
1/28/00,0.1
1/29/00,-1.6
1/30/00,5.8
1/31/00,-0.1
2/1/00,-1.7
2/2/00,1.3
2/3/00,3.7
2/4/00,-1.5
2/5/00,-1.5
2/6/00,3.8
2/7/00,1.6
2/8/00,-2.1
2/9/00,-0.9
2/10/00,4.2
2/11/00,20.5
2/12/00,9.7
2/13/00,30
2/14/00,7.7
2/15/00,2
2/16/00,6.1
2/17/00,-0.6
2/18/00,-0.6
2/19/00,-2.1
2/20/00,8.4
2/21/00,-2
2/22/00,13.7
2/23/00,13
2/24/00,0.5
2/25/00,-1.8
2/26/00,2.4
2/27/00,11.4
2/28/00,1.9
2/29/00,1.6
3/1/00,0.7
3/2/00,-0.5
3/3/00,-2.4
3/4/00,-0.8
3/5/00,17.4
3/6/00,-1.9
3/7/00,2.2
3/8/00,6.7
3/9/00,-1.7
3/10/00,0.2
3/11/00,-2.5
3/12/00,-2.8
3/13/00,-3.1
3/14/00,-3.3
3/15/00,-3.3
3/16/00,-3
3/17/00,-3.3
3/18/00,-3.7
3/19/00,-0.9
3/20/00,-2.9
3/21/00,-3.6
3/22/00,-3.8
3/23/00,-3.4
3/24/00,-3.5
3/25/00,-2.4
3/26/00,-3.6
3/27/00,-2.7
3/28/00,-3
3/29/00,-3.4
3/30/00,-4.1
3/31/00,-4.6
4/1/00,-4.6
4/2/00,-4.9
4/3/00,-5.1
4/4/00,-4.3
4/5/00,-4.2
4/6/00,-4.3
4/7/00,-4.8
4/8/00,-3.9
4/9/00,-4
4/10/00,-4.6
4/11/00,-5
4/12/00,-4.1
4/13/00,-2.7
4/14/00,-3.6
4/15/00,-3.4
4/16/00,0.2
4/17/00,22.1
4/18/00,-1.4
4/19/00,-3.8
4/20/00,-4.2
4/21/00,-4.6
4/22/00,-3.8
4/23/00,0.1
4/24/00,-4.5
4/25/00,-4.7
4/26/00,-5.3
4/27/00,-2.6
4/28/00,-3.7
4/29/00,-4.7
4/30/00,-5.6
5/1/00,-5.6
5/2/00,-5.4
5/3/00,-5.6
5/4/00,-5.3
5/5/00,-4.7
5/6/00,0
5/7/00,0.7
5/8/00,-4
5/9/00,3.7
5/10/00,-0.4
5/11/00,-4.4
5/12/00,-5
5/13/00,-5.2
5/14/00,-4.8
5/15/00,2.1
5/16/00,-2.9
5/17/00,-4.5
5/18/00,-5.8
5/19/00,-5.1
5/20/00,-6.9
5/21/00,6.7
5/22/00,-7.4
5/23/00,-6.4
5/24/00,-6.4
5/25/00,-5.4
5/26/00,-6
5/27/00,-6.6
5/28/00,-6.8
5/29/00,-6.2
5/30/00,-5.8
5/31/00,-6
6/1/00,-7
6/2/00,-6.9
6/3/00,-7.2
6/4/00,-7.3
6/5/00,-6.1
6/6/00,-6.5
6/7/00,-4.2
6/8/00,-3
6/9/00,-5
6/10/00,-5.5
6/11/00,-6.2
6/12/00,-6.6
6/13/00,-7.7
6/14/00,-8.6
6/15/00,-8.4
6/16/00,-8.1
6/17/00,-7
6/18/00,-5.9
6/19/00,-7.1
6/20/00,-7.6
6/21/00,-8
6/22/00,-7.6
6/23/00,-7.1
6/24/00,-7.2
6/25/00,-7.7
6/26/00,-7.9
6/27/00,-8
6/28/00,-7.9
6/29/00,-7.3
6/30/00,-7.2
7/1/00,-6.6
7/2/00,-6.3
7/3/00,-5.9
7/4/00,-6.4
7/5/00,-5.5
7/6/00,-6.1
7/7/00,-5.6
7/8/00,-6.2
7/9/00,-6.8
7/10/00,-6.9
7/11/00,-7.1
7/12/00,-6.5
7/13/00,-6.7
7/14/00,-7.3
7/15/00,-6.9
7/16/00,-6.2
7/17/00,-6
7/18/00,-7.2
7/19/00,-7.6
7/20/00,-7.5
7/21/00,-7.2
7/22/00,-7.1
7/23/00,-7.7
7/24/00,-7.8
7/25/00,-7.4
7/26/00,-6.7
7/27/00,-6.7
7/28/00,-7.4
7/29/00,-7.7
7/30/00,-7.5
7/31/00,-7.7
8/1/00,-7.6
8/2/00,-7.4
8/3/00,-7.1
8/4/00,-6.9
8/5/00,-7.1
8/6/00,-6.9
8/7/00,-6.2
8/8/00,-6.3
8/9/00,-6.3
8/10/00,-5.7
8/11/00,-6.8
8/12/00,-7
8/13/00,-6.7
8/14/00,-6.9
8/15/00,-6.8
8/16/00,-7.1
8/17/00,-6.7
8/18/00,-6
8/19/00,-5.8
8/20/00,-5.7
8/21/00,-6
8/22/00,-6.1
8/23/00,-5.5
8/24/00,-6.2
8/25/00,-6.3
8/26/00,-6.1
8/27/00,-5.8
8/28/00,-5.4
8/29/00,-2.6
8/30/00,-3.8
8/31/00,-3.9
9/1/00,1.1
9/2/00,-3.6
9/3/00,-4
9/4/00,-4.3
9/5/00,-4.5
9/6/00,-4.8
9/7/00,-5.7
9/8/00,-5.7
9/9/00,-5.2
9/10/00,-5.2
9/11/00,-5.7
9/12/00,-5.1
9/13/00,-5.5
9/14/00,-4.5
9/15/00,-4.5
9/16/00,-4.8
9/17/00,-5.2
9/18/00,-5.7
9/19/00,-5.6
9/20/00,-5.7
9/21/00,-3.6
9/22/00,-3.3
9/23/00,-3.8
9/24/00,-4.4
9/25/00,-4.7
9/26/00,-4.6
9/27/00,-3.8
9/28/00,-3.4
9/29/00,-3.9
9/30/00,-4.4
10/1/00,-4.3
10/2/00,-4.2
10/3/00,-3.9
10/4/00,-3.6
10/5/00,-3.9
10/6/00,-3.8
10/7/00,-3.2
10/8/00,-3.5
10/9/00,12.9
10/10/00,17.7
10/11/00,10.7
10/12/00,2.7
10/13/00,-2.7
10/14/00,-2.8
10/15/00,-2.8
10/16/00,-3.1
10/17/00,-3.2
10/18/00,-3.1
10/19/00,-3
10/20/00,-2.7
10/21/00,-2.4
10/22/00,-2.8
10/23/00,-2.8
10/24/00,-2.9
10/25/00,0.7
10/26/00,6.3
10/27/00,-0.7
10/28/00,24.2
10/29/00,20.2
10/30/00,1.4
10/31/00,14.4
11/1/00,-1.9
11/2/00,-2
11/3/00,-2.2
11/4/00,-2.1
11/5/00,-1.8
11/6/00,-1.9
11/7/00,-1.9
11/8/00,-1.9
11/9/00,-1.5
11/10/00,-1.3
11/11/00,-0.3
11/12/00,-1.5
11/13/00,-0.3
11/14/00,-1.3
11/15/00,-1.2
11/16/00,-1.4
11/17/00,-1.5
11/18/00,-1.6
11/19/00,-1.7
11/20/00,-0.3
11/21/00,3.5
11/22/00,-0.2
11/23/00,-1.2
11/24/00,-1.1
11/25/00,-1
11/26/00,-0.7
11/27/00,-0.6
11/28/00,-0.8
11/29/00,3.5
11/30/00,-1.3
12/1/00,-1.2
12/2/00,-1.3
12/3/00,-1.1
12/4/00,0.1
12/5/00,-0.8
12/6/00,-1.3
12/7/00,-1.2
12/8/00,-1.5
12/9/00,-1.2
12/10/00,-1.1
12/11/00,3.6
12/12/00,-0.8
12/13/00,-0.7
12/14/00,3.9
12/15/00,0.4
12/16/00,-1.3
12/17/00,-1.3
12/18/00,16.8
12/19/00,-1.3
12/20/00,-1.3
12/21/00,-1.4
12/22/00,-1.3
12/23/00,-1.1
12/24/00,-1.2
12/25/00,-1.1
12/26/00,-1.4
12/27/00,-1.3
12/28/00,-1.4
12/29/00,-1.3
12/30/00,-1.4
12/31/00,-1.3
1/1/01,-1.3
1/2/01,-1.3
1/3/01,-1.5
1/4/01,-1.5
1/5/01,-1.5
1/6/01,-1.5
1/7/01,1.7
1/8/01,8.7
1/9/01,-0.7
1/10/01,9.5
1/11/01,0.6
1/12/01,-1.1
1/13/01,0.6
1/14/01,-1.1
1/15/01,-1.2
1/16/01,-1.2
1/17/01,3.7
1/18/01,-1.3
1/19/01,-1.3
1/20/01,-1.4
1/21/01,-1.4
1/22/01,-1.7
1/23/01,2.9
1/24/01,3
1/25/01,10.4
1/26/01,-1.2
1/27/01,-1.3
1/28/01,-1
1/29/01,-0.8
1/30/01,6.8
1/31/01,-1.6
2/1/01,-1.6
2/2/01,-1.7
2/3/01,-1.9
2/4/01,-2.1
2/5/01,-2.1
2/6/01,-0.7
2/7/01,-1.6
2/8/01,-1.6
2/9/01,4.9
2/10/01,3.2
2/11/01,4
2/12/01,0.6
2/13/01,-1.7
2/14/01,-1.8
2/15/01,0.8
2/16/01,-2.1
2/17/01,-1.4
2/18/01,-0.6
2/19/01,6
2/20/01,-0.6
2/21/01,-1.1
2/22/01,3.6
2/23/01,0.8
2/24/01,3.4
2/25/01,-2
2/26/01,-1.9
2/27/01,-2.5
2/28/01,-2
3/1/01,19.8
3/2/01,2.9
3/3/01,-1.1
3/4/01,6.1
3/5/01,0.7
3/6/01,-2.4
3/7/01,-2.6
3/8/01,-2.5
3/9/01,-2.1
3/10/01,-2.5
3/11/01,-2.6
3/12/01,-3.1
3/13/01,0.5
3/14/01,-3.2
3/15/01,-2.7
3/16/01,-2.8
3/17/01,-3.4
3/18/01,-3.6
3/19/01,-3.9
3/20/01,-3.9
3/21/01,1.9
3/22/01,-3.2
3/23/01,-3.3
3/24/01,-2.6
3/25/01,-2.6
3/26/01,-3.5
3/27/01,-3.8
3/28/01,-3.9
3/29/01,-4.1
3/30/01,-4.2
3/31/01,-4.4
4/1/01,-3.9
4/2/01,2
4/3/01,0.8
4/4/01,-1.2
4/5/01,-3.6
4/6/01,3.1
4/7/01,0.2
4/8/01,9.9
4/9/01,-3.3
4/10/01,-3.6
4/11/01,-2.7
4/12/01,-3.6
4/13/01,-3.3
4/14/01,-3.7
4/15/01,-4.1
4/16/01,-4.2
4/17/01,-4.3
4/18/01,-3.9
4/19/01,-2.7
4/20/01,30.2
4/21/01,6.8
4/22/01,-4.2
4/23/01,-4.6
4/24/01,-5.4
4/25/01,-5.6
4/26/01,-5.2
4/27/01,-4.9
4/28/01,-4.1
4/29/01,-4.9
4/30/01,-5.7
5/1/01,-5.1
5/2/01,-5
5/3/01,-5.5
5/4/01,-6
5/5/01,-6
5/6/01,-6.5
5/7/01,-7
5/8/01,-7.4
5/9/01,-7.2
5/10/01,-7.2
5/11/01,-7.2
5/12/01,-5.2
5/13/01,-5.2
5/14/01,-5.9
5/15/01,-5.6
5/16/01,-5.9
5/17/01,-6.6
5/18/01,-6.7
5/19/01,-7.4
5/20/01,-7.5
5/21/01,-7.7
5/22/01,-7.5
5/23/01,-7.6
5/24/01,-7.5
5/25/01,-7.3
5/26/01,-6.6
5/27/01,-5.7
5/28/01,-5.6
5/29/01,-6.9
5/30/01,-7.7
5/31/01,-8.8
6/1/01,-7.4
6/2/01,-6
6/3/01,-5.9
6/4/01,-6.5
6/5/01,-6.4
6/6/01,-7.2
6/7/01,-7.7
6/8/01,-7.6
6/9/01,-7
6/10/01,-6.5
6/11/01,-6.1
6/12/01,-6
6/13/01,-6.5
6/14/01,-7.9
6/15/01,-8.1
6/16/01,-8.3
6/17/01,-7.9
6/18/01,-8
6/19/01,-8.4
6/20/01,-8.6
6/21/01,-8.6
6/22/01,-8.8
6/23/01,-7.7
6/24/01,-6.5
6/25/01,-4.8
6/26/01,-5.7
6/27/01,-4.8
6/28/01,-6.3
6/29/01,-7.4
6/30/01,-8
7/1/01,-8.2
7/2/01,-8.7
7/3/01,-8.8
7/4/01,-7.5
7/5/01,-8.4
7/6/01,-7.1
7/7/01,-7
7/8/01,-7.4
7/9/01,-7.1
7/10/01,-6.7
7/11/01,-6.2
7/12/01,-6.6
7/13/01,-7.5
7/14/01,-6.9
7/15/01,-6.6
7/16/01,-5.5
7/17/01,-6.2
7/18/01,-6.8
7/19/01,-6.5
7/20/01,-6.2
7/21/01,-6.1
7/22/01,-7.1
7/23/01,-7.3
7/24/01,-7.3
7/25/01,-7
7/26/01,-7.5
7/27/01,-7.8
7/28/01,-7.4
7/29/01,-7
7/30/01,-5.5
7/31/01,-6.7
8/1/01,-6.8
8/2/01,-7
8/3/01,-6
8/4/01,-5.9
8/5/01,-6.5
8/6/01,-7.1
8/7/01,-7.5
8/8/01,-7.4
8/9/01,-6.5
8/10/01,-6.2
8/11/01,-6.8
8/12/01,-6.1
8/13/01,-6.1
8/14/01,-6.8
8/15/01,-6.8
8/16/01,-7.1
8/17/01,-7
8/18/01,-6.9
8/19/01,-6.7
8/20/01,-5.6
8/21/01,-5.3
8/22/01,-4.9
8/23/01,-5.2
8/24/01,-5.6
8/25/01,-6.5
8/26/01,-6.7
8/27/01,-6.7
8/28/01,-6.7
8/29/01,-5.9
8/30/01,-5
8/31/01,-5.7
9/1/01,-5.9
9/2/01,-6.1
9/3/01,-6
9/4/01,-6
9/5/01,-5.5
9/6/01,-5.4
9/7/01,-5.6
9/8/01,-5.3
9/9/01,-4.6
9/10/01,-4.7
9/11/01,-4.4
9/12/01,-4.6
9/13/01,-4.9
9/14/01,-5.3
9/15/01,-5.2
9/16/01,-4.6
9/17/01,-4.8
9/18/01,-4.8
9/19/01,-4.9
9/20/01,-4.9
9/21/01,-4.9
9/22/01,-4.9
9/23/01,-4.5
9/24/01,-1.9
9/25/01,-3.2
9/26/01,-4.1
9/27/01,-3.9
9/28/01,-3.7
9/29/01,-4.3
9/30/01,-5.1
10/1/01,-5.1
10/2/01,-5
10/3/01,-5
10/4/01,-3.7
10/5/01,-3
10/6/01,-3.1
10/7/01,-3.4
10/8/01,-3.2
10/9/01,-3.3
10/10/01,-3.7
10/11/01,-3.4
10/12/01,-3.6
10/13/01,-3.7
10/14/01,-3.9
10/15/01,-4
10/16/01,-3.4
10/17/01,-3.1
10/18/01,-3.5
10/19/01,-3.4
10/20/01,-3.4
10/21/01,-2.7
10/22/01,-2.9
10/23/01,-2.7
10/24/01,-2.7
10/25/01,-3
10/26/01,-3.1
10/27/01,-2.3
10/28/01,-2.3
10/29/01,-1.6
10/30/01,10.5
10/31/01,-2.2
11/1/01,-2.2
11/2/01,-2.2
11/3/01,-2.4
11/4/01,-2.6
11/5/01,-2.3
11/6/01,-2.1
11/7/01,-2.1
11/8/01,-2.3
11/9/01,-2.4
11/10/01,-0.8
11/11/01,-0.3
11/12/01,24
11/13/01,-1.2
11/14/01,-1.5
11/15/01,-1.6
11/16/01,-1.7
11/17/01,-1.6
11/18/01,-1.5
11/19/01,-1.6
11/20/01,-1.1
11/21/01,-1
11/22/01,-0.4
11/23/01,1.8
11/24/01,8.5
11/25/01,-1.2
11/26/01,-1.3
11/27/01,-1.2
11/28/01,2.6
11/29/01,1.3
11/30/01,0.8
12/1/01,5.7
12/2/01,13.8
12/3/01,1.6
12/4/01,-1.2
12/5/01,2
12/6/01,-1.3
12/7/01,-1.2
12/8/01,-1.3
12/9/01,-0.6
12/10/01,-1.1
12/11/01,-1
12/12/01,-1.1
12/13/01,4.8
12/14/01,2.8
12/15/01,-1.1
12/16/01,-0.3
12/17/01,3
12/18/01,-1.1
12/19/01,1
12/20/01,13.6
12/21/01,-0.2
12/22/01,9
12/23/01,-0.3
12/24/01,-1.1
12/25/01,-0.9
12/26/01,1.2
12/27/01,0.2
12/28/01,23.9
12/29/01,8.8
12/30/01,9
12/31/01,-0.6
1/1/02,4.5
1/2/02,22.7
1/3/02,-0.8
1/4/02,-1.1
1/5/02,0.2
1/6/02,-1.1
1/7/02,-1
1/8/02,-1.2
1/9/02,-1.3
1/10/02,-0.9
1/11/02,-1
1/12/02,-0.8
1/13/02,-1
1/14/02,-0.9
1/15/02,-1.1
1/16/02,-1.2
1/17/02,-1.1
1/18/02,-1.3
1/19/02,-1.2
1/20/02,-1.3
1/21/02,0
1/22/02,-1.2
1/23/02,-1.2
1/24/02,-1.5
1/25/02,-0.5
1/26/02,8.3
1/27/02,-0.5
1/28/02,-0.4
1/29/02,-1.2
1/30/02,-1.3
1/31/02,-1.4
2/1/02,-1.4
2/2/02,-1.6
2/3/02,-1.7
2/4/02,-1.8
2/5/02,-1.7
2/6/02,-1.8
2/7/02,5.5
2/8/02,-1.1
2/9/02,-1.8
2/10/02,-2.2
2/11/02,-2.2
2/12/02,-2.2
2/13/02,-1.5
2/14/02,-2.1
2/15/02,-1.7
2/16/02,12.6
2/17/02,7.7
2/18/02,0.4
2/19/02,1
2/20/02,-1.5
2/21/02,-2.3
2/22/02,-2.6
2/23/02,-1.9
2/24/02,-2.4
2/25/02,-2.6
2/26/02,-2.8
2/27/02,-2.8
2/28/02,-2.7
3/1/02,-2.5
3/2/02,-2.6
3/3/02,-2.8
3/4/02,-2.9
3/5/02,-0.8
3/6/02,23.4
3/7/02,2.9
3/8/02,-2.1
3/9/02,0.9
3/10/02,2
3/11/02,-2.4
3/12/02,-2.6
3/13/02,-2.3
3/14/02,-2.4
3/15/02,-2.3
3/16/02,-1.9
3/17/02,0.5
3/18/02,-2.5
3/19/02,-3
3/20/02,-3.5
3/21/02,-3.6
3/22/02,9.3
3/23/02,5.2
3/24/02,-2.3
3/25/02,-2.9
3/26/02,-3.3
3/27/02,-3.8
3/28/02,-4
3/29/02,-4.1
3/30/02,-4.2
3/31/02,-4.5
4/1/02,-4.4
4/2/02,-2.4
4/3/02,-3.3
4/4/02,-2.7
4/5/02,-3
4/6/02,-3.6
4/7/02,-3.9
4/8/02,-4.1
4/9/02,-2.9
4/10/02,-3.8
4/11/02,-4.2
4/12/02,-4.6
4/13/02,-5
4/14/02,-5.3
4/15/02,-3.1
4/16/02,-0.1
4/17/02,-1.6
4/18/02,-3.5
4/19/02,-4.2
4/20/02,-4.5
4/21/02,-4.7
4/22/02,-5.3
4/23/02,-5.7
4/24/02,-4.5
4/25/02,-4.4
4/26/02,-2.7
4/27/02,-3.1
4/28/02,-3.5
4/29/02,-2.5
4/30/02,-3.4
5/1/02,-3.9
5/2/02,-4.7
5/3/02,-4.8
5/4/02,-5.6
5/5/02,-5.8
5/6/02,-5.4
5/7/02,-4.7
5/8/02,-5.4
5/9/02,-5.4
5/10/02,-4.5
5/11/02,-5.7
5/12/02,-6.3
5/13/02,-5.8
5/14/02,-6.1
5/15/02,-6.1
5/16/02,-6.3
5/17/02,-6.3
5/18/02,-5.5
5/19/02,-3.6
5/20/02,5.2
5/21/02,-2.6
5/22/02,-4.9
5/23/02,-5.6
5/24/02,-6.5
5/25/02,-6.6
5/26/02,-6
5/27/02,-5.7
5/28/02,-6
5/29/02,-6.9
5/30/02,-7.6
5/31/02,-7.6
6/1/02,-6.5
6/2/02,-5.9
6/3/02,-6.7
6/4/02,-7.4
6/5/02,-8.1
6/6/02,-7.9
6/7/02,-7.1
6/8/02,-5.7
6/9/02,-5.7
6/10/02,-6.7
6/11/02,-7.7
6/12/02,-7
6/13/02,-6.6
6/14/02,-6.6
6/15/02,-7.3
6/16/02,-7.1
6/17/02,-7
6/18/02,-6.5
6/19/02,-7.4
6/20/02,-7.2
6/21/02,-5.9
6/22/02,-6.4
6/23/02,-6.8
6/24/02,-7.5
6/25/02,-8.1
6/26/02,-7.5
6/27/02,-7.1
6/28/02,-6.5
6/29/02,-7.3
6/30/02,-7.8
7/1/02,-8.3
7/2/02,-7.8
7/3/02,-7.2
7/4/02,-7.1
7/5/02,-7.3
7/6/02,-7.5
7/7/02,-6.9
7/8/02,-7.7
7/9/02,-8.9
7/10/02,-9.3
7/11/02,-8.6
7/12/02,-8.2
7/13/02,-7.9
7/14/02,-7.9
7/15/02,-7.2
7/16/02,-6.9
7/17/02,-6.9
7/18/02,-7.1
7/19/02,-7.6
7/20/02,-7.9
7/21/02,-6.6
7/22/02,-6.5
7/23/02,-6.7
7/24/02,-7.1
7/25/02,-7.2
7/26/02,-7.6
7/27/02,-7.3
7/28/02,-6.3
7/29/02,-6.4
7/30/02,-7.2
7/31/02,-6.9
8/1/02,-6.9
8/2/02,-6.3
8/3/02,-6
8/4/02,-5.9
8/5/02,-6
8/6/02,-5.9
8/7/02,-6.5
8/8/02,-7.2
8/9/02,-7.5
8/10/02,-7.4
8/11/02,-7.2
8/12/02,-7.5
8/13/02,-7.1
8/14/02,-6.9
8/15/02,-6.9
8/16/02,-6.6
8/17/02,-6.4
8/18/02,-6.4
8/19/02,-5.4
8/20/02,-5.8
8/21/02,-5.8
8/22/02,-5.5
8/23/02,-5.2
8/24/02,-5.6
8/25/02,-5.8
8/26/02,-6.2
8/27/02,-6.2
8/28/02,-6.5
8/29/02,-5.5
8/30/02,-5.8
8/31/02,-6.4
9/1/02,-6.6
9/2/02,-6.7
9/3/02,-6.3
9/4/02,-5.5
9/5/02,-4.2
9/6/02,-4.2
9/7/02,-4.4
9/8/02,-4.9
9/9/02,-5.6
9/10/02,-5.8
9/11/02,-5.8
9/12/02,-5.5
9/13/02,-5.4
9/14/02,-5.7
9/15/02,-4.4
9/16/02,-4.4
9/17/02,-4.7
9/18/02,-4.9
9/19/02,-5.5
9/20/02,-5.6
9/21/02,-5.4
9/22/02,-5.6
9/23/02,-5.6
9/24/02,-5.3
9/25/02,-5.2
9/26/02,-4.6
9/27/02,-3.1
9/28/02,-2.9
9/29/02,-3.4
9/30/02,-3.2
10/1/02,-3.1
10/2/02,-3.4
10/3/02,-3.7
10/4/02,-3.8
10/5/02,-3.9
10/6/02,-4.2
10/7/02,-4.3
10/8/02,-4.3
10/9/02,-4.1
10/10/02,-3
10/11/02,-3.1
10/12/02,-3.5
10/13/02,-3.7
10/14/02,-3.6
10/15/02,-3.1
10/16/02,-2.6
10/17/02,-2.7
10/18/02,-2.5
10/19/02,-2.8
10/20/02,-2.9
10/21/02,-2.9
10/22/02,-2.6
10/23/02,-2.2
10/24/02,-2.1
10/25/02,-2.2
10/26/02,-2.5
10/27/02,-2.5
10/28/02,-2.6
10/29/02,-2.6
10/30/02,-2.3
10/31/02,-2.3
11/1/02,-2.1
11/2/02,-2.2
11/3/02,-2.3
11/4/02,-2.3
11/5/02,-2.4
11/6/02,-2.1
11/7/02,9.7
11/8/02,8.2
11/9/02,-0.5
11/10/02,-0.1
11/11/02,12.6
11/12/02,-1.8
11/13/02,-1.7
11/14/02,-0.8
11/15/02,7.9
11/16/02,-1.8
11/17/02,-1.6
11/18/02,-1.7
11/19/02,-1.7
11/20/02,-1.8
11/21/02,-1.9
11/22/02,-1.6
11/23/02,-1.4
11/24/02,-1
11/25/02,-1.5
11/26/02,-1.5
11/27/02,-1.6
11/28/02,-1.6
11/29/02,-1.6
11/30/02,-1.2
12/1/02,-1.5
12/2/02,-1.5
12/3/02,-1.5
12/4/02,-1.5
12/5/02,-1.4
12/6/02,-1.3
12/7/02,-1.4
12/8/02,-1.4
12/9/02,-0.6
12/10/02,-1.3
12/11/02,-1.1
12/12/02,0
12/13/02,8
12/14/02,6.9
12/15/02,1.6
12/16/02,22.8
12/17/02,4.3
12/18/02,3.7
12/19/02,9
12/20/02,5
12/21/02,3.5
12/22/02,8.7
12/23/02,7.8
12/24/02,-1
12/25/02,9
12/26/02,-1
12/27/02,-1.1
12/28/02,6.3
12/29/02,1.4
12/30/02,3.1
12/31/02,2.5
1/1/03,4.8
1/2/03,-1.1
1/3/03,-1.1
1/4/03,-1.2
1/5/03,-1.3
1/6/03,-1.2
1/7/03,-1.2
1/8/03,-0.8
1/9/03,1.3
1/10/03,1.1
1/11/03,-0.8
1/12/03,-1.2
1/13/03,-1.4
1/14/03,-1.2
1/15/03,-1.1
1/16/03,-1.4
1/17/03,-1.2
1/18/03,-1
1/19/03,-0.9
1/20/03,-1
1/21/03,-0.3
1/22/03,-1.2
1/23/03,-1.5
1/24/03,-1.2
1/25/03,-1.1
1/26/03,-1.2
1/27/03,-1.5
1/28/03,-1.5
1/29/03,-1.5
1/30/03,-1.2
1/31/03,-1.2
2/1/03,-1.7
2/2/03,-1.8
2/3/03,-1.8
2/4/03,-1.8
2/5/03,-1.7
2/6/03,-1.7
2/7/03,-1.8
2/8/03,-1.8
2/9/03,-1.9
2/10/03,-2
2/11/03,-1.8
2/12/03,6.5
2/13/03,-0.3
2/14/03,-1.6
2/15/03,10.8
2/16/03,-1.8
2/17/03,-1.8
2/18/03,-2.1
2/19/03,2.9
2/20/03,-1.9
2/21/03,-2.2
2/22/03,-1.2
2/23/03,-1.2
2/24/03,-1.3
2/25/03,-2
2/26/03,-0.6
2/27/03,-1.3
2/28/03,-2.2
3/1/03,-2.3
3/2/03,-2.5
3/3/03,-2
3/4/03,-2.2
3/5/03,-2.6
3/6/03,-2.9
3/7/03,-2.8
3/8/03,-2.9
3/9/03,-2.9
3/10/03,-3
3/11/03,-3.1
3/12/03,-3.2
3/13/03,-2.7
3/14/03,13.3
3/15/03,1.3
3/16/03,1
3/17/03,-2.6
3/18/03,-2.9
3/19/03,-0.2
3/20/03,-2.6
3/21/03,-3.4
3/22/03,1
3/23/03,0.3
3/24/03,-3.2
3/25/03,-3.6
3/26/03,-3.2
3/27/03,-3.2
3/28/03,-3.7
3/29/03,-4.1
3/30/03,-4.4
3/31/03,-4.1
4/1/03,8.6
4/2/03,7
4/3/03,4.1
4/4/03,-1.4
4/5/03,-2.9
4/6/03,-3.2
4/7/03,-3.8
4/8/03,-4.5
4/9/03,-4.3
4/10/03,-3.7
4/11/03,-1.8
4/12/03,14.8
4/13/03,4.1
4/14/03,-3.2
4/15/03,-3.4
4/16/03,-3
4/17/03,-3.3
4/18/03,-3.6
4/19/03,-4.2
4/20/03,-3.6
4/21/03,5.4
4/22/03,-3.2
4/23/03,-3.4
4/24/03,4.7
4/25/03,-0.2
4/26/03,-3.6
4/27/03,7.1
4/28/03,0.3
4/29/03,-3.5
4/30/03,-4.1
5/1/03,-3.7
5/2/03,1.7
5/3/03,-0.5
5/4/03,-3.6
5/5/03,-4.2
5/6/03,-4.2
5/7/03,-3.8
5/8/03,-0.8
5/9/03,-4
5/10/03,-4.6
5/11/03,-5.2
5/12/03,-5.7
5/13/03,-5.9
5/14/03,-5.2
5/15/03,-5.1
5/16/03,-5.4
5/17/03,-5.2
5/18/03,-5.1
5/19/03,-6.1
5/20/03,-6.7
5/21/03,-7
5/22/03,-7.1
5/23/03,-7.4
5/24/03,-5.6
5/25/03,-5.3
5/26/03,-5.7
5/27/03,-7.3
5/28/03,-7.7
5/29/03,-7.3
5/30/03,-5.3
5/31/03,-6.9
6/1/03,-7.5
6/2/03,-7.7
6/3/03,-7.8
6/4/03,-6.5
6/5/03,-6.6
6/6/03,-6.2
6/7/03,-6.3
6/8/03,-6.7
6/9/03,-6.6
6/10/03,-5.8
6/11/03,-5.6
6/12/03,-5.5
6/13/03,-6.2
6/14/03,-6.5
6/15/03,-7.2
6/16/03,-7.6
6/17/03,-7.5
6/18/03,-6.6
6/19/03,-6.2
6/20/03,-6.3
6/21/03,-6
6/22/03,-6.5
6/23/03,-6.3
6/24/03,-6.8
6/25/03,-7.9
6/26/03,-8.5
6/27/03,-8.6
6/28/03,-8.7
6/29/03,-7.6
6/30/03,-7.2
7/1/03,-7.2
7/2/03,-7.3
7/3/03,-7.4
7/4/03,-7.8
7/5/03,-7.8
7/6/03,-7
7/7/03,-6.7
7/8/03,-7.4
7/9/03,-8
7/10/03,-8
7/11/03,-7.8
7/12/03,-7.8
7/13/03,-7.1
7/14/03,-8.1
7/15/03,-7.8
7/16/03,-7.8
7/17/03,-8.4
7/18/03,-8.1
7/19/03,-7.6
7/20/03,-7.8
7/21/03,-7.7
7/22/03,-7.9
7/23/03,-6.6
7/24/03,-7.5
7/25/03,-7
7/26/03,-7.5
7/27/03,-7.7
7/28/03,-7.8
7/29/03,-7.9
7/30/03,-6.2
7/31/03,-5.1
8/1/03,-5
8/2/03,-3
8/3/03,-6.2
8/4/03,-5.7
8/5/03,-5.5
8/6/03,-5.5
8/7/03,-5.8
8/8/03,-6.2
8/9/03,-6.5
8/10/03,-6.4
8/11/03,-6.4
8/12/03,-6.7
8/13/03,-6.6
8/14/03,-6.1
8/15/03,-6.5
8/16/03,-6.8
8/17/03,-7
8/18/03,-6.8
8/19/03,-6.3
8/20/03,-6.6
8/21/03,-3.9
8/22/03,-4.3
8/23/03,-5.7
8/24/03,-6.3
8/25/03,-6.2
8/26/03,-6.6
8/27/03,-6
8/28/03,-5.8
8/29/03,-5.9
8/30/03,-6.1
8/31/03,-6.2
9/1/03,-6.5
9/2/03,-6.5
9/3/03,-5.7
9/4/03,-5.3
9/5/03,-5.4
9/6/03,-4.8
9/7/03,-4.7
9/8/03,-4.6
9/9/03,-3.7
9/10/03,-4.6
9/11/03,-5.7
9/12/03,-5.7
9/13/03,-5.5
9/14/03,-5.8
9/15/03,-5.1
9/16/03,-4.6
9/17/03,-4.7
9/18/03,-5.1
9/19/03,-5.4
9/20/03,-5.5
9/21/03,-5.7
9/22/03,-5.7
9/23/03,-5.1
9/24/03,-4.3
9/25/03,-4.2
9/26/03,-4.3
9/27/03,-4.4
9/28/03,-4.3
9/29/03,-3.9
9/30/03,-4.3
10/1/03,-3.8
10/2/03,-3.8
10/3/03,-3.9
10/4/03,-3.6
10/5/03,-3.7
10/6/03,-4.2
10/7/03,-4.1
10/8/03,-3.8
10/9/03,-3.2
10/10/03,-3.2
10/11/03,-3.7
10/12/03,-3.6
10/13/03,-3.5
10/14/03,-3.6
10/15/03,-3.5
10/16/03,-3.4
10/17/03,-3.5
10/18/03,-3.7
10/19/03,-3.4
10/20/03,-3.6
10/21/03,-3.8
10/22/03,-3.2
10/23/03,-3.2
10/24/03,-3.3
10/25/03,-3.4
10/26/03,-3.4
10/27/03,-3.3
10/28/03,-3.4
10/29/03,-3.1
10/30/03,-2
10/31/03,-1.4
11/1/03,-1.8
11/2/03,-1
11/3/03,-0.8
11/4/03,-1.7
11/5/03,-1.8
11/6/03,0.1
11/7/03,-0.6
11/8/03,7.4
11/9/03,4.6
11/10/03,-0.7
11/11/03,-1.8
11/12/03,-1.7
11/13/03,-1.8
11/14/03,-1.6
11/15/03,-0.7
11/16/03,-0.2
11/17/03,-1.5
11/18/03,-0.6
11/19/03,-1.7
11/20/03,-1.7
11/21/03,-1.3
11/22/03,-1.3
11/23/03,-1.5
11/24/03,-0.4
11/25/03,-1.4
11/26/03,-1.5
11/27/03,-1.5
11/28/03,-1.3
11/29/03,-1.2
11/30/03,-0.5
12/1/03,-1.4
12/2/03,-1.4
12/3/03,-1.2
12/4/03,-0.2
12/5/03,1.5
12/6/03,6.8
12/7/03,3
12/8/03,-1.2
12/9/03,1.9
12/10/03,10.9
12/11/03,2.7
12/12/03,2.5
12/13/03,4.4
12/14/03,8.9
12/15/03,-1.1
12/16/03,-1.2
12/17/03,-1.2
12/18/03,-0.1
12/19/03,3.1
12/20/03,1.9
12/21/03,1.5
12/22/03,-1
12/23/03,1.9
12/24/03,13.6
12/25/03,12
12/26/03,2.3
12/27/03,-1
12/28/03,-0.5
12/29/03,7.4
12/30/03,0.9
12/31/03,0.5
1/1/04,24.4
1/2/04,3.2
1/3/04,-0.6
1/4/04,-0.7
1/5/04,-1.1
1/6/04,0.6
1/7/04,-0.6
1/8/04,-0.6
1/9/04,-1.4
1/10/04,-1.3
1/11/04,-1.2
1/12/04,-1.1
1/13/04,-1
1/14/04,-0.8
1/15/04,-0.8
1/16/04,-0.7
1/17/04,-0.7
1/18/04,-1
1/19/04,-0.7
1/20/04,-1.1
1/21/04,-1.4
1/22/04,-1.4
1/23/04,0.1
1/24/04,1.1
1/25/04,-1.4
1/26/04,-1.2
1/27/04,4.6
1/28/04,-1.3
1/29/04,-1.4
1/30/04,-0.8
1/31/04,-1.4
2/1/04,-1.2
2/2/04,10.7
2/3/04,1.9
2/4/04,-0.6
2/5/04,-1.7
2/6/04,-0.1
2/7/04,-0.9
2/8/04,-1.6
2/9/04,-1.9
2/10/04,-1.9
2/11/04,-2
2/12/04,-2.2
2/13/04,-1.9
2/14/04,-2.1
2/15/04,-1.9
2/16/04,8.4
2/17/04,8.4
2/18/04,10.4
2/19/04,-1.8
2/20/04,-1.5
2/21/04,-0.4
2/22/04,0.6
2/23/04,-0.8
2/24/04,1.1
2/25/04,20.5
2/26/04,12.3
2/27/04,-0.2
2/28/04,-2.2
2/29/04,-2.1
3/1/04,9.8
3/2/04,-1.2
3/3/04,-2.2
3/4/04,-2.2
3/5/04,-2.6
3/6/04,-2.6
3/7/04,-3.1
3/8/04,-3.1
3/9/04,-3.6
3/10/04,-3.6
3/11/04,-3.5
3/12/04,-3.6
3/13/04,-3.7
3/14/04,-3.8
3/15/04,-3.7
3/16/04,-3.9
3/17/04,-4.1
3/18/04,-4.3
3/19/04,-4.1
3/20/04,-4.3
3/21/04,-4
3/22/04,-3.8
3/23/04,-3.3
3/24/04,-3.5
3/25/04,2.4
3/26/04,-1.7
3/27/04,-2.5
3/28/04,-3.1
3/29/04,-4.7
3/30/04,-2.7
3/31/04,-3.4
4/1/04,-3.6
4/2/04,-3.8
4/3/04,-4.4
4/4/04,-4.1
4/5/04,-3.5
4/6/04,-3.7
4/7/04,-4.4
4/8/04,-4.6
4/9/04,-5
4/10/04,-4.9
4/11/04,-5.1
4/12/04,-4.7
4/13/04,-3.7
4/14/04,-3.7
4/15/04,-3
4/16/04,-3.4
4/17/04,-3.4
4/18/04,-3.1
4/19/04,-3.2
4/20/04,-3.8
4/21/04,-4.3
4/22/04,-4.9
4/23/04,-5.4
4/24/04,-5.6
4/25/04,-5.8
4/26/04,-6.5
4/27/04,-6.6
4/28/04,-5.3
4/29/04,-5.3
4/30/04,-5.8
5/1/04,-6.2
5/2/04,-6.6
5/3/04,-6.9
5/4/04,-6.5
5/5/04,-5.5
5/6/04,-5.8
5/7/04,-5
5/8/04,-5.2
5/9/04,-5.4
5/10/04,-4.5
5/11/04,-4.8
5/12/04,-5.6
5/13/04,-6.1
5/14/04,-6.1
5/15/04,-5.6
5/16/04,-5.8
5/17/04,-4.9
5/18/04,-5.1
5/19/04,-5.6
5/20/04,-5.2
5/21/04,-5
5/22/04,-4.9
5/23/04,-5.1
5/24/04,-5.3
5/25/04,-5.6
5/26/04,-6.1
5/27/04,-5.3
5/28/04,-3.4
5/29/04,-5.7
5/30/04,-6.8
5/31/04,-7.1
6/1/04,-7.4
6/2/04,-7.4
6/3/04,-7.1
6/4/04,-7
6/5/04,-6.8
6/6/04,-7
6/7/04,-5.6
6/8/04,-4.9
6/9/04,-5.7
6/10/04,-6
6/11/04,-6.5
6/12/04,-6.8
6/13/04,-6.7
6/14/04,-7.2
6/15/04,-7.4
6/16/04,-7.9
6/17/04,-6.2
6/18/04,-6.4
6/19/04,-6.5
6/20/04,-6.9
6/21/04,-7
6/22/04,-6.8
6/23/04,-6.8
6/24/04,-6.5
6/25/04,-6.7
6/26/04,-6.9
6/27/04,-7.4
6/28/04,-7.1
6/29/04,-5.9
6/30/04,-6.1
7/1/04,-6.5
7/2/04,-6.8
7/3/04,-7.1
7/4/04,-7.2
7/5/04,-7.5
7/6/04,-7.4
7/7/04,-6.5
7/8/04,-6.3
7/9/04,-5.9
7/10/04,-6.6
7/11/04,-7.4
7/12/04,-7.4
7/13/04,-6.8
7/14/04,-7
7/15/04,-7.2
7/16/04,-7.1
7/17/04,-6.8
7/18/04,-6.9
7/19/04,-6.6
7/20/04,-6.8
7/21/04,-7.4
7/22/04,-7.2
7/23/04,-6.8
7/24/04,-6.9
7/25/04,-7.6
7/26/04,-7.5
7/27/04,-7.1
7/28/04,-6.7
7/29/04,-6.6
7/30/04,-6.6
7/31/04,-6.2
8/1/04,-5.9
8/2/04,-5.4
8/3/04,-6.3
8/4/04,-6.3
8/5/04,-6
8/6/04,-6
8/7/04,-6.7
8/8/04,-7.1
8/9/04,-6.7
8/10/04,-7.1
8/11/04,-7.4
8/12/04,-6.9
8/13/04,-6.3
8/14/04,-5.7
8/15/04,-5.6
8/16/04,-6.1
8/17/04,-6.5
8/18/04,-6.8
8/19/04,-6.3
8/20/04,-6.1
8/21/04,-5.6
8/22/04,-4.6
8/23/04,-4.8
8/24/04,-5.3
8/25/04,-5.2
8/26/04,-5
8/27/04,-5.9
8/28/04,-6.4
8/29/04,-6.4
8/30/04,-6.2
8/31/04,-6
9/1/04,-5.7
9/2/04,-5.2
9/3/04,-4.8
9/4/04,-5.2
9/5/04,-6
9/6/04,-6
9/7/04,-6.2
9/8/04,-6.2
9/9/04,-6.1
9/10/04,-5.8
9/11/04,-5.6
9/12/04,-4.8
9/13/04,-4.5
9/14/04,-4.5
9/15/04,-5
9/16/04,-5
9/17/04,-4.8
9/18/04,-2.8
9/19/04,-0.8
9/20/04,-3.3
9/21/04,-3.9
9/22/04,-4.4
9/23/04,-4.5
9/24/04,-3.8
9/25/04,-4.7
9/26/04,-4.7
9/27/04,-4.3
9/28/04,-3.4
9/29/04,-3.4
9/30/04,-3.3
10/1/04,-3.3
10/2/04,-3.9
10/3/04,-4
10/4/04,-3.5
10/5/04,-3.7
10/6/04,-4
10/7/04,-3.7
10/8/04,-3.8
10/9/04,-2.7
10/10/04,-3.5
10/11/04,-3.6
10/12/04,-3.9
10/13/04,-3.9
10/14/04,-3.7
10/15/04,-3.4
10/16/04,-2.6
10/17/04,5.4
10/18/04,1.4
10/19/04,18
10/20/04,2.9
10/21/04,-2.1
10/22/04,-1.2
10/23/04,0
10/24/04,0.4
10/25/04,3.4
10/26/04,16.3
10/27/04,-0.6
10/28/04,-1.2
10/29/04,-1.3
10/30/04,-2.1
10/31/04,-2
11/1/04,-2
11/2/04,-2.3
11/3/04,9.9
11/4/04,0.6
11/5/04,-1.9
11/6/04,-1.9
11/7/04,-1.8
11/8/04,-1.2
11/9/04,-1
11/10/04,1.6
11/11/04,9.2
11/12/04,-0.5
11/13/04,-1.6
11/14/04,-1.6
11/15/04,-1.5
11/16/04,-1.5
11/17/04,-1.2
11/18/04,-0.7
11/19/04,-1.1
11/20/04,-1.4
11/21/04,-1.5
11/22/04,-1.5
11/23/04,-1.5
11/24/04,-1.6
11/25/04,-1.3
11/26/04,-1
11/27/04,3.9
11/28/04,-0.2
11/29/04,-1.2
11/30/04,-1.2
12/1/04,-1.2
12/2/04,-1.3
12/3/04,-1.3
12/4/04,-1.2
12/5/04,-1.3
12/6/04,1.5
12/7/04,8.9
12/8/04,13.5
12/9/04,-0.5
12/10/04,-0.3
12/11/04,-1.1
12/12/04,-1.1
12/13/04,-1.2
12/14/04,-0.9
12/15/04,-1.2
12/16/04,-1.3
12/17/04,-1.2
12/18/04,-0.9
12/19/04,-0.7
12/20/04,-0.6
12/21/04,-1
12/22/04,-1.1
12/23/04,-1.2
12/24/04,-0.8
12/25/04,-0.9
12/26/04,-1.2
12/27/04,6.3
12/28/04,7.5
12/29/04,5.8
12/30/04,25.9
12/31/04,11.4
1/1/05,2.5
1/2/05,5.1
1/3/05,8.1
1/4/05,-0.2
1/5/05,-0.6
1/6/05,1.5
1/7/05,10.2
1/8/05,11.9
1/9/05,12.7
1/10/05,11
1/11/05,6.8
1/12/05,-0.1
1/13/05,-0.8
1/14/05,-0.6
1/15/05,-0.5
1/16/05,-0.8
1/17/05,-0.6
1/18/05,-0.7
1/19/05,-0.7
1/20/05,-0.2
1/21/05,-0.8
1/22/05,-0.8
1/23/05,-0.9
1/24/05,-0.2
1/25/05,0.3
1/26/05,13
1/27/05,2.8
1/28/05,11.2
1/29/05,-0.6
1/30/05,-1.2
1/31/05,-1.7
2/1/05,-1.5
2/2/05,-1.8
2/3/05,-1.9
2/4/05,-1.9
2/5/05,-1.8
2/6/05,-1.8
2/7/05,0.5
2/8/05,-1.7
2/9/05,-1.9
2/10/05,-2
2/11/05,-0.2
2/12/05,-1.5
2/13/05,-1.7
2/14/05,0.5
2/15/05,16.8
2/16/05,5.5
2/17/05,-0.8
2/18/05,5.1
2/19/05,3.5
2/20/05,3.9
2/21/05,-0.8
2/22/05,-2.2
2/23/05,-2.2
2/24/05,-1.9
2/25/05,-1.9
2/26/05,-2.2
2/27/05,8.9
2/28/05,1.7
3/1/05,3.8
3/2/05,0.2
3/3/05,-1.7
3/4/05,1.3
3/5/05,-1.8
3/6/05,-2.3
3/7/05,-3
3/8/05,-2.4
3/9/05,-3.2
3/10/05,-3.3
3/11/05,-2.7
3/12/05,-3.3
3/13/05,-2.6
3/14/05,-3.3
3/15/05,-3.2
3/16/05,-3.1
3/17/05,-2.9
3/18/05,-1.7
3/19/05,2.5
3/20/05,4.5
3/21/05,4.7
3/22/05,31.3
3/23/05,12.4
3/24/05,-1.6
3/25/05,-2.5
3/26/05,-3.1
3/27/05,5.4
3/28/05,4.1
3/29/05,2
3/30/05,-2.1
3/31/05,-3.7
4/1/05,-2.9
4/2/05,-3.4
4/3/05,-2.2
4/4/05,-2.9
4/5/05,-2.7
4/6/05,-3
4/7/05,0
4/8/05,4
4/9/05,2.1
4/10/05,-2.6
4/11/05,-3.8
4/12/05,-3.5
4/13/05,-3.2
4/14/05,-3.6
4/15/05,-4.3
4/16/05,-2.7
4/17/05,-4
4/18/05,-3.8
4/19/05,-4
4/20/05,-4.4
4/21/05,-4.6
4/22/05,-4.6
4/23/05,-3
4/24/05,-3.4
4/25/05,-4.1
4/26/05,-4.5
4/27/05,-1.3
4/28/05,-1.2
4/29/05,-3.1
4/30/05,-4.3
5/1/05,-3
5/2/05,-4.9
5/3/05,-5
5/4/05,-2.1
5/5/05,3
5/6/05,-0.9
5/7/05,-4
5/8/05,1.3
5/9/05,2
5/10/05,-1.4
5/11/05,-3.7
5/12/05,-5.4
5/13/05,-5
5/14/05,-5.8
5/15/05,-3.2
5/16/05,-4
5/17/05,-3.9
5/18/05,-4.5
5/19/05,-2.6
5/20/05,-4.8
5/21/05,-5.7
5/22/05,-5.9
5/23/05,-6.1
5/24/05,-5.9
5/25/05,-7
5/26/05,-6.6
5/27/05,-6.6
5/28/05,-4.7
5/29/05,-5
5/30/05,-6
5/31/05,-6.5
6/1/05,-6
6/2/05,-5.9
6/3/05,-6.4
6/4/05,-6.5
6/5/05,-5.1
6/6/05,-4.8
6/7/05,-5.2
6/8/05,-0.5
6/9/05,-4
6/10/05,-6.1
6/11/05,-6.2
6/12/05,-5.5
6/13/05,-7.1
6/14/05,-7.3
6/15/05,-7
6/16/05,-1.4
6/17/05,-4
6/18/05,-5.1
6/19/05,-5.7
6/20/05,-6.2
6/21/05,-5.9
6/22/05,-6.6
6/23/05,-6.7
6/24/05,-6.1
6/25/05,-6
6/26/05,-6.3
6/27/05,-5.8
6/28/05,-6.2
6/29/05,-7.2
6/30/05,-7.3
7/1/05,-7.9
7/2/05,-7.4
7/3/05,-7.4
7/4/05,-7.6
7/5/05,-7
7/6/05,-7.1
7/7/05,-6.9
7/8/05,-6.1
7/9/05,-6
7/10/05,-6.5
7/11/05,-7.1
7/12/05,-7.7
7/13/05,-7.7
7/14/05,-7.9
7/15/05,-7.9
7/16/05,-8.3
7/17/05,-8.1
7/18/05,-7.7
7/19/05,-7.5
7/20/05,-7.8
7/21/05,-6.9
7/22/05,-7
7/23/05,-8.1
7/24/05,-8.1
7/25/05,-7.5
7/26/05,-7.8
7/27/05,-7.4
7/28/05,-7
7/29/05,-7
7/30/05,-7.3
7/31/05,-7.3
8/1/05,-7.5
8/2/05,-7
8/3/05,-6.9
8/4/05,-7
8/5/05,-7.3
8/6/05,-7.4
8/7/05,-7.3
8/8/05,-6.7
8/9/05,-6.8
8/10/05,-6.8
8/11/05,-6.8
8/12/05,-7
8/13/05,-5.8
8/14/05,-5.8
8/15/05,-4.4
8/16/05,-6
8/17/05,-6.4
8/18/05,-5.6
8/19/05,-5.5
8/20/05,-6.1
8/21/05,-6.1
8/22/05,-6.4
8/23/05,-6.6
8/24/05,-6.1
8/25/05,-6.1
8/26/05,-6.4
8/27/05,-6.3
8/28/05,-6.4
8/29/05,-5.4
8/30/05,-5.6
8/31/05,-6.1
9/1/05,-5.9
9/2/05,-5.9
9/3/05,-5.5
9/4/05,-5.1
9/5/05,-5.3
9/6/05,-5.4
9/7/05,-5
9/8/05,-4.5
9/9/05,-4.2
9/10/05,-3.9
9/11/05,-4.1
9/12/05,-4.3
9/13/05,-4.1
9/14/05,-4.2
9/15/05,-4.5
9/16/05,-4.2
9/17/05,-3.9
9/18/05,-4.4
9/19/05,-5
9/20/05,-1.4
9/21/05,-4.1
9/22/05,-4.8
9/23/05,-4.1
9/24/05,-3.8
9/25/05,-4.1
9/26/05,-4.1
9/27/05,-3.9
9/28/05,-4.4
9/29/05,-4.6
9/30/05,-4.7
10/1/05,-3.8
10/2/05,-3.2
10/3/05,-2.9
10/4/05,-3.2
10/5/05,-3.6
10/6/05,-3.9
10/7/05,-4
10/8/05,-3
10/9/05,-3.3
10/10/05,-3.6
10/11/05,-3.7
10/12/05,-3.5
10/13/05,-3.9
10/14/05,-4
10/15/05,-2.2
10/16/05,-2.9
10/17/05,-3.3
10/18/05,-2.9
10/19/05,-1.9
10/20/05,-2.6
10/21/05,-3
10/22/05,-3
10/23/05,-3
10/24/05,-2.8
10/25/05,-2.3
10/26/05,-2.3
10/27/05,-1.7
10/28/05,-2.2
10/29/05,-2.1
10/30/05,-2.3
10/31/05,-2.5
11/1/05,-2.6
11/2/05,-1.8
11/3/05,-2
11/4/05,-2.1
11/5/05,-2.1
11/6/05,-1.9
11/7/05,-1.6
11/8/05,-1.4
11/9/05,-2
11/10/05,-1.9
11/11/05,-1.8
11/12/05,-1.8
11/13/05,-2
11/14/05,-2.1
11/15/05,-2
11/16/05,-2.2
11/17/05,-2.2
11/18/05,-2.2
11/19/05,-2.1
11/20/05,-2.1
11/21/05,-2
11/22/05,-2.1
11/23/05,-2
11/24/05,-1.6
11/25/05,2.3
11/26/05,-1.3
11/27/05,-1.3
11/28/05,1.7
11/29/05,0.6
11/30/05,-0.5
12/1/05,21.9
12/2/05,3.2
12/3/05,-1.2
12/4/05,-1.2
12/5/05,-1.3
12/6/05,-1.3
12/7/05,-0.4
12/8/05,-1.2
12/9/05,-1.4
12/10/05,-1.4
12/11/05,-1.3
12/12/05,-1.2
12/13/05,-1.3
12/14/05,-1
12/15/05,-0.8
12/16/05,-0.6
12/17/05,13.4
12/18/05,21.2
12/19/05,2.7
12/20/05,-1.3
12/21/05,10.6
12/22/05,11.7
12/23/05,-0.6
12/24/05,-0.1
12/25/05,18.3
12/26/05,6.4
12/27/05,-0.7
12/28/05,7.9
12/29/05,0.4
12/30/05,9.3
12/31/05,20.3
1/1/06,10.1
1/2/06,38.5
1/3/06,1
1/4/06,-1.1
1/5/06,-1.4
1/6/06,1
1/7/06,0.8
1/8/06,-1.2
1/9/06,-1.4
1/10/06,-1.3
1/11/06,-0.7
1/12/06,-0.8
1/13/06,-0.3
1/14/06,9.1
1/15/06,-1.2
1/16/06,-1.2
1/17/06,3.5
1/18/06,2.7
1/19/06,-1.2
1/20/06,-1.3
1/21/06,-1.1
1/22/06,-1.4
1/23/06,-1.4
1/24/06,-1.7
1/25/06,-1.2
1/26/06,0.2
1/27/06,-0.6
1/28/06,-0.5
1/29/06,-0.1
1/30/06,5.3
1/31/06,-0.7
2/1/06,-1.3
2/2/06,-1.7
2/3/06,-1
2/4/06,-1
2/5/06,-1.8
2/6/06,-2.1
2/7/06,-1.9
2/8/06,-2.4
2/9/06,-2.4
2/10/06,-2.5
2/11/06,-2.4
2/12/06,-2.3
2/13/06,-2.4
2/14/06,-2.4
2/15/06,-1.7
2/16/06,-1.8
2/17/06,0
2/18/06,-0.1
2/19/06,-1.3
2/20/06,-1.8
2/21/06,-2
2/22/06,-2.2
2/23/06,-2.5
2/24/06,-2.3
2/25/06,-2.8
2/26/06,2
2/27/06,14.5
2/28/06,4.7
3/1/06,-1
3/2/06,5.8
3/3/06,5.6
3/4/06,-0.8
3/5/06,4.8
3/6/06,5.8
3/7/06,2.3
3/8/06,0.2
3/9/06,-1.5
3/10/06,1.9
3/11/06,2.2
3/12/06,0.6
3/13/06,0.8
3/14/06,13.5
3/15/06,-1.1
3/16/06,-0.5
3/17/06,2
3/18/06,-1.8
3/19/06,-2.6
3/20/06,6.8
3/21/06,-1.4
3/22/06,-2.4
3/23/06,-3
3/24/06,0.7
3/25/06,17.8
3/26/06,-2.4
3/27/06,1.9
3/28/06,10.2
3/29/06,-0.5
3/30/06,1.9
3/31/06,13.8
4/1/06,-0.7
4/2/06,4.2
4/3/06,32.3
4/4/06,29.2
4/5/06,6.6
4/6/06,-2.1
4/7/06,-1.8
4/8/06,-2.6
4/9/06,0.3
4/10/06,4.5
4/11/06,-1.3
4/12/06,-1.3
4/13/06,-2.6
4/14/06,1.7
4/15/06,-1.1
4/16/06,4.5
4/17/06,-2.1
4/18/06,-3.1
4/19/06,-3.9
4/20/06,-4.6
4/21/06,-3.9
4/22/06,-2.9
4/23/06,-2.7
4/24/06,-3.2
4/25/06,-3.2
4/26/06,-4.3
4/27/06,-4.5
4/28/06,-5.2
4/29/06,-4.5
4/30/06,-5.5
5/1/06,-5.9
5/2/06,-5.8
5/3/06,-4.8
5/4/06,-4.6
5/5/06,-4.7
5/6/06,-4.5
5/7/06,-5.6
5/8/06,-5.5
5/9/06,-5.8
5/10/06,-6.3
5/11/06,-6.2
5/12/06,-6.1
5/13/06,-6.1
5/14/06,-6.9
5/15/06,-7
5/16/06,-6.7
5/17/06,-7
5/18/06,-7.1
5/19/06,-5.3
5/20/06,-5.3
5/21/06,9.3
5/22/06,3.8
5/23/06,-4.4
5/24/06,-5
5/25/06,-5
5/26/06,-4.6
5/27/06,-4.3
5/28/06,-5.3
5/29/06,-5.6
5/30/06,-5.6
5/31/06,-6
6/1/06,-6.3
6/2/06,-6.1
6/3/06,-6.7
6/4/06,-6.5
6/5/06,-6.6
6/6/06,-6.8
6/7/06,-6.8
6/8/06,-6.1
6/9/06,-6.5
6/10/06,-6.3
6/11/06,-6
6/12/06,-4.7
6/13/06,-4.8
6/14/06,-5.6
6/15/06,-6
6/16/06,-7.4
6/17/06,-7.5
6/18/06,-7.3
6/19/06,-6.6
6/20/06,-7.3
6/21/06,-7
6/22/06,-8.1
6/23/06,-8.2
6/24/06,-8
6/25/06,-8
6/26/06,-7.4
6/27/06,-7.1
6/28/06,-7.2
6/29/06,-7.5
6/30/06,-6.8
7/1/06,-7.6
7/2/06,-7.1
7/3/06,-7.2
7/4/06,-6.7
7/5/06,-6.7
7/6/06,-6.6
7/7/06,-7.5
7/8/06,-7.9
7/9/06,-8.2
7/10/06,-7.4
7/11/06,-6.9
7/12/06,-6.1
7/13/06,-7.3
7/14/06,-7.4
7/15/06,-7.7
7/16/06,-8
7/17/06,-8.3
7/18/06,-7.9
7/19/06,-7.4
7/20/06,-8.1
7/21/06,-7.8
7/22/06,-8.2
7/23/06,-8.2
7/24/06,-8.3
7/25/06,-8.3
7/26/06,-8
7/27/06,-7.8
7/28/06,-6.7
7/29/06,-6.1
7/30/06,-6.2
7/31/06,-6.3
8/1/06,-6.3
8/2/06,-6.6
8/3/06,-6.7
8/4/06,-5.8
8/5/06,-5.5
8/6/06,-6
8/7/06,-4.9
8/8/06,-6
8/9/06,-6.6
8/10/06,-7.2
8/11/06,-6.3
8/12/06,-6.2
8/13/06,-6.3
8/14/06,-5.6
8/15/06,-5.9
8/16/06,-5.9
8/17/06,-6.1
8/18/06,-6.2
8/19/06,-6.1
8/20/06,-5.8
8/21/06,-5.8
8/22/06,-6.3
8/23/06,-6
8/24/06,-6.2
8/25/06,-5.4
8/26/06,-5.5
8/27/06,-5.8
8/28/06,-6
8/29/06,-5.5
8/30/06,-5.7
8/31/06,-6
9/1/06,-6.2
9/2/06,-5.6
9/3/06,-5.2
9/4/06,-5.5
9/5/06,-6
9/6/06,-5.9
9/7/06,-5.9
9/8/06,-4.7
9/9/06,-4.2
9/10/06,-4.8
9/11/06,-5.3
9/12/06,-5.5
9/13/06,-5.7
9/14/06,-4.1
9/15/06,-3.6
9/16/06,-4
9/17/06,-4.6
9/18/06,-5.1
9/19/06,-4.3
9/20/06,-4
9/21/06,-4.3
9/22/06,-4.2
9/23/06,-4.5
9/24/06,-4.6
9/25/06,-4.6
9/26/06,-4.6
9/27/06,-4.3
9/28/06,-4
9/29/06,-4.2
9/30/06,-2.9
10/1/06,-2
10/2/06,-1
10/3/06,-2.9
10/4/06,-0.3
10/5/06,-1.1
10/6/06,-2
10/7/06,-3.1
10/8/06,-2.7
10/9/06,-3.6
10/10/06,-2.9
10/11/06,-3.4
10/12/06,-3.5
10/13/06,-3
10/14/06,-2.6
10/15/06,-2.4
10/16/06,-2.3
10/17/06,-2.7
10/18/06,-2.9
10/19/06,-3.1
10/20/06,-3.2
10/21/06,-3.3
10/22/06,-3.3
10/23/06,-3.2
10/24/06,-3.1
10/25/06,-2.5
10/26/06,-2.8
10/27/06,-2.9
10/28/06,-2.9
10/29/06,-2.7
10/30/06,-2.3
10/31/06,-2.1
11/1/06,-1.2
11/2/06,-0.8
11/3/06,-0.1
11/4/06,-1.8
11/5/06,-2
11/6/06,-2.3
11/7/06,-2.5
11/8/06,-1
11/9/06,-1.9
11/10/06,-2
11/11/06,1
11/12/06,0.4
11/13/06,10.1
11/14/06,-1.6
11/15/06,-1.8
11/16/06,-1.9
11/17/06,-1.7
11/18/06,-1.3
11/19/06,-1.2
11/20/06,-1
11/21/06,-1.5
11/22/06,-1.1
11/23/06,-1.5
11/24/06,-1.5
11/25/06,-1.6
11/26/06,1.8
11/27/06,-0.3
11/28/06,-1.2
11/29/06,-1.2
11/30/06,-1.4
12/1/06,-1.4
12/2/06,-1.5
12/3/06,-1.6
12/4/06,-1.6
12/5/06,-1.6
12/6/06,-1.6
12/7/06,-1.7
12/8/06,4.7
12/9/06,13.3
12/10/06,4.6
12/11/06,1.2
12/12/06,10.1
12/13/06,-1.2
12/14/06,-0.7
12/15/06,-0.2
12/16/06,-0.9
12/17/06,-1.1
12/18/06,-1.1
12/19/06,-1.1
12/20/06,-1.1
12/21/06,7.2
12/22/06,-1.1
12/23/06,-1.1
12/24/06,-0.9
12/25/06,-1.2
12/26/06,10.7
12/27/06,9.5
12/28/06,-1.2
12/29/06,-1.1
12/30/06,-1.2
12/31/06,-1.1
1/1/07,-1.2
1/2/07,-1.2
1/3/07,0.6
1/4/07,9.5
1/5/07,-1.2
1/6/07,-1.2
1/7/07,-1.4
1/8/07,-1.4
1/9/07,-1.5
1/10/07,-1.5
1/11/07,-1.1
1/12/07,-1.1
1/13/07,-1.1
1/14/07,-1.1
1/15/07,-1.2
1/16/07,-1.3
1/17/07,-1.3
1/18/07,-1.4
1/19/07,-1.5
1/20/07,-1.5
1/21/07,-1.6
1/22/07,-1.6
1/23/07,-1.7
1/24/07,-1.9
1/25/07,-1.8
1/26/07,-1.7
1/27/07,-0.2
1/28/07,-0.5
1/29/07,-1.7
1/30/07,-1.7
1/31/07,-1.5
2/1/07,-1.3
2/2/07,-1.6
2/3/07,-1.9
2/4/07,-2.1
2/5/07,-2
2/6/07,-2.1
2/7/07,-0.1
2/8/07,5
2/9/07,10.5
2/10/07,26.9
2/11/07,1.9
2/12/07,-0.4
2/13/07,-1.6
2/14/07,-2
2/15/07,-2.3
2/16/07,-2.5
2/17/07,-2.6
2/18/07,-2
2/19/07,-2.2
2/20/07,-2.1
2/21/07,-1.5
2/22/07,15
2/23/07,-1.6
2/24/07,4.2
2/25/07,8
2/26/07,13.9
2/27/07,3.9
2/28/07,-1
3/1/07,-2
3/2/07,-2.3
3/3/07,-2.7
3/4/07,-2.9
3/5/07,-2.9
3/6/07,-3.2
3/7/07,-2.7
3/8/07,-2.5
3/9/07,-2.5
3/10/07,-3.1
3/11/07,-3.5
3/12/07,-3.8
3/13/07,-4
3/14/07,-3.4
3/15/07,-3.8
3/16/07,-4.2
3/17/07,-4.1
3/18/07,-3.7
3/19/07,-3.5
3/20/07,2.7
3/21/07,-3.1
3/22/07,-3.4
3/23/07,-3.9
3/24/07,-4
3/25/07,-3.2
3/26/07,5.9
3/27/07,-2.2
3/28/07,-3.3
3/29/07,-3.7
3/30/07,-4.1
3/31/07,-4.2
4/1/07,-4
4/2/07,-4
4/3/07,-4.4
4/4/07,-4.1
4/5/07,-4.2
4/6/07,-4.4
4/7/07,-3.7
4/8/07,-3.8
4/9/07,-3.5
4/10/07,-3.5
4/11/07,5.2
4/12/07,-3.3
4/13/07,-4.3
4/14/07,4.2
4/15/07,-3.8
4/16/07,-4.5
4/17/07,-3.6
4/18/07,-3.3
4/19/07,-3
4/20/07,-3.5
4/21/07,7.9
4/22/07,1.6
4/23/07,-4.2
4/24/07,-4.6
4/25/07,-4.3
4/26/07,-5.3
4/27/07,-5.7
4/28/07,-5.9
4/29/07,-5.9
4/30/07,-5.6
5/1/07,-5
5/2/07,-3.8
5/3/07,-1.5
5/4/07,-3.1
5/5/07,-4.7
5/6/07,-6
5/7/07,-6.4
5/8/07,-6.7
5/9/07,-6.4
5/10/07,-5.7
5/11/07,-5.8
5/12/07,-4.9
5/13/07,-5.8
5/14/07,-6.3
5/15/07,-5.5
5/16/07,-5.7
5/17/07,-5.5
5/18/07,-5.6
5/19/07,-5.8
5/20/07,-5.6
5/21/07,-5.7
5/22/07,-5.7
5/23/07,-6.2
5/24/07,-6.7
5/25/07,-6.5
5/26/07,-6.6
5/27/07,-6.1
5/28/07,-6.5
5/29/07,-6.2
5/30/07,-5.7
5/31/07,-6
6/1/07,-5.9
6/2/07,-6.5
6/3/07,-6.7
6/4/07,-6
6/5/07,-4.7
6/6/07,-4.6
6/7/07,-5.7
6/8/07,-6.2
6/9/07,-6.8
6/10/07,-6.6
6/11/07,-6.8
6/12/07,-7.3
6/13/07,-7.6
6/14/07,-7.7
6/15/07,-7.8
6/16/07,-6.5
6/17/07,-7.1
6/18/07,-7.7
6/19/07,-7.1
6/20/07,-6.6
6/21/07,-7.2
6/22/07,-7.2
6/23/07,-6.9
6/24/07,-6.2
6/25/07,-7.1
6/26/07,-7.7
6/27/07,-6.8
6/28/07,-6.3
6/29/07,-6.1
6/30/07,-6.5
7/1/07,-6.8
7/2/07,-7.2
7/3/07,-7.6
7/4/07,-8.3
7/5/07,-8.8
7/6/07,-8.5
7/7/07,-7
7/8/07,-7.7
7/9/07,-7.1
7/10/07,-5.9
7/11/07,-5.9
7/12/07,-6.4
7/13/07,-7.1
7/14/07,-7.3
7/15/07,-7.4
7/16/07,-6.7
7/17/07,-6.4
7/18/07,-5.7
7/19/07,-6.4
7/20/07,-6.6
7/21/07,-7
7/22/07,-7.1
7/23/07,-6.4
7/24/07,-7.1
7/25/07,-7.1
7/26/07,-6.9
7/27/07,-7.3
7/28/07,-7.3
7/29/07,-6.8
7/30/07,-7.2
7/31/07,-7.3
8/1/07,-7.2
8/2/07,-6.9
8/3/07,-7.7
8/4/07,-7.7
8/5/07,-5.8
8/6/07,-4.9
8/7/07,-5.4
8/8/07,-5.9
8/9/07,-6.3
8/10/07,-6.5
8/11/07,-5.9
8/12/07,-6.1
8/13/07,-6.4
8/14/07,-6.4
8/15/07,-6.2
8/16/07,-6.1
8/17/07,-6
8/18/07,-6
8/19/07,-5.8
8/20/07,-6.1
8/21/07,-6.3
8/22/07,-6.3
8/23/07,-6.3
8/24/07,-5.9
8/25/07,-5.8
8/26/07,-5.7
8/27/07,-5.9
8/28/07,-6.3
8/29/07,-6.5
8/30/07,-5.9
8/31/07,-6.3
9/1/07,-6.5
9/2/07,-6.2
9/3/07,-6.1
9/4/07,-4.8
9/5/07,-4.9
9/6/07,-5.7
9/7/07,-4.4
9/8/07,-5.3
9/9/07,-4.9
9/10/07,-4.8
9/11/07,-4.8
9/12/07,-4.2
9/13/07,-4
9/14/07,-4.2
9/15/07,-4.1
9/16/07,-4
9/17/07,-4.1
9/18/07,-4.6
9/19/07,-3.3
9/20/07,-3.3
9/21/07,-3.6
9/22/07,0.3
9/23/07,-3.1
9/24/07,-3.8
9/25/07,-4.2
9/26/07,-4.5
9/27/07,-4.3
9/28/07,-2.9
9/29/07,-3.3
9/30/07,-4
10/1/07,-3.1
10/2/07,-3.8
10/3/07,-3.7
10/4/07,-2.8
10/5/07,-2.4
10/6/07,-3
10/7/07,-3.4
10/8/07,-3.7
10/9/07,2.3
10/10/07,0.3
10/11/07,-2.4
10/12/07,1.1
10/13/07,-2.6
10/14/07,-2.9
10/15/07,-2.4
10/16/07,-0.6
10/17/07,-2.2
10/18/07,-2.7
10/19/07,-2.1
10/20/07,-2.1
10/21/07,-2.6
10/22/07,-3
10/23/07,-3.2
10/24/07,-3.4
10/25/07,-3.1
10/26/07,-2.6
10/27/07,-2.7
10/28/07,-2.7
10/29/07,-1.8
10/30/07,-1.9
10/31/07,-2.1
11/1/07,-2.3
11/2/07,-2.5
11/3/07,-2.6
11/4/07,-2.5
11/5/07,-2.6
11/6/07,-2.4
11/7/07,-2.5
11/8/07,-1.9
11/9/07,-1.9
11/10/07,10.5
11/11/07,0.7
11/12/07,-1.9
11/13/07,-2
11/14/07,-2
11/15/07,-2.1
11/16/07,-1.7
11/17/07,-1.9
11/18/07,-1.9
11/19/07,-1.8
11/20/07,-1.5
11/21/07,-1.6
11/22/07,-1.7
11/23/07,-1.8
11/24/07,-1.6
11/25/07,-1.4
11/26/07,-1.7
11/27/07,-1.5
11/28/07,-1.5
11/29/07,-1.5
11/30/07,-1.3
12/1/07,-1.3
12/2/07,-1.4
12/3/07,-1.6
12/4/07,-1.1
12/5/07,-1.3
12/6/07,16.9
12/7/07,9.6
12/8/07,-1.1
12/9/07,-1.1
12/10/07,-1.2
12/11/07,-1.3
12/12/07,-1.2
12/13/07,-1.2
12/14/07,-1.2
12/15/07,-1.2
12/16/07,0.2
12/17/07,5
12/18/07,12.4
12/19/07,4.9
12/20/07,8.1
12/21/07,-1
12/22/07,-1.1
12/23/07,-1.1
12/24/07,-1.2
12/25/07,-1
12/26/07,-1
12/27/07,-0.3
12/28/07,-0.2
12/29/07,-0.4
12/30/07,-0.9
12/31/07,-1
1/1/08,-1.2
1/2/08,-1.3
1/3/08,8.2
1/4/08,35.4
1/5/08,17.7
1/6/08,-0.2
1/7/08,-1.1
1/8/08,2.9
1/9/08,-0.4
1/10/08,1.4
1/11/08,-0.8
1/12/08,-1.1
1/13/08,-1.3
1/14/08,-1.3
1/15/08,-1.1
1/16/08,-1.2
1/17/08,-1.3
1/18/08,-1.5
1/19/08,-1.5
1/20/08,-1.3
1/21/08,3.8
1/22/08,14.6
1/23/08,14.6
1/24/08,1.2
1/25/08,5.4
1/26/08,5.3
1/27/08,11.6
1/28/08,-0.8
1/29/08,1.8
1/30/08,0.2
1/31/08,5.3
2/1/08,-0.6
2/2/08,9.9
2/3/08,4.3
2/4/08,-1.4
2/5/08,-1.5
2/6/08,-1.7
2/7/08,-1.8
2/8/08,-1.8
2/9/08,-2.1
2/10/08,-2.2
2/11/08,-2.2
2/12/08,-2.4
2/13/08,-1.8
2/14/08,-1.9
2/15/08,-2
2/16/08,-2.2
2/17/08,-2.3
2/18/08,-2.2
2/19/08,7.5
2/20/08,0.2
2/21/08,1.6
2/22/08,2.3
2/23/08,3.1
2/24/08,1.7
2/25/08,-2
2/26/08,-2.4
2/27/08,-2.6
2/28/08,-2.8
2/29/08,-2.7
3/1/08,-2.1
3/2/08,-2.5
3/3/08,-2.7
3/4/08,-2.8
3/5/08,-2.7
3/6/08,-2.6
3/7/08,-2.9
3/8/08,-2.8
3/9/08,-3.2
3/10/08,-3.3
3/11/08,-3
3/12/08,-2.9
3/13/08,-2.7
3/14/08,-2.4
3/15/08,-2.2
3/16/08,-2.8
3/17/08,-3.2
3/18/08,-3.4
3/19/08,-3.1
3/20/08,-2.9
3/21/08,-3.3
3/22/08,-3.7
3/23/08,-3.9
3/24/08,-3.9
3/25/08,-3.5
3/26/08,-3.1
3/27/08,-2.8
3/28/08,-2.7
3/29/08,-2.5
3/30/08,-3
3/31/08,-3.2
4/1/08,-3.5
4/2/08,-3.3
4/3/08,-3.9
4/4/08,-3.8
4/5/08,-3.5
4/6/08,-3.4
4/7/08,-3.5
4/8/08,-3.1
4/9/08,-3.6
4/10/08,-4.4
4/11/08,-4.9
4/12/08,-5.7
4/13/08,-6
4/14/08,-3.9
4/15/08,-3.4
4/16/08,-4.5
4/17/08,-5
4/18/08,-5.1
4/19/08,-3.8
4/20/08,-3.3
4/21/08,-3.6
4/22/08,-3.3
4/23/08,-3.7
4/24/08,-4.3
4/25/08,-5
4/26/08,-5.7
4/27/08,-6.1
4/28/08,-5.6
4/29/08,-3.9
4/30/08,-4
5/1/08,-4.9
5/2/08,-5
5/3/08,-5.3
5/4/08,-5.2
5/5/08,-5.5
5/6/08,-5.5
5/7/08,-4.6
5/8/08,-5.6
5/9/08,-5.2
5/10/08,-5.9
5/11/08,-5.1
5/12/08,-5
5/13/08,-6
5/14/08,-6.3
5/15/08,-7.2
5/16/08,-7.5
5/17/08,-7.3
5/18/08,-7.8
5/19/08,-7.2
5/20/08,-6.1
5/21/08,-5.1
5/22/08,-4.8
5/23/08,-3.7
5/24/08,2.8
5/25/08,-3.9
5/26/08,-4.7
5/27/08,-4.5
5/28/08,-4.8
5/29/08,-5.1
5/30/08,-5.7
5/31/08,-5.3
6/1/08,-5.9
6/2/08,-6.2
6/3/08,-5.6
6/4/08,-5.1
6/5/08,-6.3
6/6/08,-5.6
6/7/08,-6.1
6/8/08,-7
6/9/08,-7.5
6/10/08,-5.8
6/11/08,-6.2
6/12/08,-7
6/13/08,-7.9
6/14/08,-7.3
6/15/08,-7.3
6/16/08,-7.2
6/17/08,-7.3
6/18/08,-7.4
6/19/08,-7.6
6/20/08,-8.4
6/21/08,-8.2
6/22/08,-7.3
6/23/08,-6.8
6/24/08,-6.8
6/25/08,-6.5
6/26/08,-6.6
6/27/08,-7
6/28/08,-6.6
6/29/08,-7.1
6/30/08,-6.9
7/1/08,-6.7
7/2/08,-7.2
7/3/08,-6.7
7/4/08,-6
7/5/08,-7.2
7/6/08,-7.4
7/7/08,-8
7/8/08,-8.2
7/9/08,-8.2
7/10/08,-8
7/11/08,-6.7
7/12/08,-6.7
7/13/08,-7.1
7/14/08,-7
7/15/08,-6.5
7/16/08,-7
7/17/08,-7.2
7/18/08,-7.4
7/19/08,-7.4
7/20/08,-6.2
7/21/08,-6
7/22/08,-7.1
7/23/08,-7.3
7/24/08,-7.2
7/25/08,-7.2
7/26/08,-7.5
7/27/08,-6.8
7/28/08,-6.5
7/29/08,-6.5
7/30/08,-6.8
7/31/08,-6.6
8/1/08,-6.7
8/2/08,-6.8
8/3/08,-6.6
8/4/08,-6.9
8/5/08,-6.4
8/6/08,-6.7
8/7/08,-6.4
8/8/08,-6.1
8/9/08,-6
8/10/08,-6.3
8/11/08,-6.8
8/12/08,-6.6
8/13/08,-7.1
8/14/08,-7.1
8/15/08,-7.1
8/16/08,-6.5
8/17/08,-5.9
8/18/08,-5.3
8/19/08,-5.1
8/20/08,-5.7
8/21/08,-5.5
8/22/08,-6.2
8/23/08,-6.1
8/24/08,-6.4
8/25/08,-6.1
8/26/08,-5.8
8/27/08,-6.4
8/28/08,-6.4
8/29/08,-6.9
8/30/08,-6.3
8/31/08,-4.9
9/1/08,-5.2
9/2/08,-5.9
9/3/08,-6.1
9/4/08,-6.1
9/5/08,-6.2
9/6/08,-6.2
9/7/08,-6.4
9/8/08,-5.7
9/9/08,-4.5
9/10/08,-4.9
9/11/08,-5.2
9/12/08,-5.2
9/13/08,-5
9/14/08,-5.1
9/15/08,-5.3
9/16/08,-5
9/17/08,-4
9/18/08,-4.3
9/19/08,-3.8
9/20/08,-3.7
9/21/08,-4.1
9/22/08,-4.4
9/23/08,-4.8
9/24/08,-5.1
9/25/08,-4.9
9/26/08,-4.9
9/27/08,-4.9
9/28/08,-4.8
9/29/08,-4.3
9/30/08,-4.5
10/1/08,-4.7
10/2/08,-3.3
10/3/08,1.2
10/4/08,-0.2
10/5/08,-3
10/6/08,-3.4
10/7/08,-3.8
10/8/08,-3.8
10/9/08,-3
10/10/08,-2.4
10/11/08,-2.5
10/12/08,-2.7
10/13/08,-3
10/14/08,-3.3
10/15/08,-3.5
10/16/08,-3.5
10/17/08,-3.6
10/18/08,-3.2
10/19/08,-3
10/20/08,-2.8
10/21/08,-2.9
10/22/08,-3.3
10/23/08,-3.3
10/24/08,-3.2
10/25/08,-3.2
10/26/08,-3.2
10/27/08,-2.9
10/28/08,-3
10/29/08,-2.9
10/30/08,1.1
10/31/08,2.8
11/1/08,10.4
11/2/08,-0.3
11/3/08,3.4
11/4/08,-1.7
11/5/08,-1.7
11/6/08,-1.8
11/7/08,-2.2
11/8/08,-0.9
11/9/08,-1.7
11/10/08,-1.7
11/11/08,-1.7
11/12/08,-1.9
11/13/08,-2.2
11/14/08,-2
11/15/08,-2.2
11/16/08,-2.4
11/17/08,-2.3
11/18/08,-2.2
11/19/08,-1.9
11/20/08,-1.7
11/21/08,-1.6
11/22/08,-1.7
11/23/08,-1.7
11/24/08,-1.6
11/25/08,-1.3
11/26/08,4.6
11/27/08,-1.1
11/28/08,-1.2
11/29/08,-1.5
11/30/08,-1.5
12/1/08,-1.1
12/2/08,-0.9
12/3/08,-0.9
12/4/08,-1.2
12/5/08,-1.2
12/6/08,-0.8
12/7/08,-0.8
12/8/08,-0.8
12/9/08,-1.2
12/10/08,-1.4
12/11/08,-1.1
12/12/08,-0.9
12/13/08,-0.8
12/14/08,6.1
12/15/08,2.7
12/16/08,-0.4
12/17/08,-1
12/18/08,-0.4
12/19/08,0.5
12/20/08,-0.6
12/21/08,14.2
12/22/08,1.4
12/23/08,-0.2
12/24/08,11.2
12/25/08,6
12/26/08,-1
12/27/08,-1.1
12/28/08,-1.2
12/29/08,-1.3
12/30/08,-0.8
12/31/08,-0.6
1/1/09,-0.5
1/2/09,3.8
1/3/09,-0.9
1/4/09,-1.1
1/5/09,0.3
1/6/09,-0.8
1/7/09,-0.8
1/8/09,-0.9
1/9/09,-1.2
1/10/09,-1.4
1/11/09,-1.4
1/12/09,-1.6
1/13/09,-1.8
1/14/09,-1.8
1/15/09,-1.8
1/16/09,-1.8
1/17/09,-1.8
1/18/09,-1.9
1/19/09,-2
1/20/09,-1.9
1/21/09,6.1
1/22/09,12.9
1/23/09,26.6
1/24/09,2.9
1/25/09,-0.5
1/26/09,-1.3
1/27/09,-1.4
1/28/09,-1.5
1/29/09,-1.7
1/30/09,-1.9
1/31/09,-1.9
2/1/09,-1.9
2/2/09,-2.1
2/3/09,-2.2
2/4/09,-2.1
2/5/09,0.4
2/6/09,5.2
2/7/09,-1.7
2/8/09,1.3
2/9/09,-1.4
2/10/09,1.5
2/11/09,5.4
2/12/09,10.5
2/13/09,14
2/14/09,-1.5
2/15/09,4.2
2/16/09,12.8
2/17/09,9.6
2/18/09,-1.9
2/19/09,-2.3
2/20/09,-2.3
2/21/09,0.4
2/22/09,8.6
2/23/09,1.5
2/24/09,-1.8
2/25/09,-0.1
2/26/09,-2
2/27/09,-2.2
2/28/09,-2.3
3/1/09,5.6
3/2/09,6.9
3/3/09,17.4
3/4/09,1.6
3/5/09,-2.2
3/6/09,-2.1
3/7/09,-2.4
3/8/09,-2.6
3/9/09,-2
3/10/09,-2.3
3/11/09,-2.6
3/12/09,-2.9
3/13/09,-3.1
3/14/09,-2.4
3/15/09,-2.7
3/16/09,-2.9
3/17/09,-3
3/18/09,-3.3
3/19/09,-3.7
3/20/09,-3.5
3/21/09,4.7
3/22/09,-1.1
3/23/09,-2.7
3/24/09,-3.2
3/25/09,-3.5
3/26/09,-3.8
3/27/09,-3.9
3/28/09,-4.2
3/29/09,-3
3/30/09,-3.4
3/31/09,-3.7
4/1/09,-4
4/2/09,-3.6
4/3/09,-3.2
4/4/09,-3.6
4/5/09,-4.4
4/6/09,-4.9
4/7/09,5.4
4/8/09,-1.9
4/9/09,4.1
4/10/09,-1.8
4/11/09,-3.5
4/12/09,-4
4/13/09,-3.9
4/14/09,-2.8
4/15/09,-3.4
4/16/09,-4.1
4/17/09,-4.6
4/18/09,-5.1
4/19/09,-5.9
4/20/09,-6.1
4/21/09,-6
4/22/09,-6.3
4/23/09,-4.4
4/24/09,-3.9
4/25/09,-4.3
4/26/09,-4.4
4/27/09,-4.1
4/28/09,-3.6
4/29/09,-4.2
4/30/09,-4.7
5/1/09,22.7
5/2/09,-1.5
5/3/09,-2.2
5/4/09,-2.3
5/5/09,-4.7
5/6/09,-5.3
5/7/09,-5
5/8/09,-5.5
5/9/09,-5.9
5/10/09,-6.2
5/11/09,-6
5/12/09,-5.4
5/13/09,-5.6
5/14/09,-5.7
5/15/09,-6.3
5/16/09,-7.3
5/17/09,-7.8
5/18/09,-7.3
5/19/09,-6.3
5/20/09,-6.1
5/21/09,-6.7
5/22/09,-6.5
5/23/09,-6
5/24/09,-5.4
5/25/09,-6.3
5/26/09,-6.8
5/27/09,-7.2
5/28/09,-7.2
5/29/09,-6.3
5/30/09,-5.9
5/31/09,-6.2
6/1/09,-5.7
6/2/09,-5.3
6/3/09,-5.4
6/4/09,-4
6/5/09,-0.7
6/6/09,-5.2
6/7/09,-5.8
6/8/09,-6
6/9/09,-5.4
6/10/09,-5
6/11/09,-5.5
6/12/09,-5.4
6/13/09,-5.4
6/14/09,-5.7
6/15/09,-5.3
6/16/09,-6.1
6/17/09,-6.1
6/18/09,-7.3
6/19/09,-7.2
6/20/09,-6.1
6/21/09,-5.7
6/22/09,-6.5
6/23/09,-7.5
6/24/09,-7.6
6/25/09,-7.1
6/26/09,-7.2
6/27/09,-8.2
6/28/09,-8.6
6/29/09,-8.8
6/30/09,-7.9
7/1/09,-7.5
7/2/09,-7.5
7/3/09,-7.7
7/4/09,-7.1
7/5/09,-6.7
7/6/09,-6.7
7/7/09,-6.7
7/8/09,-6.6
7/9/09,-6.7
7/10/09,-6.8
7/11/09,-6.3
7/12/09,-6.6
7/13/09,-7.4
7/14/09,-7.8
7/15/09,-8.1
7/16/09,-7.9
7/17/09,-7.8
7/18/09,-8
7/19/09,-8.3
7/20/09,-7.6
7/21/09,-7.2
7/22/09,-7
7/23/09,-7.2
7/24/09,-6.6
7/25/09,-6.9
7/26/09,-7.6
7/27/09,-7.6
7/28/09,-6.8
7/29/09,-6.4
7/30/09,-6.4
7/31/09,-6.4
8/1/09,-6.6
8/2/09,-6.2
8/3/09,-5.8
8/4/09,-6.2
8/5/09,-5.9
8/6/09,-4.8
8/7/09,-5.3
8/8/09,-6.2
8/9/09,-6.7
8/10/09,-7
8/11/09,-6.6
8/12/09,-6.9
8/13/09,-6.3
8/14/09,-5.7
8/15/09,-6.2
8/16/09,-6.4
8/17/09,-6.5
8/18/09,-6.6
8/19/09,-6.4
8/20/09,-5.9
8/21/09,-6.8
8/22/09,-6.2
8/23/09,-5.8
8/24/09,-5.8
8/25/09,-6
8/26/09,-6.1
8/27/09,-6.4
8/28/09,-6.6
8/29/09,-6.8
8/30/09,-6.3
8/31/09,-5.4
9/1/09,-6
9/2/09,-5.9
9/3/09,-6.2
9/4/09,-5.8
9/5/09,-5
9/6/09,-4.5
9/7/09,-4.9
9/8/09,-5.3
9/9/09,-5.4
9/10/09,-5.7
9/11/09,-5.8
9/12/09,-4.9
9/13/09,-1.5
9/14/09,-2.9
9/15/09,-4.4
9/16/09,-4.6
9/17/09,-4.9
9/18/09,-5.6
9/19/09,-5
9/20/09,-4.9
9/21/09,-5.1
9/22/09,-5.3
9/23/09,-5.2
9/24/09,-5
9/25/09,-5.1
9/26/09,-5.2
9/27/09,-5.2
9/28/09,-4.3
9/29/09,-3
9/30/09,-3.3
10/1/09,-3.8
10/2/09,-4
10/3/09,-3.2
10/4/09,-2.8
10/5/09,-3
10/6/09,-3.3
10/7/09,-3.5
10/8/09,-3.2
10/9/09,-3.3
10/10/09,-3.3
10/11/09,-2.8
10/12/09,1.5
10/13/09,41.5
10/14/09,-2.5
10/15/09,-2.9
10/16/09,-2.8
10/17/09,-3
10/18/09,-3
10/19/09,-1.7
10/20/09,-2.3
10/21/09,-2.5
10/22/09,-2.6
10/23/09,-2.8
10/24/09,-2.7
10/25/09,-2.6
10/26/09,-2.9
10/27/09,-1.9
10/28/09,-1.9
10/29/09,-2.1
10/30/09,-2.4
10/31/09,-2.5
11/1/09,-2.5
11/2/09,-2.6
11/3/09,-2.6
11/4/09,-2.5
11/5/09,-2.1
11/6/09,-2.2
11/7/09,-1.8
11/8/09,-1.9
11/9/09,-1.9
11/10/09,-1.7
11/11/09,-1.1
11/12/09,-1.5
11/13/09,-1.6
11/14/09,-1.7
11/15/09,-1.8
11/16/09,-1.9
11/17/09,-0.7
11/18/09,-1.5
11/19/09,-1.6
11/20/09,3.1
11/21/09,-1.3
11/22/09,-1.6
11/23/09,-1.4
11/24/09,-1.7
11/25/09,-1.8
11/26/09,-1.8
11/27/09,3
11/28/09,-1.6
11/29/09,-1.5
11/30/09,-1.6
12/1/09,-1.6
12/2/09,-1.4
12/3/09,-1.4
12/4/09,-1.4
12/5/09,-1.2
12/6/09,4
12/7/09,8.4
12/8/09,-1
12/9/09,-0.9
12/10/09,3.2
12/11/09,11.5
12/12/09,16.2
12/13/09,8.4
12/14/09,-1.2
12/15/09,-1.2
12/16/09,-1.1
12/17/09,-0.9
12/18/09,-0.8
12/19/09,-1
12/20/09,-0.6
12/21/09,3.9
12/22/09,-1
12/23/09,-1.1
12/24/09,-1.2
12/25/09,-1.4
12/26/09,1.1
12/27/09,-0.1
12/28/09,1.4
12/29/09,0.1
12/30/09,-0.8
12/31/09,-1
1/1/10,-1.2
1/2/10,-1.1
1/3/10,-0.9
1/4/10,-1.2
1/5/10,-0.8
1/6/10,-0.8
1/7/10,-0.7
1/8/10,-0.2
1/9/10,-0.8
1/10/10,-0.6
1/11/10,0.5
1/12/10,12.6
1/13/10,-0.6
1/14/10,-1.4
1/15/10,-1.1
1/16/10,-1.1
1/17/10,8.8
1/18/10,13.2
1/19/10,14.8
1/20/10,19.5
1/21/10,17.6
1/22/10,4.7
1/23/10,-0.3
1/24/10,-0.3
1/25/10,6.2
1/26/10,-0.2
1/27/10,-1.4
1/28/10,-1.5
1/29/10,1.2
1/30/10,-1.6
1/31/10,-1.5
2/1/10,-1.6
2/2/10,-1.1
2/3/10,-1.4
2/4/10,8.1
2/5/10,1.4
2/6/10,6.2
2/7/10,-1
2/8/10,1.4
2/9/10,4.3
2/10/10,-1.7
2/11/10,-1.5
2/12/10,-2
2/13/10,-2
2/14/10,-2.1
2/15/10,-2.1
2/16/10,-2.2
2/17/10,-2.4
2/18/10,-2.2
2/19/10,-1.6
2/20/10,-0.8
2/21/10,3.9
2/22/10,-1.9
2/23/10,16.1
2/24/10,0.7
2/25/10,-2.1
2/26/10,14.2
2/27/10,4
2/28/10,-2.3
3/1/10,-2.3
3/2/10,6
3/3/10,17.7
3/4/10,-2
3/5/10,-2.1
3/6/10,-2.4
3/7/10,-2.5
3/8/10,-2
3/9/10,1.8
3/10/10,-2
3/11/10,-2.6
3/12/10,9.2
3/13/10,-2.3
3/14/10,-2.7
3/15/10,-3.1
3/16/10,-3.6
3/17/10,-3.5
3/18/10,-3.6
3/19/10,-3.7
3/20/10,-3.6
3/21/10,-3.3
3/22/10,-3.2
3/23/10,-3.5
3/24/10,-3.7
3/25/10,-2.7
3/26/10,-3
3/27/10,-3.6
3/28/10,-4.1
3/29/10,-2.7
3/30/10,5.7
3/31/10,-0.1
4/1/10,-2.8
4/2/10,1.6
4/3/10,-1.2
4/4/10,17.7
4/5/10,-2
4/6/10,-3.2
4/7/10,-4
4/8/10,-3.8
4/9/10,-3.9
4/10/10,-2.6
4/11/10,12.3
4/12/10,6.5
4/13/10,-3.2
4/14/10,-3.4
4/15/10,-4
4/16/10,-3.9
4/17/10,-4.3
4/18/10,-4.7
4/19/10,-0.6
4/20/10,19.5
4/21/10,4.6
4/22/10,-2.4
4/23/10,-4
4/24/10,-4.6
4/25/10,-5.1
4/26/10,-5.1
4/27/10,0.8
4/28/10,2.7
4/29/10,-3.1
4/30/10,-4
5/1/10,-4.8
5/2/10,-5.1
5/3/10,-5.9
5/4/10,-4.9
5/5/10,-4.4
5/6/10,-4.7
5/7/10,-5.3
5/8/10,-4.7
5/9/10,-1.5
5/10/10,2.5
5/11/10,-4.3
5/12/10,-5.2
5/13/10,-5.4
5/14/10,-5.6
5/15/10,-5.9
5/16/10,-5.3
5/17/10,-2.6
5/18/10,-4.6
5/19/10,-4.5
5/20/10,-4.8
5/21/10,-4.1
5/22/10,-4
5/23/10,-4.7
5/24/10,-4.3
5/25/10,2.9
5/26/10,0.3
5/27/10,5.8
5/28/10,-4.4
5/29/10,-5.6
5/30/10,-6.4
5/31/10,-5.6
6/1/10,-5
6/2/10,-6.2
6/3/10,-5.8
6/4/10,-6
6/5/10,-6.5
6/6/10,-6.7
6/7/10,-6.1
6/8/10,-6.2
6/9/10,-5.5
6/10/10,-5
6/11/10,-6
6/12/10,-6.6
6/13/10,-7.3
6/14/10,-7.8
6/15/10,-6.3
6/16/10,-6
6/17/10,-6.7
6/18/10,-6.1
6/19/10,-5.6
6/20/10,-6.1
6/21/10,-6.6
6/22/10,-7.2
6/23/10,-7.2
6/24/10,-5.8
6/25/10,-5.9
6/26/10,-7
6/27/10,-7.7
6/28/10,-8.1
6/29/10,-7.5
6/30/10,-6.9
7/1/10,-6.6
7/2/10,-6.4
7/3/10,-6.7
7/4/10,-7.6
7/5/10,-7.5
7/6/10,-6.4
7/7/10,-6.9
7/8/10,-7.1
7/9/10,-7.3
7/10/10,-8
7/11/10,-7.3
7/12/10,-6.7
7/13/10,-6.7
7/14/10,-7.1
7/15/10,-7.7
7/16/10,-7.8
7/17/10,-7.6
7/18/10,-7.8
7/19/10,-7.7
7/20/10,-7
7/21/10,-6.6
7/22/10,-7.2
7/23/10,-7.1
7/24/10,-7.4
7/25/10,-6.9
7/26/10,-6
7/27/10,-6
7/28/10,-6.2
7/29/10,-6.7
7/30/10,-6.7
7/31/10,-6.5
8/1/10,-6.6
8/2/10,-6.7
8/3/10,-6.8
8/4/10,-6.6
8/5/10,-6.1
8/6/10,-6.5
8/7/10,-6.2
8/8/10,-5.7
8/9/10,-6
8/10/10,-5.9
8/11/10,-5.2
8/12/10,-6.1
8/13/10,-6
8/14/10,-5.7
8/15/10,-5.9
8/16/10,-6.7
8/17/10,-6.1
8/18/10,-5.7
8/19/10,-6.3
8/20/10,-6.3
8/21/10,-5
8/22/10,-5.4
8/23/10,-6.2
8/24/10,-7.1
8/25/10,-7.2
8/26/10,-6.1
8/27/10,-5.6
8/28/10,-4.1
8/29/10,-4.5
8/30/10,-4.5
8/31/10,-5.3
9/1/10,-5.8
9/2/10,-6.4
9/3/10,-6.1
9/4/10,-5.8
9/5/10,-5.5
9/6/10,-5.6
9/7/10,-5.2
9/8/10,-3.4
9/9/10,-4.1
9/10/10,-4.7
9/11/10,-5.2
9/12/10,-5.2
9/13/10,-4.3
9/14/10,-4.7
9/15/10,-4.8
9/16/10,-4.9
9/17/10,-4.2
9/18/10,-4.2
9/19/10,-3.8
9/20/10,-4.1
9/21/10,-3.9
9/22/10,-3.6
9/23/10,-4.1
9/24/10,-4.6
9/25/10,-5.1
9/26/10,-5
9/27/10,-5.3
9/28/10,-5.2
9/29/10,-5.1
9/30/10,-4.7
10/1/10,-4
10/2/10,-3.6
10/3/10,-0.4
10/4/10,-2.6
10/5/10,-1.9
10/6/10,-1.7
10/7/10,-2.8
10/8/10,-3.2
10/9/10,-3.4
10/10/10,-3.7
10/11/10,-3.6
10/12/10,-3.8
10/13/10,-4.1
10/14/10,-4.1
10/15/10,-3.9
10/16/10,-3.1
10/17/10,0.1
10/18/10,-2.4
10/19/10,-2.7
10/20/10,-3
10/21/10,-2.3
10/22/10,-0.2
10/23/10,12.1
10/24/10,29.4
10/25/10,-2
10/26/10,-2.1
10/27/10,-2.2
10/28/10,-2.7
10/29/10,-0.3
10/30/10,-0.6
10/31/10,-2.2
11/1/10,-2.3
11/2/10,-2.5
11/3/10,-2.6
11/4/10,-2.7
11/5/10,-2.6
11/6/10,-0.4
11/7/10,13.8
11/8/10,-1.6
11/9/10,-1.6
11/10/10,-1.6
11/11/10,-1.8
11/12/10,-1.8
11/13/10,-1.7
11/14/10,-1.9
11/15/10,-2
11/16/10,-1.9
11/17/10,-2
11/18/10,-1.8
11/19/10,13.6
11/20/10,15.1
11/21/10,3
11/22/10,1.9
11/23/10,8.6
11/24/10,-1.1
11/25/10,-1.2
11/26/10,-0.1
11/27/10,8.3
11/28/10,-1.1
11/29/10,-1.1
11/30/10,-1.2
12/1/10,-1.3
12/2/10,-1.1
12/3/10,-0.9
12/4/10,2.8
12/5/10,7.8
12/6/10,-1.1
12/7/10,-1.3
12/8/10,5.4
12/9/10,-0.2
12/10/10,-1.3
12/11/10,-0.9
12/12/10,-0.9
12/13/10,-0.7
12/14/10,13.9
12/15/10,-1.1
12/16/10,3.4
12/17/10,20.7
12/18/10,9.9
12/19/10,13.5
12/20/10,0.8
12/21/10,5.5
12/22/10,1.4
12/23/10,-1.2
12/24/10,-1
12/25/10,17.4
12/26/10,-1.2
12/27/10,-1
12/28/10,24
12/29/10,3.2
12/30/10,-1.1
12/31/10,0
1/1/11,11.4
1/2/11,7.2
1/3/11,-1
1/4/11,-1
1/5/11,-1
1/6/11,-0.5
1/7/11,-0.6
1/8/11,-0.5
1/9/11,-0.7
1/10/11,-0.9
1/11/11,0.1
1/12/11,-1.2
1/13/11,-0.3
1/14/11,-1.2
1/15/11,-1.1
1/16/11,-0.7
1/17/11,-0.6
1/18/11,-1.1
1/19/11,-1.2
1/20/11,-1.6
1/21/11,-1.7
1/22/11,-1.6
1/23/11,-1.5
1/24/11,-1.6
1/25/11,-1.2
1/26/11,-1.3
1/27/11,-1.3
1/28/11,-1.1
1/29/11,6.8
1/30/11,4.2
1/31/11,-1.5
2/1/11,-1.7
2/2/11,-1.7
2/3/11,-1.8
2/4/11,-1.8
2/5/11,-2.2
2/6/11,-2.1
2/7/11,-2.2
2/8/11,-1.8
2/9/11,-1.8
2/10/11,-2
2/11/11,-2.2
2/12/11,-2.5
2/13/11,-2.3
2/14/11,-1.3
2/15/11,7.5
2/16/11,7.4
2/17/11,20.9
2/18/11,20.1
2/19/11,-0.5
2/20/11,-1.7
2/21/11,-1.7
2/22/11,-2
2/23/11,-1.9
2/24/11,10
2/25/11,9.9
2/26/11,-1.5
2/27/11,-2
2/28/11,-2.2
3/1/11,-0.9
3/2/11,1.6
3/3/11,-2.5
3/4/11,-2.5
3/5/11,0.9
3/6/11,9.8
3/7/11,-1.9
3/8/11,-2.6
3/9/11,-2.6
3/10/11,-2.3
3/11/11,-2.4
3/12/11,-2.6
3/13/11,2
3/14/11,-1.8
3/15/11,6.3
3/16/11,-0.7
3/17/11,-2.7
3/18/11,11.1
3/19/11,12
3/20/11,16.9
3/21/11,5.8
3/22/11,-0.4
3/23/11,6
3/24/11,22.6
3/25/11,7.2
3/26/11,8
3/27/11,-2.7
3/28/11,-2.9
3/29/11,-3.4
3/30/11,-3.9
3/31/11,-4.1
4/1/11,-4.5
4/2/11,-3.3
4/3/11,-3.3
4/4/11,-4.1
4/5/11,-4
4/6/11,-3.3
4/7/11,-1.5
4/8/11,-2.3
4/9/11,-3.4
4/10/11,-3.6
4/11/11,-3.4
4/12/11,-3.6
4/13/11,-2.1
4/14/11,-3.5
4/15/11,-4.1
4/16/11,-4.2
4/17/11,-4.3
4/18/11,-2
4/19/11,-3.2
4/20/11,-3.1
4/21/11,-3.1
4/22/11,-3.5
4/23/11,-3.8
4/24/11,-3
4/25/11,-3.5
4/26/11,-4
4/27/11,-4.6
4/28/11,-4.4
4/29/11,-3.9
4/30/11,-4.6
5/1/11,-5.2
5/2/11,-5.7
5/3/11,-5
5/4/11,-6.1
5/5/11,-6.6
5/6/11,-5.8
5/7/11,-4.8
5/8/11,-3.6
5/9/11,-4.2
5/10/11,-5.4
5/11/11,-5.1
5/12/11,-5.4
5/13/11,-5.5
5/14/11,9.4
5/15/11,0
5/16/11,0.1
5/17/11,4.5
5/18/11,-2.8
5/19/11,-5.3
5/20/11,-5.5
5/21/11,-5.2
5/22/11,-4.8
5/23/11,-4.7
5/24/11,-5.2
5/25/11,-3.1
5/26/11,-4.5
5/27/11,-4.7
5/28/11,-3.1
5/29/11,-4.5
5/30/11,-4.8
5/31/11,-4.7
6/1/11,-2.4
6/2/11,-4.5
6/3/11,-4.1
6/4/11,7.5
6/5/11,14.4
6/6/11,-3.8
6/7/11,-5.1
6/8/11,-5.8
6/9/11,-6.2
6/10/11,-6
6/11/11,-5
6/12/11,-6
6/13/11,-6.5
6/14/11,-7.1
6/15/11,-7
6/16/11,-6.2
6/17/11,-6.5
6/18/11,-6.5
6/19/11,-6.5
6/20/11,-7.3
6/21/11,-7.9
6/22/11,-8
6/23/11,-7.1
6/24/11,-6.6
6/25/11,-6.6
6/26/11,-6.8
6/27/11,-6.8
6/28/11,5
6/29/11,-3.9
6/30/11,-6.1
7/1/11,-7
7/2/11,-7.6
7/3/11,-7.7
7/4/11,-7.7
7/5/11,-7.9
7/6/11,-7.4
7/7/11,-7.2
7/8/11,-7.3
7/9/11,-7.2
7/10/11,-6.9
7/11/11,-6
7/12/11,-5.8
7/13/11,-5.6
7/14/11,-5.6
7/15/11,-5.7
7/16/11,-5.5
7/17/11,-5.7
7/18/11,-6.1
7/19/11,-6.3
7/20/11,-7
7/21/11,-7.1
7/22/11,-6.8
7/23/11,-6.8
7/24/11,-6.5
7/25/11,-6.5
7/26/11,-6.6
7/27/11,-7.1
7/28/11,-7.1
7/29/11,-6.7
7/30/11,-6.2
7/31/11,-6.5
8/1/11,-6.5
8/2/11,-6.9
8/3/11,-6.6
8/4/11,-5.8
8/5/11,-6.3
8/6/11,-6.2
8/7/11,-6
8/8/11,-6.3
8/9/11,-6.5
8/10/11,-6.5
8/11/11,-6
8/12/11,-6.2
8/13/11,-6.3
8/14/11,-6.2
8/15/11,-6.1
8/16/11,-6.4
8/17/11,-6.2
8/18/11,-6.3
8/19/11,-5.6
8/20/11,-5.6
8/21/11,-5.7
8/22/11,-5.7
8/23/11,-6.4
8/24/11,-6.1
8/25/11,-5.9
8/26/11,-6.2
8/27/11,-6
8/28/11,-6.2
8/29/11,-6
8/30/11,-5.5
8/31/11,-5.5
9/1/11,-5.7
9/2/11,-6
9/3/11,-5.7
9/4/11,-5.4
9/5/11,-5.4
9/6/11,-5.9
9/7/11,-5.8
9/8/11,-5.5
9/9/11,-5.7
9/10/11,-5.8
9/11/11,-4
9/12/11,-4.7
9/13/11,-5
9/14/11,-4.9
9/15/11,-4.7
9/16/11,-4.2
9/17/11,-4.5
9/18/11,-4.9
9/19/11,-5.1
9/20/11,-5.2
9/21/11,-5.4
9/22/11,-5.2
9/23/11,-5.3
9/24/11,-4.6
9/25/11,-3
9/26/11,-3.8
9/27/11,-4.2
9/28/11,-4.8
9/29/11,-4.7
9/30/11,-3.6
10/1/11,-3.5
10/2/11,-3.5
10/3/11,-2.8
10/4/11,19.7
10/5/11,3.9
10/6/11,1.7
10/7/11,-2.8
10/8/11,-3.1
10/9/11,-3.2
10/10/11,1
10/11/11,-2.9
10/12/11,-3.2
10/13/11,-3.5
10/14/11,-3.5
10/15/11,-3.5
10/16/11,-2.8
10/17/11,-3.4
10/18/11,-3.5
10/19/11,-2.6
10/20/11,-3
10/21/11,-2.9
10/22/11,-3.1
10/23/11,-3.2
10/24/11,-2.9
10/25/11,-2.4
10/26/11,-2.4
10/27/11,-2.6
10/28/11,-2.6
10/29/11,-2.7
10/30/11,-2.7
10/31/11,-2.7
11/1/11,-2.3
11/2/11,-2.4
11/3/11,-1.9
11/4/11,-0.9
11/5/11,4.5
11/6/11,-1.4
11/7/11,-1.6
11/8/11,-1.8
11/9/11,-1.9
11/10/11,-2.2
11/11/11,1.3
11/12/11,-1.6
11/13/11,-1.7
11/14/11,-1.6
11/15/11,-1.8
11/16/11,-1.9
11/17/11,-1.9
11/18/11,-0.2
11/19/11,4
11/20/11,0.6
11/21/11,-1.4
11/22/11,-1.5
11/23/11,-1.3
11/24/11,-1
11/25/11,-1.4
11/26/11,-1.3
11/27/11,-1.4
11/28/11,-1.2
11/29/11,-1
11/30/11,-1.5
12/1/11,-1.5
12/2/11,-1.5
12/3/11,-1.5
12/4/11,-1.3
12/5/11,-1.4
12/6/11,-1.4
12/7/11,-1.3
12/8/11,-1.3
12/9/11,-1.5
12/10/11,-1.4
12/11/11,-1.2
12/12/11,-1.1
12/13/11,-1.3
12/14/11,-0.8
12/15/11,0.5
12/16/11,-1.2
12/17/11,-1.2
12/18/11,-1.1
12/19/11,-1.2
12/20/11,-1
12/21/11,-1.2
12/22/11,-1.2
12/23/11,-1.2
12/24/11,-1.3
12/25/11,-1.3
12/26/11,-1.3
12/27/11,-1.3
12/28/11,-1.4
12/29/11,-1.3
12/30/11,-1.4
12/31/11,-1.2
1/1/12,-1.4
1/2/12,-1.4
1/3/12,-1.4
1/4/12,-1.6
1/5/12,-1.7
1/6/12,-1.5
1/7/12,-1.6
1/8/12,-1.5
1/9/12,-1.6
1/10/12,-1.6
1/11/12,-1.7
1/12/12,-1.6
1/13/12,-1.7
1/14/12,-1.7
1/15/12,-1.6
1/16/12,-1.2
1/17/12,-1.3
1/18/12,-1.4
1/19/12,1.4
1/20/12,30.3
1/21/12,1.2
1/22/12,7.1
1/23/12,9.5
1/24/12,-1.4
1/25/12,-1.6
1/26/12,-1.7
1/27/12,-1.6
1/28/12,-1.7
1/29/12,-1.8
1/30/12,-1.6
1/31/12,-1.6
2/1/12,-1.5
2/2/12,-1.5
2/3/12,-1.8
2/4/12,-2
2/5/12,-2.1
2/6/12,-1.7
2/7/12,-1.3
2/8/12,-2
2/9/12,-2.3
2/10/12,-2.3
2/11/12,-1.6
2/12/12,5.2
2/13/12,5.6
2/14/12,-1
2/15/12,-1.7
2/16/12,-2.2
2/17/12,-2.3
2/18/12,-2
2/19/12,-1.9
2/20/12,-1.8
2/21/12,-2.2
2/22/12,-2.6
2/23/12,-2.7
2/24/12,-2.9
2/25/12,-2.3
2/26/12,-1.9
2/27/12,-1.8
2/28/12,-0.5
2/29/12,-0.3
3/1/12,0.4
3/2/12,-2.2
3/3/12,-2.9
3/4/12,-3.3
3/5/12,-3.4
3/6/12,-1.6
3/7/12,-2.6
3/8/12,-3
3/9/12,-3.4
3/10/12,-3
3/11/12,-2.5
3/12/12,-2.2
3/13/12,9.9
3/14/12,9.6
3/15/12,1.1
3/16/12,25
3/17/12,9.9
3/18/12,-0.6
3/19/12,-2.2
3/20/12,-2.8
3/21/12,-3.4
3/22/12,-2.9
3/23/12,-3
3/24/12,3.3
3/25/12,1.4
3/26/12,-1.6
3/27/12,5.9
3/28/12,-1.7
3/29/12,-3.1
3/30/12,-3.4
3/31/12,9.1
4/1/12,-2.5
4/2/12,-3.2
4/3/12,-2.5
4/4/12,-3
4/5/12,-2.8
4/6/12,-3.3
4/7/12,-4.1
4/8/12,-4.5
4/9/12,-4.2
4/10/12,2.9
4/11/12,11.3
4/12/12,18.1
4/13/12,10.2
4/14/12,-3.1
4/15/12,-4
4/16/12,-4.2
4/17/12,-4.3
4/18/12,-4.2
4/19/12,-4.7
4/20/12,-5.3
4/21/12,-5.6
4/22/12,-6
4/23/12,-4.1
4/24/12,-4
4/25/12,7.7
4/26/12,-1.5
4/27/12,-4.1
4/28/12,-4.8
4/29/12,-5.4
4/30/12,-6
5/1/12,-4.9
5/2/12,-4.7
5/3/12,-3.9
5/4/12,-4.2
5/5/12,-5
5/6/12,-5.7
5/7/12,-6.2
5/8/12,-6.8
5/9/12,-7
5/10/12,-5.8
5/11/12,-6.4
5/12/12,-6.8
5/13/12,-5.9
5/14/12,-4.9
5/15/12,-5.8
5/16/12,-6.4
5/17/12,-5.8
5/18/12,-6
5/19/12,-6.5
5/20/12,-7
5/21/12,-5.6
5/22/12,-5.8
5/23/12,-5.4
5/24/12,-5.6
5/25/12,-1.4
5/26/12,-4.6
5/27/12,-5.3
5/28/12,-5.6
5/29/12,-6.1
5/30/12,-6.9
5/31/12,-7.5
6/1/12,-7.7
6/2/12,-6.7
6/3/12,-6.8
6/4/12,2.1
6/5/12,-4.6
6/6/12,-5.6
6/7/12,-6.4
6/8/12,-6.2
6/9/12,-5.7
6/10/12,-6.8
6/11/12,-7.5
6/12/12,-7.4
6/13/12,-7
6/14/12,-7.1
6/15/12,-7.4
6/16/12,-8.3
6/17/12,-8.3
6/18/12,-7.2
6/19/12,-6.9
6/20/12,-7.5
6/21/12,-6.4
6/22/12,-5.3
6/23/12,-5.2
6/24/12,-5.4
6/25/12,-5.3
6/26/12,-5.9
6/27/12,-6.8
6/28/12,-6.8
6/29/12,-6.3
6/30/12,-6.4
7/1/12,-5.9
7/2/12,-7.1
7/3/12,-6.9
7/4/12,-7.4
7/5/12,-6.6
7/6/12,-7.1
7/7/12,-7.6
7/8/12,-7.5
7/9/12,-7.6
7/10/12,-8.2
7/11/12,-8.2
7/12/12,-8.2
7/13/12,-7.4
7/14/12,-6.7
7/15/12,-7.2
7/16/12,-6.2
7/17/12,-5.1
7/18/12,-5.9
7/19/12,-6.3
7/20/12,-7
7/21/12,-7.6
7/22/12,-7.1
7/23/12,-7.2
7/24/12,-7
7/25/12,-6.9
7/26/12,-6.4
7/27/12,-6.4
7/28/12,-6.6
7/29/12,-6.8
7/30/12,-7.3
7/31/12,-7.3
8/1/12,-7.3
8/2/12,-7.3
8/3/12,-6.7
8/4/12,-5.5
8/5/12,-6.4
8/6/12,-6.9
8/7/12,-7
8/8/12,-7.1
8/9/12,-7.4
8/10/12,-7.5
8/11/12,-7.7
8/12/12,-7.2
8/13/12,-7.2
8/14/12,-6.7
8/15/12,-6.6
8/16/12,-6.6
8/17/12,-6.5
8/18/12,-6
8/19/12,-6.3
8/20/12,-6.6
8/21/12,-6.2
8/22/12,-5.9
8/23/12,-6
8/24/12,-5.9
8/25/12,-5.7
8/26/12,-5
8/27/12,-5.8
8/28/12,-6
8/29/12,-6.1
8/30/12,-6.1
8/31/12,-4.7
9/1/12,-4.9
9/2/12,-5.6
9/3/12,-6
9/4/12,-5.7
9/5/12,-4.3
9/6/12,-5.1
9/7/12,-5.2
9/8/12,-5.1
9/9/12,-5.2
9/10/12,-5.2
9/11/12,-5.3
9/12/12,-5.1
9/13/12,-5.5
9/14/12,-5.3
9/15/12,-5.3
9/16/12,-5.2
9/17/12,-4.6
9/18/12,-4.5
9/19/12,-4.5
9/20/12,-4.6
9/21/12,-4.7
9/22/12,-5.1
9/23/12,-4.9
9/24/12,-4.2
9/25/12,-4.6
9/26/12,-4.5
9/27/12,-4.7
9/28/12,-4.4
9/29/12,-4.4
9/30/12,-4.8
10/1/12,-4.9
10/2/12,-4.9
10/3/12,-4.6
10/4/12,-3.7
10/5/12,-3.2
10/6/12,-3.2
10/7/12,-3.3
10/8/12,-3.1
10/9/12,-3.1
10/10/12,-3.2
10/11/12,-2.1
10/12/12,-2.1
10/13/12,-2.8
10/14/12,-3.2
10/15/12,-3.3
10/16/12,-3.3
10/17/12,-3.2
10/18/12,-3.7
10/19/12,-3.1
10/20/12,-2.9
10/21/12,-0.3
10/22/12,8.4
10/23/12,-1.2
10/24/12,-1.7
10/25/12,-2.2
10/26/12,-2.4
10/27/12,-2.7
10/28/12,-2.9
10/29/12,-2.9
10/30/12,-2.8
10/31/12,-0.1
11/1/12,-1
11/2/12,-2.1
11/3/12,-2.4
11/4/12,-2.5
11/5/12,-2.7
11/6/12,-2.7
11/7/12,-2.6
11/8/12,4.3
11/9/12,0.6
11/10/12,-1.5
11/11/12,-1.6
11/12/12,-1.8
11/13/12,-1.9
11/14/12,-2
11/15/12,-1.9
11/16/12,4.7
11/17/12,11.2
11/18/12,-0.4
11/19/12,-1.7
11/20/12,1.6
11/21/12,0.8
11/22/12,-1.6
11/23/12,-1.7
11/24/12,-1.7
11/25/12,-1.6
11/26/12,-1.7
11/27/12,-1.3
11/28/12,7.8
11/29/12,6.3
11/30/12,32.3
12/1/12,9.9
12/2/12,33.5
12/3/12,-1.3
12/4/12,1.2
12/5/12,9.4
12/6/12,-1
12/7/12,-1.3
12/8/12,-1.1
12/9/12,-1.3
12/10/12,-1.4
12/11/12,1.6
12/12/12,3.7
12/13/12,-1.1
12/14/12,-1
12/15/12,0.1
12/16/12,-0.1
12/17/12,4.3
12/18/12,-1
12/19/12,-1
12/20/12,-1.2
12/21/12,4.1
12/22/12,17.4
12/23/12,11.2
12/24/12,-1.1
12/25/12,12
12/26/12,0.6
12/27/12,-1
12/28/12,-0.9
12/29/12,-1
12/30/12,-1.1
12/31/12,-1
1/1/13,-1.1
1/2/13,-1.2
1/3/13,-1.2
1/4/13,-1.2
1/5/13,14.3
1/6/13,4.9
1/7/13,-1
1/8/13,-1.2
1/9/13,-0.9
1/10/13,-1.1
1/11/13,-1.1
1/12/13,-1
1/13/13,-1
1/14/13,-1.1
1/15/13,-1.2
1/16/13,-1.5
1/17/13,-1.6
1/18/13,-1.6
1/19/13,-1.7
1/20/13,-1.7
1/21/13,-1.7
1/22/13,-1.8
1/23/13,-0.6
1/24/13,4.1
1/25/13,-1
1/26/13,-1.5
1/27/13,-1.4
1/28/13,-1.5
1/29/13,-1.6
1/30/13,-1.8
1/31/13,-1.9
2/1/13,-2
2/2/13,-1.7
2/3/13,-1.9
2/4/13,-2
2/5/13,-1.7
2/6/13,-1.6
2/7/13,-1
2/8/13,-1.5
2/9/13,-1.6
2/10/13,-1.7
2/11/13,-1.9
2/12/13,-2
2/13/13,-2.1
2/14/13,-2.3
2/15/13,-2.6
2/16/13,-2.4
2/17/13,-2.3
2/18/13,-2.1
2/19/13,6.7
2/20/13,-1.9
2/21/13,-2
2/22/13,-2.2
2/23/13,-1.9
2/24/13,-2.2
2/25/13,-2.4
2/26/13,-2.6
2/27/13,-2.7
2/28/13,-2.9
3/1/13,-3.1
3/2/13,-3.1
3/3/13,-0.5
3/4/13,-2.7
3/5/13,0.7
3/6/13,0.7
3/7/13,-1.9
3/8/13,-2.5
3/9/13,-2.9
3/10/13,-2.9
3/11/13,-3.2
3/12/13,-3.5
3/13/13,-3.9
3/14/13,-3.6
3/15/13,-3.4
3/16/13,-3.7
3/17/13,-3.3
3/18/13,-3.3
3/19/13,0.9
3/20/13,-2.4
3/21/13,-2.9
3/22/13,-3
3/23/13,-3.3
3/24/13,-3.8
3/25/13,-3.6
3/26/13,-3.5
3/27/13,-3.5
3/28/13,-3.5
3/29/13,-4.2
3/30/13,18.1
3/31/13,2.5
4/1/13,-3
4/2/13,-3.6
4/3/13,-1.5
4/4/13,2.6
4/5/13,-3.1
4/6/13,-3.3
4/7/13,2.2
4/8/13,-3.1
4/9/13,-4
4/10/13,-4.9
4/11/13,-4.2
4/12/13,-4.6
4/13/13,-4.4
4/14/13,-4.1
4/15/13,-2.8
4/16/13,-3.6
4/17/13,-3.9
4/18/13,-4.5
4/19/13,-5.2
4/20/13,-5.1
4/21/13,-5.5
4/22/13,-5.5
4/23/13,-5.3
4/24/13,-5.6
4/25/13,-4.7
4/26/13,-5.3
4/27/13,-5.9
4/28/13,-6.1
4/29/13,-5.9
4/30/13,-5.1
5/1/13,-5.7
5/2/13,-6.3
5/3/13,-6.4
5/4/13,-6.3
5/5/13,-4.3
5/6/13,-1.6
5/7/13,-3.3
5/8/13,-4.7
5/9/13,-5.3
5/10/13,-5.9
5/11/13,-6.8
5/12/13,-6.7
5/13/13,-6.7
5/14/13,-6.4
5/15/13,-5.5
5/16/13,-4
5/17/13,-5.2
5/18/13,-5.7
5/19/13,-5.9
5/20/13,-6.5
5/21/13,-5.8
5/22/13,-4.7
5/23/13,-4.9
5/24/13,-5.8
5/25/13,-5.5
5/26/13,-5.3
5/27/13,-4
5/28/13,-4.7
5/29/13,-5.5
5/30/13,-6.1
5/31/13,-6.9
6/1/13,-7.4
6/2/13,-7.4
6/3/13,-7
6/4/13,-6.3
6/5/13,-6.4
6/6/13,-6.9
6/7/13,-7.8
6/8/13,-8.5
6/9/13,-6.4
6/10/13,-5.1
6/11/13,-6.2
6/12/13,-6.8
6/13/13,-6.4
6/14/13,-6.7
6/15/13,-7.1
6/16/13,-7.1
6/17/13,-6.5
6/18/13,-5.5
6/19/13,-5.9
6/20/13,-6.4
6/21/13,-6.8
6/22/13,-7.3
6/23/13,-4.6
6/24/13,0.2
6/25/13,-5.7
6/26/13,-6.7
6/27/13,-7.4
6/28/13,-8.1
6/29/13,-8.3
6/30/13,-8.3
7/1/13,-8.1
7/2/13,-8.2
7/3/13,-7.8
7/4/13,-8.1
7/5/13,-7
7/6/13,-7.1
7/7/13,-7.3
7/8/13,-7.7
7/9/13,-8.2
7/10/13,-7.4
7/11/13,-7
7/12/13,-7.1
7/13/13,-7.5
7/14/13,-7.2
7/15/13,-6.8
7/16/13,-6.4
7/17/13,-6.8
7/18/13,-7.4
7/19/13,-7.6
7/20/13,-7.5
7/21/13,-7.2
7/22/13,-6.3
7/23/13,-5.8
7/24/13,-7.3
7/25/13,-7.2
7/26/13,-7.2
7/27/13,-7
7/28/13,-6.9
7/29/13,-6.2
7/30/13,-6.5
7/31/13,-6.5
8/1/13,-6.3
8/2/13,-6.7
8/3/13,-6.6
8/4/13,-6.4
8/5/13,-6.4
8/6/13,-6.1
8/7/13,-5.4
8/8/13,-5.5
8/9/13,-5.8
8/10/13,-5.7
8/11/13,-6.1
8/12/13,-6.1
8/13/13,-6.5
8/14/13,-6.5
8/15/13,-6.6
8/16/13,-6.6
8/17/13,-6.2
8/18/13,-6.4
8/19/13,-7
8/20/13,-6.2
8/21/13,-6
8/22/13,-5.8
8/23/13,-5.6
8/24/13,-5.7
8/25/13,-5.7
8/26/13,-5.3
8/27/13,-5.8
8/28/13,-5.7
8/29/13,-5.6
8/30/13,-6.1
8/31/13,-5.9
9/1/13,-5.3
9/2/13,-4.3
9/3/13,-4.9
9/4/13,-5.1
9/5/13,-5.1
9/6/13,-5.6
9/7/13,-6.1
9/8/13,-5.9
9/9/13,-6
9/10/13,-5.5
9/11/13,-4.4
9/12/13,-4.8
9/13/13,-5
9/14/13,-5
9/15/13,-4.7
9/16/13,-4.8
9/17/13,-4.1
9/18/13,-4.4
9/19/13,-5
9/20/13,-4.1
9/21/13,5.3
9/22/13,-3.3
9/23/13,-4.1
9/24/13,-4
9/25/13,-3.1
9/26/13,-3.4
9/27/13,-3.7
9/28/13,-4.3
9/29/13,-3.9
9/30/13,-3.5
10/1/13,-3.3
10/2/13,-3.6
10/3/13,-3.2
10/4/13,-3.7
10/5/13,-4
10/6/13,-4.1
10/7/13,-4
10/8/13,-3.1
10/9/13,-2.6
10/10/13,-3
10/11/13,-3.2
10/12/13,-3.3
10/13/13,-3
10/14/13,-3.2
10/15/13,-3.3
10/16/13,-3.5
10/17/13,-3.4
10/18/13,-3.5
10/19/13,-3.4
10/20/13,-3.4
10/21/13,-3.3
10/22/13,-3.3
10/23/13,-3.2
10/24/13,-2.7
10/25/13,-2.8
10/26/13,-3
10/27/13,-3
10/28/13,-1.9
10/29/13,-2
10/30/13,-2.2
10/31/13,-2.4
11/1/13,-2.7
11/2/13,-2.6
11/3/13,-1.8
11/4/13,-2.1
11/5/13,-2.2
11/6/13,-2.3
11/7/13,-2.4
11/8/13,-2.4
11/9/13,-2.4
11/10/13,-2.4
11/11/13,-2.1
11/12/13,-2.1
11/13/13,-2.4
11/14/13,-2.1
11/15/13,-1.9
11/16/13,-1.8
11/17/13,-1.8
11/18/13,-1.7
11/19/13,12.3
11/20/13,18.2
11/21/13,-1.4
11/22/13,-1.4
11/23/13,-1.5
11/24/13,-1.6
11/25/13,-1.6
11/26/13,-1.5
11/27/13,-1.5
11/28/13,-1.7
11/29/13,-1.7
11/30/13,-1.6
12/1/13,-1.7
12/2/13,-1
12/3/13,-1.1
12/4/13,-1.1
12/5/13,-1
12/6/13,9.1
12/7/13,-0.6
12/8/13,-0.8
12/9/13,-1
12/10/13,-1.1
12/11/13,-1.3
12/12/13,-1.4
12/13/13,-1.3
12/14/13,-1.4
12/15/13,-1.4
12/16/13,-1.5
12/17/13,-1.5
12/18/13,-1.5
12/19/13,-1.3
12/20/13,-1.2
12/21/13,-1.3
12/22/13,-1.5
12/23/13,-1.5
12/24/13,-1.6
12/25/13,-1.6
12/26/13,-1.6
12/27/13,-1.4
12/28/13,-1.5
12/29/13,-1.5
12/30/13,-1.6
12/31/13,-1.5
1/1/14,-1.6
1/2/14,-1.6
1/3/14,-1.6
1/4/14,-1.6
1/5/14,-1.6
1/6/14,-1.4
1/7/14,-1.5
1/8/14,-1.3
1/9/14,-1.4
1/10/14,-1.5
1/11/14,-1.3
1/12/14,-1.5
1/13/14,-1.6
1/14/14,-1.8
1/15/14,-1.8
1/16/14,-1.9
1/17/14,-1.9
1/18/14,-2
1/19/14,-2
1/20/14,-2
1/21/14,-2
1/22/14,-1.9
1/23/14,-1.8
1/24/14,-2.1
1/25/14,-2.1
1/26/14,-2
1/27/14,-1.9
1/28/14,-1.9
1/29/14,5.3
1/30/14,0.3
1/31/14,-1.7
2/1/14,-1.7
2/2/14,-0.2
2/3/14,-1.6
2/4/14,-1.6
2/5/14,1.1
2/6/14,1.6
2/7/14,11.8
2/8/14,22.1
2/9/14,8.9
2/10/14,-1.1
2/11/14,-1.8
2/12/14,-2
2/13/14,-2.4
2/14/14,-2.2
2/15/14,0
2/16/14,-2.3
2/17/14,-2.3
2/18/14,-2.2
2/19/14,-2.2
2/20/14,-2.3
2/21/14,-2.6
2/22/14,-2.7
2/23/14,-2.9
2/24/14,-3
2/25/14,-2.8
2/26/14,10.3
2/27/14,6.7
2/28/14,16.2
3/1/14,-2.1
3/2/14,0.3
3/3/14,6.9
3/4/14,-2.3
3/5/14,8.3
3/6/14,-2.6
3/7/14,-2.7
3/8/14,-3
3/9/14,-3
3/10/14,-1.2
3/11/14,-2.7
3/12/14,-3.5
3/13/14,-3.6
3/14/14,-3.3
3/15/14,-3.7
3/16/14,-4.1
3/17/14,-3
3/18/14,-3.3
3/19/14,-3.8
3/20/14,-3.8
3/21/14,-3.7
3/22/14,-3.8
3/23/14,-3.9
3/24/14,-4.3
3/25/14,-1
3/26/14,7
3/27/14,-2.3
3/28/14,-3.5
3/29/14,14.8
3/30/14,-2.2
3/31/14,2.9
4/1/14,7.5
4/2/14,-2.7
4/3/14,-3.3
4/4/14,-2.8
4/5/14,-3.5
4/6/14,-4.2
4/7/14,-4.7
4/8/14,-5
4/9/14,-4.8
4/10/14,-4.9
4/11/14,-4.4
4/12/14,-4.2
4/13/14,-4.4
4/14/14,-4.9
4/15/14,-4.9
4/16/14,-4.9
4/17/14,-5.3
4/18/14,-4.6
4/19/14,-4.6
4/20/14,-5.1
4/21/14,-5.1
4/22/14,-3.7
4/23/14,-4.1
4/24/14,-0.4
4/25/14,14.5
4/26/14,-3.4
4/27/14,-4
4/28/14,-4.7
4/29/14,-5.5
4/30/14,-6.3
5/1/14,-6.6
5/2/14,-6.1
5/3/14,-4.9
5/4/14,-4.6
5/5/14,-4.2
5/6/14,-3.6
5/7/14,-4.8
5/8/14,-4.4
5/9/14,-4.8
5/10/14,-4.5
5/11/14,-5.4
5/12/14,-6.2
5/13/14,-6.9
5/14/14,-7
5/15/14,-7.2
5/16/14,-6.7
5/17/14,-5.6
5/18/14,-5.1
5/19/14,-4.8
5/20/14,-4.5
5/21/14,-3.9
5/22/14,-5.8
5/23/14,-6.6
5/24/14,-6.4
5/25/14,-7
5/26/14,-7.1
5/27/14,-6.6
5/28/14,-5.7
5/29/14,-6.3
5/30/14,-6.6
5/31/14,-6.4
6/1/14,-7.2
6/2/14,-6.6
6/3/14,-6.6
6/4/14,-7.2
6/5/14,-7.2
6/6/14,-7.1
6/7/14,-7.5
6/8/14,-8.2
6/9/14,-8.6
6/10/14,-7.8
6/11/14,-6.8
6/12/14,-6.5
6/13/14,-6.5
6/14/14,-6.6
6/15/14,-6.1
6/16/14,-5.9
6/17/14,-6
6/18/14,-7
6/19/14,-7.4
6/20/14,-7.5
6/21/14,-6.4
6/22/14,-7
6/23/14,-7.3
6/24/14,-7
6/25/14,-5.4
6/26/14,-5.8
6/27/14,-6.6
6/28/14,-6.7
6/29/14,-7.6
6/30/14,-8.1
7/1/14,-7.8
7/2/14,-7.4
7/3/14,-7.5
7/4/14,-8
7/5/14,-7.7
7/6/14,-7.8
7/7/14,-6.9
7/8/14,-7.9
7/9/14,-7.3
7/10/14,-6.4
7/11/14,-6.2
7/12/14,-6.8
7/13/14,-7.4
7/14/14,-7.6
7/15/14,-6.3
7/16/14,-6.2
7/17/14,-6.1
7/18/14,-6.1
7/19/14,-6.9
7/20/14,-6
7/21/14,-5.9
7/22/14,-6
7/23/14,-5.8
7/24/14,-6.8
7/25/14,-7.5
7/26/14,-7.7
7/27/14,-7.1
7/28/14,-7.1
7/29/14,-6.9
7/30/14,-7.3
7/31/14,-7.5
8/1/14,-7.9
8/2/14,-7.3
8/3/14,-5.6
8/4/14,-5
8/5/14,-5.6
8/6/14,-5.9
8/7/14,-6.5
8/8/14,-6.4
8/9/14,-6.7
8/10/14,-5.9
8/11/14,-6.9
8/12/14,-6.1
8/13/14,-5.9
8/14/14,-6
8/15/14,-6.4
8/16/14,-6.4
8/17/14,-6.5
8/18/14,-6.3
8/19/14,-5.5
8/20/14,-5.4
8/21/14,-5.9
8/22/14,-5.9
8/23/14,-5.6
8/24/14,-5.6
8/25/14,-5.1
8/26/14,-5.5
8/27/14,-6
8/28/14,-6.1
8/29/14,-5.7
8/30/14,-6.1
8/31/14,-5.6
9/1/14,-6.1
9/2/14,-6.1
9/3/14,-5.4
9/4/14,-5.5
9/5/14,-5.3
9/6/14,-5.5
9/7/14,-5.5
9/8/14,-5
9/9/14,-5.1
9/10/14,-5.7
9/11/14,-5.8
9/12/14,-5.9
9/13/14,-5.5
9/14/14,-5.6
9/15/14,-5.3
9/16/14,-5
9/17/14,-5.2
9/18/14,-4.2
9/19/14,-4.3
9/20/14,-4.4
9/21/14,-4.2
9/22/14,-4.4
9/23/14,-4.7
9/24/14,-4.5
9/25/14,3
9/26/14,-3.4
9/27/14,-3.3
9/28/14,-3
9/29/14,-3.8
9/30/14,-3.7
10/1/14,-3.9
10/2/14,-4.5
10/3/14,-4.7
10/4/14,-4.7
10/5/14,-4.7
10/6/14,-4.6
10/7/14,-4.4
10/8/14,-4.5
10/9/14,-4
10/10/14,-3.7
10/11/14,-3.8
10/12/14,-3.8
10/13/14,-4.1
10/14/14,-3.4
10/15/14,-2.7
10/16/14,-2.9
10/17/14,-2.9
10/18/14,-3.1
10/19/14,-3.4
10/20/14,-2.8
10/21/14,-2.6
10/22/14,-2.8
10/23/14,-2.8
10/24/14,-3.1
10/25/14,1.7
10/26/14,-2.3
10/27/14,-2.4
10/28/14,-2.7
10/29/14,-2.9
10/30/14,-2.8
10/31/14,10.7
11/1/14,-0.7
11/2/14,-2
11/3/14,-2.1
11/4/14,-2.2
11/5/14,-2.3
11/6/14,-2.5
11/7/14,-2.4
11/8/14,-2.4
11/9/14,-2.5
11/10/14,-2.4
11/11/14,-1.7
11/12/14,2.5
11/13/14,2.5
11/14/14,-1.8
11/15/14,-1.7
11/16/14,-1.4
11/17/14,-1.8
11/18/14,-1.8
11/19/14,-0.7
11/20/14,0.5
11/21/14,-0.9
11/22/14,4
11/23/14,-1.5
11/24/14,-1.6
11/25/14,-1.7
11/26/14,-1.8
11/27/14,-1.8
11/28/14,-0.8
11/29/14,3.1
11/30/14,8
12/1/14,0.2
12/2/14,16.8
12/3/14,10.3
12/4/14,-0.9
12/5/14,1.9
12/6/14,-1.5
12/7/14,-1.3
12/8/14,-1.3
12/9/14,-1
12/10/14,1.4
12/11/14,60.7
12/12/14,5
12/13/14,-0.9
12/14/14,0.3
12/15/14,12.1
12/16/14,9
12/17/14,-0.4
12/18/14,-1
12/19/14,12.8
12/20/14,1.2
12/21/14,-1.2
12/22/14,-1.2
12/23/14,-1.3
12/24/14,0.6
12/25/14,-1.2
12/26/14,-1.2
12/27/14,-1.2
12/28/14,-1.2
12/29/14,-1.1
12/30/14,-1.2
12/31/14,-1.1
1/1/15,-1.1
1/2/15,-1.2
1/3/15,-1.3
1/4/15,-1.3
1/5/15,-1.4
1/6/15,-1.6
1/7/15,-1.7
1/8/15,-1.6
1/9/15,-1.3
1/10/15,-1.5
1/11/15,-1.5
1/12/15,-1.5
1/13/15,-1.3
1/14/15,-1.2
1/15/15,-1
1/16/15,-1.2
1/17/15,-0.9
1/18/15,-1.1
1/19/15,-0.9
1/20/15,-1.1
1/21/15,-1.2
1/22/15,-1.3
1/23/15,-1.2
1/24/15,-1.1
1/25/15,-1.4
1/26/15,-1.6
1/27/15,-1.7
1/28/15,-1.8
1/29/15,-1.9
1/30/15,-1.9
1/31/15,-2
2/1/15,-2
2/2/15,-2.1
2/3/15,-2.1
2/4/15,-2.2
2/5/15,-1.9
2/6/15,16.1
2/7/15,13.7
2/8/15,20.6
2/9/15,-2.1
2/10/15,-1.9
2/11/15,-2.2
2/12/15,-2.5
2/13/15,-2.7
2/14/15,-2.6
2/15/15,-2.6
2/16/15,-2.5
2/17/15,-2.3
2/18/15,-2.3
2/19/15,-1.8
2/20/15,-1.5
2/21/15,-1.8
2/22/15,0.6
2/23/15,-1.8
2/24/15,-2.5
2/25/15,-2.5
2/26/15,-2.7
2/27/15,-2.3
2/28/15,-0.1
3/1/15,-2.4
3/2/15,-2.2
3/3/15,-2.5
3/4/15,-2.7
3/5/15,-3.1
3/6/15,-3.2
3/7/15,-3.3
3/8/15,-3.4
3/9/15,-3.5
3/10/15,-3.5
3/11/15,1
3/12/15,-3.2
3/13/15,-3.6
3/14/15,-4
3/15/15,-4.1
3/16/15,-3.2
3/17/15,-3.4
3/18/15,-3.5
3/19/15,-4
3/20/15,-3.8
3/21/15,-3.7
3/22/15,-2.6
3/23/15,-3.1
3/24/15,-3.2
3/25/15,-3.8
3/26/15,-4.6
3/27/15,-4.7
3/28/15,-4.4
3/29/15,-4.7
3/30/15,-4.9
3/31/15,-3.7
4/1/15,-3.4
4/2/15,-3.8
4/3/15,-4.3
4/4/15,-4.1
4/5/15,-2.5
4/6/15,-1.9
4/7/15,20.5
4/8/15,-3.3
4/9/15,-3.9
4/10/15,-4.3
4/11/15,-4.2
4/12/15,-4.7
4/13/15,-5
4/14/15,-3.5
4/15/15,-4.4
4/16/15,-5
4/17/15,-5.3
4/18/15,-5.4
4/19/15,-5.4
4/20/15,-4.9
4/21/15,-4.2
4/22/15,-4.1
4/23/15,-4.7
4/24/15,10.6
4/25/15,-2
4/26/15,-4.6
4/27/15,-5.5
4/28/15,-5.8
4/29/15,-5.6
4/30/15,-6
5/1/15,-6.6
5/2/15,-6.3
5/3/15,-5.6
5/4/15,-5.3
5/5/15,-5.3
5/6/15,-4.6
5/7/15,-0.9
5/8/15,-4.3
5/9/15,-5.2
5/10/15,-5.8
5/11/15,-5.3
5/12/15,-4.6
5/13/15,-4.5
5/14/15,1.6
5/15/15,-4.5
5/16/15,-5.3
5/17/15,-4.3
5/18/15,-4.8
5/19/15,-5.2
5/20/15,-5.2
5/21/15,-4.4
5/22/15,-4.7
5/23/15,-5
5/24/15,-6
5/25/15,-5.9
5/26/15,-5.8
5/27/15,-6.1
5/28/15,-6
5/29/15,-6.8
5/30/15,-6.9
5/31/15,-6.3
6/1/15,-5.9
6/2/15,-6
6/3/15,-6.1
6/4/15,-6
6/5/15,-6.5
6/6/15,-6.6
6/7/15,-7.3
6/8/15,-8.3
6/9/15,-6.4
6/10/15,-4.5
6/11/15,-6.9
6/12/15,-7.8
6/13/15,-8.3
6/14/15,-7.5
6/15/15,-7.3
6/16/15,-7.6
6/17/15,-7.9
6/18/15,-7.8
6/19/15,-7.6
6/20/15,-7.8
6/21/15,-7.1
6/22/15,-7.2
6/23/15,-7.4
6/24/15,-7.7
6/25/15,-8.2
6/26/15,-8.5
6/27/15,-7.1
6/28/15,-7
6/29/15,-7.6
6/30/15,-8.3
7/1/15,-7.3
7/2/15,-7.2
7/3/15,-7.4
7/4/15,-7.7
7/5/15,-6.9
7/6/15,-6.5
7/7/15,-6.4
7/8/15,-6.2
7/9/15,-5.6
7/10/15,-5.4
7/11/15,-6.3
7/12/15,-6.1
7/13/15,-6.7
7/14/15,-6.7
7/15/15,-7.2
7/16/15,-7.2
7/17/15,-7.3
7/18/15,-6.7
7/19/15,-6.6
7/20/15,-6.7
7/21/15,-7
7/22/15,-6.6
7/23/15,-6.2
7/24/15,-6.8
7/25/15,-6.6
7/26/15,-6.7
7/27/15,-7
7/28/15,-7.6
7/29/15,-8
7/30/15,-7.4
7/31/15,-6.6
8/1/15,-6.3
8/2/15,-6.4
8/3/15,-6.1
8/4/15,-5.3
8/5/15,-5.9
8/6/15,-5.4
8/7/15,-6.2
8/8/15,-6.1
8/9/15,-6.4
8/10/15,-5.9
8/11/15,-6.1
8/12/15,-6
8/13/15,-6.1
8/14/15,-6
8/15/15,-6.7
8/16/15,-7.1
8/17/15,-7.3
8/18/15,-6.7
8/19/15,-6.3
8/20/15,-5.9
8/21/15,-5.9
8/22/15,-5.9
8/23/15,-5.9
8/24/15,-6
8/25/15,-6.4
8/26/15,-6.4
8/27/15,-6.4
8/28/15,-6.8
8/29/15,-5.2
8/30/15,-5.1
8/31/15,-5.7
9/1/15,-5.9
9/2/15,-5
9/3/15,-4.7
9/4/15,-4.8
9/5/15,-4.8
9/6/15,-5.5
9/7/15,-5.7
9/8/15,-6.2
9/9/15,-6.4
9/10/15,-6.1
9/11/15,-5.5
9/12/15,-4.1
9/13/15,-4.7
9/14/15,-3.9
9/15/15,-4.1
9/16/15,-4
9/17/15,-3.8
9/18/15,-4.6
9/19/15,-5.2
9/20/15,-5.7
9/21/15,-5.5
9/22/15,-5
9/23/15,-4.6
9/24/15,-4.9
9/25/15,-4.9
9/26/15,-4.9
9/27/15,-4.5
9/28/15,-4.1
9/29/15,-3.2
9/30/15,-1.1
10/1/15,-0.1
10/2/15,-3.9
10/3/15,-4.2
10/4/15,-3.3
10/5/15,-3.5
10/6/15,-3.5
10/7/15,-3.7
10/8/15,-3.9
10/9/15,-4.2
10/10/15,-4.2
10/11/15,-3.9
10/12/15,-4.2
10/13/15,-4.3
10/14/15,-3.8
10/15/15,-3.3
10/16/15,-1.6
10/17/15,-0.4
10/18/15,-2.6
10/19/15,-2.7
10/20/15,-3.1
10/21/15,-3.1
10/22/15,-3.2
10/23/15,-3.1
10/24/15,-3.2
10/25/15,-3
10/26/15,-3.1
10/27/15,-0.6
10/28/15,-1.7
10/29/15,-2.6
10/30/15,-2.7
10/31/15,-3
11/1/15,5.2
11/2/15,14.7
11/3/15,-1.8
11/4/15,-2
11/5/15,-2
11/6/15,-2
11/7/15,-2.1
11/8/15,12.3
11/9/15,4.8
11/10/15,-1.4
11/11/15,-1.7
11/12/15,-1.8
11/13/15,-1.9
11/14/15,-1.4
11/15/15,3.9
11/16/15,-1.5
11/17/15,-1.6
11/18/15,-1.8
11/19/15,-1.8
11/20/15,-1.8
11/21/15,-1.9
11/22/15,-2
11/23/15,-1.8
11/24/15,3.7
11/25/15,-0.6
11/26/15,-1.2
11/27/15,-1.3
11/28/15,-1.4
11/29/15,-1.4
11/30/15,-1.2
12/1/15,-1.4
12/2/15,-1.3
12/3/15,2.4
12/4/15,-1.5
12/5/15,-1.3
12/6/15,-1.7
12/7/15,-1.4
12/8/15,-1.2
12/9/15,-0.6
12/10/15,11.6
12/11/15,0.3
12/12/15,-1.3
12/13/15,6.8
12/14/15,-1.1
12/15/15,-1.1
12/16/15,-1.2
12/17/15,-1.2
12/18/15,9.5
12/19/15,2.4
12/20/15,2
12/21/15,34
12/22/15,2.3
12/23/15,-0.5
12/24/15,5.8
12/25/15,-1
12/26/15,-1
12/27/15,0
12/28/15,0.4
12/29/15,-1.1
12/30/15,-1.1
12/31/15,-1.1
1/1/16,-1
1/2/16,-1
1/3/16,-1.3
1/4/16,7
1/5/16,18.7
1/6/16,8.7
1/7/16,-1.1
1/8/16,-0.5
1/9/16,-1
1/10/16,-1.2
1/11/16,-1.3
1/12/16,-0.7
1/13/16,0.5
1/14/16,1.8
1/15/16,3.1
1/16/16,-0.2
1/17/16,18.9
1/18/16,10.7
1/19/16,20.1
1/20/16,-1.5
1/21/16,-1.3
1/22/16,12.5
1/23/16,0.2
1/24/16,-1.4
1/25/16,-1.5
1/26/16,-1.6
1/27/16,-1.7
1/28/16,-1
1/29/16,10.1
1/30/16,0.9
1/31/16,1.1
2/1/16,-1.4
2/2/16,-1.3
2/3/16,-1.5
2/4/16,-1.6
2/5/16,-2
2/6/16,-2.1
2/7/16,-2.2
2/8/16,-2.5
2/9/16,-2.5
2/10/16,-2.5
2/11/16,-2.5
2/12/16,-2.4
2/13/16,-2.5
2/14/16,-2.6
2/15/16,-2.6
2/16/16,-2.7
2/17/16,10.5
2/18/16,-1.1
2/19/16,-2.2
2/20/16,-2
2/21/16,-2.4
2/22/16,-2.6
2/23/16,-2.7
2/24/16,-2.9
2/25/16,-3
2/26/16,-3
2/27/16,-2.6
2/28/16,-2.6
2/29/16,-2.5
3/1/16,-3.1
3/2/16,-3.1
3/3/16,-1.7
3/4/16,10.9
3/5/16,24.6
3/6/16,18.5
3/7/16,3.3
3/8/16,-2.3
3/9/16,-2.6
3/10/16,-1.1
3/11/16,18.5
3/12/16,2.2
3/13/16,23.6
3/14/16,-2.5
3/15/16,-3
3/16/16,-3.2
3/17/16,-3.7
3/18/16,-3.7
3/19/16,-3.6
3/20/16,-2.1
3/21/16,1.4
3/22/16,-2.8
3/23/16,-3.3
3/24/16,-3.6
3/25/16,-3.6
3/26/16,-3.8
3/27/16,-3.6
3/28/16,-2.7
3/29/16,-3.2
3/30/16,-3.6
3/31/16,-3.8
4/1/16,-3.9
4/2/16,-4.3
4/3/16,-4.1
4/4/16,-4.2
4/5/16,-4.5
4/6/16,-5.2
4/7/16,-4.3
4/8/16,12.7
4/9/16,18.9
4/10/16,-1.9
4/11/16,-3.5
4/12/16,-3.4
4/13/16,-2.2
4/14/16,-2.8
4/15/16,-4.2
4/16/16,-4.7
4/17/16,-5.4
4/18/16,-5.6
4/19/16,-5.4
4/20/16,-5.2
4/21/16,-4.6
4/22/16,3.6
4/23/16,-4
4/24/16,-4.3
4/25/16,-4
4/26/16,-4.3
4/27/16,3.7
4/28/16,-4.9
4/29/16,-4.7
4/30/16,-5.4
5/1/16,-5.9
5/2/16,-5.9
5/3/16,-5.5
5/4/16,-4.8
5/5/16,-3.4
5/6/16,0.4
5/7/16,-2.9
5/8/16,-4.3
5/9/16,-5.2
5/10/16,-5.9
5/11/16,-6
5/12/16,-6.4
5/13/16,-5.8
5/14/16,-5.2
5/15/16,-5.6
5/16/16,-6
5/17/16,-6.5
5/18/16,-7
5/19/16,-5.8
5/20/16,-4.4
5/21/16,-4.3
5/22/16,-4.9
5/23/16,-5
5/24/16,-4.9
5/25/16,-5.5
5/26/16,-6
5/27/16,-6.5
5/28/16,-6.7
5/29/16,-6.9
5/30/16,-7.3
5/31/16,-7.8
6/1/16,-8.3
6/2/16,-7.7
6/3/16,-8
6/4/16,-7.5
6/5/16,-7.7
6/6/16,-7.7
6/7/16,-7.3
6/8/16,-6.6
6/9/16,-6.4
6/10/16,-6.3
6/11/16,-6.4
6/12/16,-6.7
6/13/16,-6.7
6/14/16,-5.8
6/15/16,-5.1
6/16/16,-6
6/17/16,-6.5
6/18/16,-5.8
6/19/16,-7.1
6/20/16,-7.5
6/21/16,-8.1
6/22/16,-7.8
6/23/16,-7.4
6/24/16,-6.9
6/25/16,-8
6/26/16,-8.3
6/27/16,-8.2
6/28/16,-8.4
6/29/16,-8
6/30/16,-8.3
7/1/16,-8.3
7/2/16,-7.7
7/3/16,-7.5
7/4/16,-7.4
7/5/16,-6.9
7/6/16,-6.8
7/7/16,-6.6
7/8/16,-6.9
7/9/16,-6.7
7/10/16,-6.3
7/11/16,-6.9
7/12/16,-7.1
7/13/16,-7.9
7/14/16,-8.2
7/15/16,-8
7/16/16,-7.3
7/17/16,-7.3
7/18/16,-6.5
7/19/16,-6.7
7/20/16,-7
7/21/16,-7
7/22/16,-7.5
7/23/16,-8
7/24/16,-8.4
7/25/16,-7.9
7/26/16,-8.3
7/27/16,-8.2
7/28/16,-7.8
7/29/16,-8
7/30/16,-7.9
7/31/16,-7.2
8/1/16,-7
8/2/16,-7.1
8/3/16,-7.4
8/4/16,-6.7
8/5/16,-6.2
8/6/16,-6.7
8/7/16,-6.5
8/8/16,-6.8
8/9/16,-6.4
8/10/16,-6.6
8/11/16,-6.7
8/12/16,-6.9
8/13/16,-7.3
8/14/16,-7.4
8/15/16,-6.7
8/16/16,-7
8/17/16,-7.2
8/18/16,-6.6
8/19/16,-6.5
8/20/16,-6.4
8/21/16,-6.1
8/22/16,-5.8
8/23/16,-6
8/24/16,-6.1
8/25/16,-6.1
8/26/16,-5.4
8/27/16,-5.3
8/28/16,-5.7
8/29/16,-5.8
8/30/16,-5.7
8/31/16,-5.6
9/1/16,-5.5
9/2/16,-5.5
9/3/16,-5
9/4/16,-4.6
9/5/16,-5.1
9/6/16,-5.6
9/7/16,-5.9
9/8/16,-5.4
9/9/16,-5.7
9/10/16,-5.4
9/11/16,-5.1
9/12/16,-4.5
9/13/16,-3.8
9/14/16,-4.3
9/15/16,-4.8
9/16/16,-5
9/17/16,-5.5
9/18/16,-5.7
9/19/16,-5.9
9/20/16,-4.9
9/21/16,-4.3
9/22/16,-3.5
9/23/16,-4
9/24/16,-4.3
9/25/16,-5
9/26/16,-5.3
9/27/16,-5
9/28/16,-5
9/29/16,-4.5
9/30/16,-3.7
10/1/16,-3.5
10/2/16,-3.1
10/3/16,-2.6
10/4/16,-3.1
10/5/16,-3.2
10/6/16,-3.5
10/7/16,-3.8
10/8/16,-4.2
10/9/16,-4.3
10/10/16,-3.8
10/11/16,-3.1
10/12/16,-3.3
10/13/16,-3.2
10/14/16,5.9
10/15/16,2.6
10/16/16,23.6
10/17/16,-2.5
10/18/16,-2.6
10/19/16,-2.8
10/20/16,-3.1
10/21/16,-3.2
10/22/16,-2.9
10/23/16,-2.6
10/24/16,-2.1
10/25/16,-2.6
10/26/16,-3
10/27/16,11.1
10/28/16,20.2
10/29/16,-1.2
10/30/16,8.1
10/31/16,-1.4
11/1/16,-1.6
11/2/16,-2.2
11/3/16,-2.3
11/4/16,-2.4
11/5/16,-2.3
11/6/16,-2
11/7/16,-2.1
11/8/16,-2.3
11/9/16,-2.4
11/10/16,-2.4
11/11/16,-2.3
11/12/16,-2.2
11/13/16,-2.2
11/14/16,-2.3
11/15/16,-1.3
11/16/16,-1.6
11/17/16,-1.7
11/18/16,-1.9
11/19/16,10.6
11/20/16,9.6
11/21/16,-1.5
11/22/16,1.7
11/23/16,-1.3
11/24/16,-1.5
11/25/16,-1.4
11/26/16,16.6
11/27/16,0.6
11/28/16,-0.8
11/29/16,-1.3
11/30/16,-1.3
12/1/16,-1.2
12/2/16,-1.3
12/3/16,-1.4
12/4/16,-1.4
12/5/16,-1.1
12/6/16,-1.2
12/7/16,4
12/8/16,2.6
12/9/16,2.1
12/10/16,12.4
12/11/16,-0.9
12/12/16,-1
12/13/16,-1.1
12/14/16,-1.3
12/15/16,32.7
12/16/16,-1
12/17/16,-1
12/18/16,-1
12/19/16,-1.2
12/20/16,-1.3
12/21/16,-1.3
12/22/16,-1.4
12/23/16,14.7
12/24/16,-1.1
12/25/16,-1
12/26/16,-1.1
12/27/16,-1.2
12/28/16,-1.3
12/29/16,-1.4
12/30/16,-0.8
12/31/16,1.5
1/1/17,-0.9
1/2/17,2.6
1/3/17,17.1
1/4/17,13.4
1/5/17,-1.1
1/6/17,2.7
1/7/17,19.9
1/8/17,14.5
1/9/17,12.9
1/10/17,41.5
1/11/17,4.2
1/12/17,1.9
1/13/17,-1.2
1/14/17,-1.1
1/15/17,-0.9
1/16/17,-1
1/17/17,-0.1
1/18/17,19.3
1/19/17,6.8
1/20/17,19.6
1/21/17,5.5
1/22/17,12
1/23/17,1.9
1/24/17,-1.3
1/25/17,-1.4
1/26/17,-1.4
1/27/17,-1.5
1/28/17,-1.7
1/29/17,-1.7
1/30/17,-1.8
1/31/17,-1.8
2/1/17,2.4
2/2/17,1.3
2/3/17,9
2/4/17,-1.7
2/5/17,5.4
2/6/17,19.4
2/7/17,16.6
2/8/17,4.7
2/9/17,23.9
2/10/17,6.6
2/11/17,-1.8
2/12/17,-1.9
2/13/17,-2
2/14/17,-2.3
2/15/17,-1.2
2/16/17,1.8
2/17/17,5
2/18/17,-1.8
2/19/17,10.9
2/20/17,30.6
2/21/17,8.4
2/22/17,-1.8
2/23/17,-1.7
2/24/17,-1.9
2/25/17,-2
2/26/17,-1
2/27/17,-1.5
2/28/17,-2.1
3/1/17,-2.3
3/2/17,-2.6
3/3/17,-2.8
3/4/17,4.9
3/5/17,0.9
3/6/17,-2.1
3/7/17,-2.4
3/8/17,-2.9
3/9/17,-3.1
3/10/17,-3
3/11/17,-3.5
3/12/17,-3.6
3/13/17,-3.9
3/14/17,-4.1
3/15/17,-3.6
3/16/17,-3.5
3/17/17,-3.7
3/18/17,-3.2
3/19/17,-3.2
3/20/17,8
3/21/17,11.9
3/22/17,10
3/23/17,-2.9
3/24/17,3.1
3/25/17,-2.3
3/26/17,-1
3/27/17,-2.7
3/28/17,-3.5
3/29/17,-3.3
3/30/17,-2.4
3/31/17,-3.6
4/1/17,-4
4/2/17,-4.1
4/3/17,-3.9
4/4/17,-4.1
4/5/17,-4.3
4/6/17,9.2
4/7/17,12.2
4/8/17,1.8
4/9/17,-3.3
4/10/17,-3.7
4/11/17,-3.4
4/12/17,3.1
4/13/17,3.1
4/14/17,-3.4
4/15/17,-4
4/16/17,7.8
4/17/17,6.9
4/18/17,-0.5
4/19/17,-3.3
4/20/17,-3.7
4/21/17,-4.5
4/22/17,-4.1
4/23/17,-3.9
4/24/17,-3.3
4/25/17,-3.9
4/26/17,-2.9
4/27/17,-4.3
4/28/17,-4.5
4/29/17,-5.1
4/30/17,-5.7
5/1/17,-5.8
5/2/17,-5.8
5/3/17,-6.2
5/4/17,-6.7
5/5/17,-5.3
5/6/17,-2.5
5/7/17,-4.3
5/8/17,-5.5
5/9/17,-6.2
5/10/17,-5.2
5/11/17,-5
5/12/17,-4.3
5/13/17,-4.6
5/14/17,-4.7
5/15/17,-5
5/16/17,-4.1
5/17/17,-5
5/18/17,-6.1
5/19/17,-6.6
5/20/17,-7
5/21/17,-7.3
5/22/17,-7.4
5/23/17,-7.6
5/24/17,-6.8
5/25/17,-5.2
5/26/17,-4.6
5/27/17,-5.6
5/28/17,-6.4
5/29/17,-6.1
5/30/17,-4.3
5/31/17,-1.6
6/1/17,-6.1
6/2/17,-6.8
6/3/17,-7.1
6/4/17,-7.1
6/5/17,-7.3
6/6/17,-7.4
6/7/17,-6.4
6/8/17,-3.8
6/9/17,-5.3
6/10/17,-5.3
6/11/17,-4
6/12/17,-5.1
6/13/17,-6.1
6/14/17,-7.1
6/15/17,-7.3
6/16/17,-7.5
6/17/17,-7.5
6/18/17,-8.1
6/19/17,-8.6
6/20/17,-8.5
6/21/17,-8.3
6/22/17,-8.4
6/23/17,-8.1
6/24/17,-7.5
6/25/17,-7.4
6/26/17,-6.9
6/27/17,-6.9
6/28/17,-7.2
6/29/17,-7.4
6/30/17,-7.6
7/1/17,-6.8
7/2/17,-7.6
7/3/17,-7.5
7/4/17,-7.8
7/5/17,-7.4
7/6/17,-7.9
7/7/17,-8.2
7/8/17,-8.4
7/9/17,-8.3
7/10/17,-8.1
7/11/17,-7.9
7/12/17,-7.5
7/13/17,-7.4
7/14/17,-7.6
7/15/17,-7.4
7/16/17,-8.1
7/17/17,-8.2
7/18/17,-7.4
7/19/17,-7.3
7/20/17,-7
7/21/17,-7.3
7/22/17,-7.8
7/23/17,-7.9
7/24/17,-7.4
7/25/17,-6.9
7/26/17,-7
7/27/17,-7.6
7/28/17,-7.8
7/29/17,-7.4
7/30/17,-7.5
7/31/17,-7.5
8/1/17,-7.8
8/2/17,-7.5
8/3/17,-6.7
8/4/17,-5.7
8/5/17,-6.2
8/6/17,-6.6
8/7/17,-6.4
8/8/17,-6.6
8/9/17,-6.4
8/10/17,-6.4
8/11/17,-6.7
8/12/17,-6.8
8/13/17,-6.7
8/14/17,-5.6
8/15/17,-5.4
8/16/17,-5.9
8/17/17,-6.1
8/18/17,-6.1
8/19/17,-6.3
8/20/17,-5.8
8/21/17,-5.2
8/22/17,-6.1
8/23/17,-6.2
8/24/17,-6.1
8/25/17,-6.3
8/26/17,-6.9
8/27/17,-6.9
8/28/17,-7.3
8/29/17,-6.5
8/30/17,-6.5
8/31/17,-6.6
9/1/17,-6.5
9/2/17,-6.8
9/3/17,-6.3
9/4/17,-5.2
9/5/17,-5
9/6/17,-5.6
9/7/17,-4.5
9/8/17,-5
9/9/17,-5.3
9/10/17,-5.7
9/11/17,-5.3
9/12/17,-5.2
9/13/17,-4.5
9/14/17,-4.1
9/15/17,-4.3
9/16/17,-4.6
9/17/17,-4.9
9/18/17,-4.5
9/19/17,-3.9
9/20/17,-3.9
9/21/17,-3.3
9/22/17,-3.6
9/23/17,-3.9
9/24/17,-4.2
9/25/17,-4.3
9/26/17,-4.6
9/27/17,-4.8
9/28/17,-4.9
9/29/17,-4.4
9/30/17,-3.7
10/1/17,-3.6
10/2/17,-3.7
10/3/17,-3.5
10/4/17,-3.7
10/5/17,-3.9
10/6/17,-4
10/7/17,-4.1
10/8/17,-3.4
10/9/17,-3.5
10/10/17,-3.9
10/11/17,-3
10/12/17,-3
10/13/17,-3.3
10/14/17,-3
10/15/17,-3.6
10/16/17,-3.6
10/17/17,-3.4
10/18/17,-3.4
10/19/17,1.5
10/20/17,-2.1
10/21/17,-2.5
10/22/17,-2.8
10/23/17,-3.1
10/24/17,-3.4
10/25/17,-3.4
10/26/17,-3.4
10/27/17,-3.3
10/28/17,-3.2
10/29/17,-2.8
10/30/17,-2.4
10/31/17,-2.1
11/1/17,-2.3
11/2/17,-1.8
11/3/17,-1.2
11/4/17,-1.7
11/5/17,-1.8
11/6/17,-2
11/7/17,-2.1
11/8/17,2.4
11/9/17,1.3
11/10/17,-2
11/11/17,-1.9
11/12/17,-1.9
11/13/17,0.1
11/14/17,-1.8
11/15/17,4
11/16/17,21.6
11/17/17,-1.5
11/18/17,-1.7
11/19/17,-1.7
11/20/17,-1.4
11/21/17,-1.6
11/22/17,-1.9
11/23/17,-1.9
11/24/17,-1.9
11/25/17,-1.7
11/26/17,10.8
11/27/17,0.5
11/28/17,-1.5
11/29/17,-1.5
11/30/17,-1.6
12/1/17,-1.6
12/2/17,-0.6
12/3/17,-1.3
12/4/17,-1.4
12/5/17,-1.4
12/6/17,-1.5
12/7/17,-1.6
12/8/17,-1.6
12/9/17,-1.6
12/10/17,-1.7
12/11/17,-1.6
12/12/17,-1.5
12/13/17,-1.5
12/14/17,-1.6
12/15/17,-1.5
12/16/17,-1.5
12/17/17,-1.4
12/18/17,-1.5
12/19/17,-0.1
12/20/17,0.6
12/21/17,-1.1
12/22/17,-1.2
12/23/17,-1.2
12/24/17,-1
12/25/17,-1.3
12/26/17,-1.5
12/27/17,-1.5
12/28/17,-1.5
12/29/17,-1.5
12/30/17,-1.5
12/31/17,-1.5
1/1/18,-1.6
1/2/18,-1.3
1/3/18,4.9
1/4/18,-1.4
1/5/18,7
1/6/18,0.1
1/7/18,1.2
1/8/18,34.6
1/9/18,8.8
1/10/18,-0.8
1/11/18,-1.4
1/12/18,-1.1
1/13/18,-0.9
1/14/18,-1.2
1/15/18,-1
1/16/18,-1.1
1/17/18,-1.1
1/18/18,5.1
1/19/18,-1.3
1/20/18,-1.4
1/21/18,-0.7
1/22/18,0.2
1/23/18,-1.4
1/24/18,6.4
1/25/18,0.8
1/26/18,-1.5
1/27/18,-1.7
1/28/18,-1.7
1/29/18,-1.6
1/30/18,-1.9
1/31/18,-2
2/1/18,-2
2/2/18,-2.2
2/3/18,-2.3
2/4/18,-2.3
2/5/18,-2.3
2/6/18,-2.2
2/7/18,-2.4
2/8/18,-2.5
2/9/18,-2.5
2/10/18,-2.3
2/11/18,-2
2/12/18,-1.8
2/13/18,-2.1
2/14/18,-2.3
2/15/18,-2.2
2/16/18,-2.3
2/17/18,-2.6
2/18/18,-2
2/19/18,-1.6
2/20/18,-1.8
2/21/18,-1.9
2/22/18,-1.2
2/23/18,-1.8
2/24/18,-2.1
2/25/18,-2.3
2/26/18,8.7
2/27/18,-1.8
2/28/18,3.9
3/1/18,13.1
3/2/18,5
3/3/18,1.8
3/4/18,-2.1
3/5/18,-2.5
3/6/18,-3
3/7/18,-3.2
3/8/18,-3
3/9/18,-2.7
3/10/18,-2.3
3/11/18,-3.1
3/12/18,-0.6
3/13/18,18.7
3/14/18,1.1
3/15/18,5.3
3/16/18,8.3
3/17/18,-1.9
3/18/18,-2.5
3/19/18,-3.1
3/20/18,6.7
3/21/18,13.1
3/22/18,4
3/23/18,-2.8
3/24/18,0.7
3/25/18,-2.6
3/26/18,-3.2
3/27/18,-3.6
3/28/18,-4
3/29/18,-4.2
3/30/18,-4.3
3/31/18,-4.3
4/1/18,-4.2
4/2/18,-3.9
4/3/18,-4.2
4/4/18,-4.1
4/5/18,3.1
4/6/18,37.5
4/7/18,2.8
4/8/18,-3.4
4/9/18,-4.1
4/10/18,-3.7
4/11/18,-2.1
4/12/18,-3
4/13/18,-3.8
4/14/18,-4.3
4/15/18,-2.8
4/16/18,11.2
4/17/18,-3.4
4/18/18,-3.1
4/19/18,-3.8
4/20/18,-4.6
4/21/18,-4.9
4/22/18,-5.1
4/23/18,-5.3
4/24/18,-5.3
4/25/18,-5.2
4/26/18,-4.9
4/27/18,-4
4/28/18,-3.9
4/29/18,-3.8
4/30/18,-4.3
5/1/18,-4.8
5/2/18,-5
5/3/18,-5
5/4/18,-5.9
5/5/18,-5.7
5/6/18,-5.1
5/7/18,-6
5/8/18,-6.2
5/9/18,-5.5
5/10/18,-5.7
5/11/18,-5.4
5/12/18,-5.6
5/13/18,-5.2
5/14/18,-5.3
5/15/18,-5.2
5/16/18,-3.6
5/17/18,-5.5
5/18/18,-5.7
5/19/18,-5.5
5/20/18,-4.9
5/21/18,-5.6
5/22/18,-5.5
5/23/18,-5.3
5/24/18,-0.1
5/25/18,-0.2
5/26/18,-4.8
5/27/18,-6
5/28/18,-7
5/29/18,-7.5
5/30/18,-5.8
5/31/18,-5
6/1/18,-6.3
6/2/18,-7.4
6/3/18,-8.1
6/4/18,-7.4
6/5/18,-6.6
6/6/18,-5.8
6/7/18,-6.2
6/8/18,-6.8
6/9/18,-5.3
6/10/18,-5.9
6/11/18,-6.9
6/12/18,-7.9
6/13/18,-8.1
6/14/18,-7.4
6/15/18,-7
6/16/18,-6.4
6/17/18,-5.4
6/18/18,-6.6
6/19/18,-7.1
6/20/18,-7.3
6/21/18,-7.4
6/22/18,-8.1
6/23/18,-7.8
6/24/18,-7.8
6/25/18,-6.8
6/26/18,-7.6
6/27/18,-7.2
6/28/18,-6.6
6/29/18,-7.5
6/30/18,-7.7
7/1/18,-7.9
7/2/18,-7
7/3/18,-6.6
7/4/18,-6.2
7/5/18,-6.9
7/6/18,-7.1
7/7/18,-7.7
7/8/18,-7.7
7/9/18,-7.7
7/10/18,-7.7
7/11/18,-7.7
7/12/18,-7.3
7/13/18,-6.9
7/14/18,-7.4
7/15/18,-7.2
7/16/18,-7.7
7/17/18,-7.9
7/18/18,-8.1
7/19/18,-7.7
7/20/18,-7.2
7/21/18,-6.6
7/22/18,-6.9
7/23/18,-7.3
7/24/18,-7.6
7/25/18,-7.8
7/26/18,-7.7
7/27/18,-7.4
7/28/18,-7.3
7/29/18,-6.5
7/30/18,-6.9
7/31/18,-6.9
8/1/18,-7.1
8/2/18,-7.1
8/3/18,-6.6
8/4/18,-7
8/5/18,-6.3
8/6/18,-6.5
8/7/18,-6.5
8/8/18,-6.8
8/9/18,-7.2
8/10/18,-7
8/11/18,-7
8/12/18,-6.9
8/13/18,-6.3
8/14/18,-6.1
8/15/18,-5.9
8/16/18,-6.5
8/17/18,-6.8
8/18/18,-6.9
8/19/18,-6.9
8/20/18,-6.2
8/21/18,-5.3
8/22/18,-5.4
8/23/18,-5.2
8/24/18,-5.2
8/25/18,-5.4
8/26/18,-5.5
8/27/18,-5.1
8/28/18,-4.8
8/29/18,-4.9
8/30/18,-4.6
8/31/18,-5.2
9/1/18,-5.4
9/2/18,-5.6
9/3/18,-5.3
9/4/18,-5.5
9/5/18,-5.5
9/6/18,-5.4
9/7/18,-5.9
9/8/18,-5.6
9/9/18,-5.4
9/10/18,-5.2
9/11/18,-5.2
9/12/18,-4.2
9/13/18,-4
9/14/18,-4.3
9/15/18,-4
9/16/18,-4.2
9/17/18,-4.4
9/18/18,-4.3
9/19/18,-4.6
9/20/18,-4.8
9/21/18,-5.1
9/22/18,-5
9/23/18,-4.9
9/24/18,-4.8
9/25/18,-4.8
9/26/18,-5
9/27/18,-5
9/28/18,-4.2
9/29/18,-3.4
9/30/18,-3.6
10/1/18,-3.7
10/2/18,-2.9
10/3/18,6
10/4/18,-0.2
10/5/18,-3.2
10/6/18,-3.1
10/7/18,-3.4
10/8/18,-3.6
10/9/18,-3.7
10/10/18,-3
10/11/18,-2.9
10/12/18,-3.6
10/13/18,-3.5
10/14/18,-3.3
10/15/18,-3.3
10/16/18,-3.3
10/17/18,-3.4
10/18/18,-3.3
10/19/18,-3.4
10/20/18,-3.5
10/21/18,-3.2
10/22/18,-2.9
10/23/18,-2.5
10/24/18,-2.9
10/25/18,-2.9
10/26/18,-3
10/27/18,-3
10/28/18,-2.7
10/29/18,-2.2
10/30/18,-2.5
10/31/18,-2.5
11/1/18,-2.7
11/2/18,-2.8
11/3/18,-2.6
11/4/18,-2.8
11/5/18,-2.6
11/6/18,-2.4
11/7/18,-2.5
11/8/18,-2.2
11/9/18,-2.2
11/10/18,-1.8
11/11/18,-1.9
11/12/18,-2.1
11/13/18,-1.8
11/14/18,-2
11/15/18,-1.9
11/16/18,-1.9
11/17/18,-1.9
11/18/18,-1.9
11/19/18,-1.8
11/20/18,-1.9
11/21/18,19.1
11/22/18,7.1
11/23/18,17.1
11/24/18,-0.5
11/25/18,-1.6
11/26/18,-1.6
11/27/18,1.6
11/28/18,17.1
11/29/18,25.8
11/30/18,0.1
12/1/18,9.3
12/2/18,-1.2
12/3/18,-1.2
12/4/18,0
12/5/18,-0.4
12/6/18,-1.3
12/7/18,-1.4
12/8/18,-1.2
12/9/18,-0.9
12/10/18,-1
12/11/18,-1.2
12/12/18,-1.3
12/13/18,-1.3
12/14/18,-1.3
12/15/18,-1.4
12/16/18,20.7
12/17/18,2
12/18/18,-1.4
12/19/18,-1.2
12/20/18,-0.6
12/21/18,-1.2
12/22/18,-1
12/23/18,-1
12/24/18,12.2
12/25/18,-1.2
12/26/18,-1.2
12/27/18,-1.3
12/28/18,-1.2
12/29/18,-1.2
12/30/18,-1.2
12/31/18,-1.2
1/1/19,-1.1
1/2/19,-1.2
1/3/19,-1.3
1/4/19,-1.4
1/5/19,6.8
1/6/19,19
1/7/19,-1.2
1/8/19,-0.3
1/9/19,1.9
1/10/19,-1
1/11/19,-1.2
1/12/19,-1.4
1/13/19,-1.3
1/14/19,0.1
1/15/19,9.9
1/16/19,22.4
1/17/19,0.9
1/18/19,-1.3
1/19/19,-1.5
1/20/19,12.4
1/21/19,-1.3
1/22/19,-1.3
1/23/19,-1.5
1/24/19,-1.6
1/25/19,-1.8
1/26/19,-1.7
1/27/19,-1.9
1/28/19,-1.7
1/29/19,-1.8
1/30/19,-1.8
1/31/19,-1.7
2/1/19,11
2/2/19,16.5
2/3/19,11.9
2/4/19,9.7
2/5/19,0.8
2/6/19,-1.4
2/7/19,-1.5
2/8/19,2.4
2/9/19,11.6
2/10/19,0.5
2/11/19,-1.6
2/12/19,3
2/13/19,13
2/14/19,12.9
2/15/19,5.6
2/16/19,2
2/17/19,1.1
2/18/19,-1.7
2/19/19,-1.7
2/20/19,-0.9
2/21/19,-1.8
2/22/19,-1.8
2/23/19,-2
2/24/19,-2
2/25/19,0.6
2/26/19,7.3
2/27/19,-0.2
2/28/19,-1.4
3/1/19,5.2
3/2/19,26.2
3/3/19,2.5
3/4/19,-1.8
3/5/19,2.3
3/6/19,7.3
3/7/19,3.5
3/8/19,-1.7
3/9/19,0
3/10/19,-2.3
3/11/19,-2.8
3/12/19,-2.7
3/13/19,-2.6
3/14/19,-2.9
3/15/19,-3
3/16/19,-3.3
3/17/19,-3.5
3/18/19,-3.9
3/19/19,1.9
3/20/19,1.3
3/21/19,-2.9
3/22/19,10.8
3/23/19,2.2
3/24/19,-3
3/25/19,-2.4
3/26/19,-1.8
3/27/19,1.9
3/28/19,-0.1
3/29/19,-3
3/30/19,-3.5
3/31/19,-3.9
4/1/19,0.4
4/2/19,2.5
4/3/19,-3
4/4/19,-3
4/5/19,-2
4/6/19,-3.6
4/7/19,-4.2
4/8/19,-3.5
4/9/19,-3.3
4/10/19,-3.8
4/11/19,-3.4
4/12/19,-4.1
4/13/19,-4.5
4/14/19,-4.4
4/15/19,0.4
4/16/19,-2
4/17/19,-4.4
4/18/19,-5.2
4/19/19,-5.2
4/20/19,-4.1
4/21/19,-4.6
4/22/19,-5.4
4/23/19,-5.7
4/24/19,-5.8
4/25/19,-6
4/26/19,-5.7
4/27/19,-5.4
4/28/19,-5.2
4/29/19,-4.7
4/30/19,-4.3
5/1/19,-5
5/2/19,-5.4
5/3/19,-5.7
5/4/19,-5.7
5/5/19,-4.8
5/6/19,-4.6
5/7/19,-5
5/8/19,-5.3
5/9/19,-4.9
5/10/19,-5.1
5/11/19,-5.5
5/12/19,-5.7
5/13/19,-5.8
5/14/19,-5
5/15/19,19.9
5/16/19,7.2
5/17/19,-3.6
5/18/19,11.9
5/19/19,10.2
5/20/19,-3.6
5/21/19,3
5/22/19,-4.5
5/23/19,-4.6
5/24/19,-5.1
5/25/19,-4
5/26/19,-0.2
5/27/19,-3.9
5/28/19,-5.2
5/29/19,-5.9
5/30/19,-5.9
5/31/19,-6.3
6/1/19,-6.7
6/2/19,-6.1
6/3/19,-6.6
6/4/19,-6.9
6/5/19,-7.6
6/6/19,-6.3
6/7/19,-5.6
6/8/19,-6.3
6/9/19,-7.3
6/10/19,-7.8
6/11/19,-8.1
6/12/19,-8.1
6/13/19,-7
6/14/19,-6.7
6/15/19,-6.4
6/16/19,-6.8
6/17/19,-7.1
6/18/19,-7.7
6/19/19,-7.2
6/20/19,-6.3
6/21/19,-6.3
6/22/19,-7.2
6/23/19,-7.6
6/24/19,-7.3
6/25/19,-7.3
6/26/19,-6.1
6/27/19,-5.8
6/28/19,-5.9
6/29/19,-6.8
6/30/19,-7
7/1/19,-6.8
7/2/19,-6.7
7/3/19,-6.8
7/4/19,-6.9
7/5/19,-7.4
7/6/19,-7.3
7/7/19,-6.7
7/8/19,-6.4
7/9/19,-6.6
7/10/19,-6.8
7/11/19,-7.2
7/12/19,-7.5
7/13/19,-7.7
7/14/19,-7.4
7/15/19,-7.2
7/16/19,-7
7/17/19,-7.1
7/18/19,-7.1
7/19/19,-6.6
7/20/19,-6.3
7/21/19,-7.1
7/22/19,-7.4
7/23/19,-7.1
7/24/19,-7.5
7/25/19,-7.4
7/26/19,-7.3
7/27/19,-7.8
7/28/19,-7.9
7/29/19,-7.4
7/30/19,-6.8
7/31/19,-6.8
8/1/19,-6.3
8/2/19,-6.7
8/3/19,-6.9
8/4/19,-6.9
8/5/19,-6.4
8/6/19,-6.8
8/7/19,-6.5
8/8/19,-5.8
8/9/19,-5.5
8/10/19,-5.5
8/11/19,-5.9
8/12/19,-6.4
8/13/19,-6.7
8/14/19,-7
8/15/19,-7
8/16/19,-7.1
8/17/19,-6.4
8/18/19,-5.8
8/19/19,-5.6
8/20/19,-5.7
8/21/19,-6.1
8/22/19,-6
8/23/19,-6.2
8/24/19,-6.1
8/25/19,-6.4
8/26/19,-6.4
8/27/19,-6.3
8/28/19,-5.9
8/29/19,-5.4
8/30/19,-5.7
8/31/19,-6.2
9/1/19,-6.1
9/2/19,-6
9/3/19,-5.6
9/4/19,-5.8
9/5/19,-5.6
9/6/19,-5.4
9/7/19,-4.3
9/8/19,-4.5
9/9/19,-4.5
9/10/19,-4.2
9/11/19,-4.7
9/12/19,-5.3
9/13/19,-5.6
9/14/19,-5.8
9/15/19,-4.8
9/16/19,3.5
9/17/19,-4.1
9/18/19,-3.3
9/19/19,-3.7
9/20/19,-4.1
9/21/19,-4.4
9/22/19,-4.6
9/23/19,-4.2
9/24/19,-4.7
9/25/19,-4.9
9/26/19,-4.5
9/27/19,-3.6
9/28/19,-3.2
9/29/19,-3
9/30/19,-3
10/1/19,-3.2
10/2/19,-3.6
10/3/19,-3.7
10/4/19,-3.4
10/5/19,-3.6
10/6/19,-4
10/7/19,-4.1
10/8/19,-4.2
10/9/19,-2.9
10/10/19,-3.2
10/11/19,-3.4
10/12/19,-3.6
10/13/19,-3.4
10/14/19,-3.4
10/15/19,-3.5
10/16/19,-3
10/17/19,-2.6
10/18/19,-2.8
10/19/19,-2.8
10/20/19,-2.8
10/21/19,-3.2
10/22/19,-3.2
10/23/19,-3.1
10/24/19,-3.3
10/25/19,-3.4
10/26/19,-3.2
10/27/19,-2.7
10/28/19,-2.4
10/29/19,-2.4
10/30/19,-2.3
10/31/19,-2.4
11/1/19,-2.5
11/2/19,-2.6
11/3/19,-2.6
11/4/19,-2.6
11/5/19,-2.6
11/6/19,-2.5
11/7/19,-2.6
11/8/19,-2.6
11/9/19,-2.4
11/10/19,-2.3
11/11/19,-2.4
11/12/19,-2.4
11/13/19,-2.2
11/14/19,-1.8
11/15/19,-1.8
11/16/19,-2
11/17/19,-2.1
11/18/19,-2.2
11/19/19,-1.8
11/20/19,-1.7
11/21/19,-1.7
11/22/19,-1.8
11/23/19,-1.8
11/24/19,-1.9
11/25/19,-1.6
11/26/19,10.8
11/27/19,2.3
11/28/19,3.9
11/29/19,-0.3
11/30/19,15.4
12/1/19,40.6
12/2/19,15.4
12/3/19,4.3
12/4/19,10.7
12/5/19,-1.2
12/6/19,3.2
12/7/19,11.7
12/8/19,3.2
12/9/19,-1.2
12/10/19,-0.1
12/11/19,-0.5
12/12/19,-1.3
12/13/19,2.7
12/14/19,-0.4
12/15/19,-1.1
12/16/19,-1.2
12/17/19,-1.1
12/18/19,-0.3
12/19/19,-1.2
12/20/19,-1.3
12/21/19,-1.2
12/22/19,9.7
12/23/19,-0.9
12/24/19,-1.1
12/25/19,-0.9
12/26/19,-1.2
12/27/19,-1.1
12/28/19,-1.2
12/29/19,-0.4
12/30/19,-1.2
12/31/19,-1.3
1/1/20,-1.3
1/2/20,-1.3
1/3/20,-1.3
1/4/20,-1.4
1/5/20,-1.3
1/6/20,-1.2
1/7/20,-1
1/8/20,1
1/9/20,6.4
1/10/20,-0.8
1/11/20,-1.2
1/12/20,-0.9
1/13/20,-0.1
1/14/20,-0.6
1/15/20,-1.2
1/16/20,9.7
1/17/20,-1
1/18/20,-0.9
1/19/20,-0.9
1/20/20,-1
1/21/20,-0.8
1/22/20,-1.4
1/23/20,-1.4
1/24/20,-1.7
1/25/20,1.7
1/26/20,1.1
1/27/20,-1.7
1/28/20,-1.6
1/29/20,-1.7
1/30/20,-1.6
1/31/20,-1.9
2/1/20,-2
2/2/20,-1.5
2/3/20,-1.5
2/4/20,-1.5
2/5/20,-1.7
2/6/20,-1.9
2/7/20,-2.1
2/8/20,-1.9
2/9/20,-2
2/10/20,-2.3
2/11/20,-2.2
2/12/20,-2.2
2/13/20,-2.2
2/14/20,-2.1
2/15/20,-2.3
2/16/20,-2.2
2/17/20,-2.4
2/18/20,-2.4
2/19/20,-2.5
2/20/20,-2.7
2/21/20,-2.6
2/22/20,-2.7
2/23/20,-2.3
2/24/20,-2.7
2/25/20,-2.9
2/26/20,-3.1
2/27/20,-3.2
2/28/20,-3.2
2/29/20,-3.1
3/1/20,-1.8
3/2/20,-3
3/3/20,-3.1
3/4/20,-3.5
3/5/20,-3.3
3/6/20,-2.9
3/7/20,1.1
3/8/20,-2.1
3/9/20,-2.6
3/10/20,-3
3/11/20,-3.2
3/12/20,-3.5
3/13/20,-1.8
3/14/20,11.6
3/15/20,29.7
3/16/20,14.6
3/17/20,-1.7
3/18/20,-2.2
3/19/20,-2.6
3/20/20,-2.9
3/21/20,-2.8
3/22/20,-2.8
3/23/20,-0.1
3/24/20,5.4
3/25/20,-0.6
3/26/20,-2.7
3/27/20,-2.9
3/28/20,-1.3
3/29/20,-3
3/30/20,-3.2
3/31/20,-3.6
4/1/20,-3.3
4/2/20,-3.5
4/3/20,-3.5
4/4/20,4.6
4/5/20,38.3
4/6/20,2.8
4/7/20,-3.4
4/8/20,-3
4/9/20,-1.2
4/10/20,-3.2
4/11/20,-3.6
4/12/20,-3.7
4/13/20,-4
4/14/20,-4.4
4/15/20,-4.8
4/16/20,-4.2
4/17/20,-3.6
4/18/20,-3.2
4/19/20,-3.9
4/20/20,-3.6
4/21/20,-4.4
4/22/20,-5
4/23/20,-4.8
4/24/20,-5.5
4/25/20,-5.6
4/26/20,-5.4
4/27/20,-5.3
4/28/20,-5.7
4/29/20,-4.9
4/30/20,-5.3
5/1/20,-5.4
5/2/20,-4.6
5/3/20,-4.9
5/4/20,-5.7
5/5/20,-5.7
5/6/20,-5.8
5/7/20,-6.2
5/8/20,-6.7
5/9/20,-6.6
5/10/20,-5.6
5/11/20,-5.4
5/12/20,-4.3
5/13/20,-4.7
5/14/20,-4.5
5/15/20,-5
5/16/20,-5.6
5/17/20,2.6
5/18/20,5.3
5/19/20,-3.7
5/20/20,-5.1
5/21/20,-5.8
5/22/20,-5.2
5/23/20,-6
5/24/20,-6.5
5/25/20,-7.1
5/26/20,-7.5
5/27/20,-7.6
5/28/20,-7.8
5/29/20,-6.4
5/30/20,-5
5/31/20,-5
6/1/20,-5.4
6/2/20,-7.2
6/3/20,-7.7
6/4/20,-8.2
6/5/20,-6.5
6/6/20,-5.6
6/7/20,-4.9
6/8/20,-6
6/9/20,-7
6/10/20,-7.1
6/11/20,-7.8
6/12/20,-5.6
6/13/20,-5.2
6/14/20,-6.2
6/15/20,-6.4
6/16/20,-6
6/17/20,-6.4
6/18/20,-7.1
6/19/20,-7.3
6/20/20,-7
6/21/20,-7.2
6/22/20,-7.8
6/23/20,-7.3
6/24/20,-7.4
6/25/20,-7.4
6/26/20,-7.5
6/27/20,-8.1
6/28/20,-6.2
6/29/20,-6.3
6/30/20,-7.3
7/1/20,-7.3
7/2/20,-6.8
7/3/20,-6.9
7/4/20,-7.6
7/5/20,-7.6
7/6/20,-7.2
7/7/20,-6.8
7/8/20,-7.6
7/9/20,-7.7
7/10/20,-7.8
7/11/20,-8.3
7/12/20,-8.2
7/13/20,-7.6
7/14/20,-6.9
7/15/20,-7
7/16/20,-6.8
7/17/20,-7
7/18/20,-7.3
7/19/20,-7
7/20/20,-6.5
7/21/20,-6.3
7/22/20,-6.6
7/23/20,-6.7
7/24/20,-6.7
7/25/20,-7.2
7/26/20,-7.3
7/27/20,-7.2
7/28/20,-7.3
7/29/20,-7.2
7/30/20,-7.1
7/31/20,-7.3
8/1/20,-7.1
8/2/20,-7.2
8/3/20,-7.2
8/4/20,-6.8
8/5/20,-5.9
8/6/20,-5.8
8/7/20,-6.3
8/8/20,-6.7
8/9/20,-7
8/10/20,-6.9
8/11/20,-6.3
8/12/20,-7
8/13/20,-6.6
8/14/20,-7.1
8/15/20,-7.3
8/16/20,-7.7
8/17/20,-7.1
8/18/20,-6.8
8/19/20,-6.5
8/20/20,-5.9
8/21/20,-5.4
8/22/20,-5.9
8/23/20,-6
8/24/20,-5.7
8/25/20,-5.3
8/26/20,-6
8/27/20,-5.8
8/28/20,-6.2
8/29/20,-5.9
8/30/20,-5.5
8/31/20,-5.6
9/1/20,-5.2
9/2/20,-5
9/3/20,-5.6
9/4/20,-5.8
9/5/20,-6.2
9/6/20,-6.6
9/7/20,-6.3
9/8/20,-5.5
9/9/20,-4.7
9/10/20,-4.1
9/11/20,-4.8
9/12/20,-4.7
9/13/20,-4.9
9/14/20,-4.7
9/15/20,-4.7
9/16/20,-4.8
9/17/20,-4.7
9/18/20,-4
9/19/20,-4.3
9/20/20,-4.7
9/21/20,-4.9
9/22/20,-4.6
9/23/20,-4.7
9/24/20,-4.4
9/25/20,-4
9/26/20,-4.3
9/27/20,-4.5
9/28/20,-4.8
9/29/20,-4.9
9/30/20,-4.7
10/1/20,-4.4
10/2/20,-4.4
10/3/20,-4.3
10/4/20,-4.7
10/5/20,-4.4
10/6/20,-4.2
10/7/20,-3.8
10/8/20,-3.1
10/9/20,-2.9
10/10/20,-3.1
10/11/20,-3.3
10/12/20,-3.7
10/13/20,-3.9
10/14/20,-3.8
10/15/20,-3.7
10/16/20,-3.8
10/17/20,-3.9
10/18/20,-3.8
10/19/20,-3.6
10/20/20,-3.5
10/21/20,-3.4
10/22/20,-3
10/23/20,-2.8
10/24/20,-2.7
10/25/20,-2.2
10/26/20,-2.5
10/27/20,-2.5
10/28/20,-2.8
10/29/20,-2.8
10/30/20,-2.8
10/31/20,-2.8
11/1/20,-2.8
11/2/20,-2.9
11/3/20,-2.8
11/4/20,-2.6
11/5/20,-2.7
11/6/20,-1.8
11/7/20,-1.6
11/8/20,-1.6
11/9/20,-1.6
11/10/20,-1.8
11/11/20,-1.6
11/12/20,-1.9
11/13/20,-1.6
11/14/20,-1.6
11/15/20,-2
11/16/20,-2.1
11/17/20,11.3
11/18/20,11.1
11/19/20,-1.6
11/20/20,-1.6
11/21/20,-1.6
11/22/20,-1.7
11/23/20,-1.6
11/24/20,-1.7
11/25/20,-1.6
11/26/20,-1.6
11/27/20,-1.6
11/28/20,-1.6
11/29/20,-1.7
11/30/20,-1.7
12/1/20,-1.6
12/2/20,-1.7
12/3/20,-1.7
12/4/20,-1.7
12/5/20,-1.7
12/6/20,-1.5
12/7/20,-1.9
12/8/20,-1.6
12/9/20,-1.6
12/10/20,-1.6
12/11/20,16.9
12/12/20,6.4
12/13/20,20
12/14/20,-1.1
12/15/20,-1.2
12/16/20,2.2
12/17/20,1.4
12/18/20,-1.2
12/19/20,-1.2
12/20/20,-1.2
12/21/20,-1
12/22/20,-1.1
12/23/20,-0.8
12/24/20,-1.1
12/25/20,0
12/26/20,1.5
12/27/20,0.3
12/28/20,-1.2
12/29/20,-1.3
12/30/20,1.1
12/31/20,-1.3